,tweet_id,tweet_text,class_label,event,source
65,870505674110676992,"We have given food packs to 500 families in flood hit #SriLanka. In addition, fitrana donations were delivered to 300 families. #Ramadan",rescue_volunteering_or_donation_effort,srilanka_floods_2017,srilanka_floods_2017_train
182,877920199508455425,Sri Lanka Hit by Worst Flood in Decades  #news,caution_and_advice,srilanka_floods_2017,srilanka_floods_2017_train
111,870589965834608640,"Early warning, early action save thousands as Cyclone Mora strikes Bangladesh  via @reliefweb #lka #srilanka",caution_and_advice,srilanka_floods_2017,srilanka_floods_2017_train
61,870037040632561664,Transnatnl Govt of #TamilEelam #TGTE express solidarity for those affected by #FloodSL;urges Tamil diaspora support,sympathy_and_support,srilanka_floods_2017,srilanka_floods_2017_train
328,870136795425640448,"Grave #flood situation in #SriLanka is very disturbing. We hope n pray, more and more lives are saved and things improve. #SriLankaFloods",sympathy_and_support,srilanka_floods_2017,srilanka_floods_2017_train
340,870882107509354496,Showing Support for the Flood Victims. #FloodVictims #Floodrelief #Vantage #Srilanka,sympathy_and_support,srilanka_floods_2017,srilanka_floods_2017_train
32,872765972289138688,How much of #FloodSL relief &amp; recovery funding go into @UNSriLankas admin overheads? Isnt it better to donate direct to local charities?,rescue_volunteering_or_donation_effort,srilanka_floods_2017,srilanka_floods_2017_test
33,870111913832833024,Cyclone #Mora : #Indian Naval Ship (INS) Sumitra has rescued 10 #Bangladesh nationals &amp; will dock in Chittagong shortly with relief supplies,rescue_volunteering_or_donation_effort,srilanka_floods_2017,srilanka_floods_2017_train
289,871807985353359360,Flood Relief Campaigns from Sri Lanka Scouts #Medical Clinics+Donation,rescue_volunteering_or_donation_effort,srilanka_floods_2017,srilanka_floods_2017_train
243,878336710077292546,"This amazing fundraiser has raised over £1,000 for our flood relief campaign for families in Sri Lanka #SriLankaFloods",rescue_volunteering_or_donation_effort,srilanka_floods_2017,srilanka_floods_2017_train
92,870395005386584064,"RT @PDChina: Death toll in flood-hit #SriLanka hits 202, hospitals to be evacuated",injured_or_dead_people,srilanka_floods_2017,srilanka_floods_2017_test
128,871401178713784320,US contributes Rs.350 Mn for SL flood relief - Daily Mirror - Sri Lanka Latest Breaking News and Headlines,rescue_volunteering_or_donation_effort,srilanka_floods_2017,srilanka_floods_2017_train
167,879580398396866560,Coca-Cola Partners With Sri Lanka Red Cross For Emergency And Long-Term Flood Relief   #news,rescue_volunteering_or_donation_effort,srilanka_floods_2017,srilanka_floods_2017_train
33,875534436888129536,USS #LakeErie’s crew continues support for disaster relief efforts following heavy flooding and landslides in #SriLanka,rescue_volunteering_or_donation_effort,srilanka_floods_2017,srilanka_floods_2017_dev
162,875972333814505472,@RavikOfficial @USAmbKeshap to visit the #USSLakeErie to express their appreciation for the flood relief work provided by them #SriLanka,rescue_volunteering_or_donation_effort,srilanka_floods_2017,srilanka_floods_2017_train
51,871218302319775744,RT @350: Our thoughts are with the millions facing utter hardship in Sri Lanka after Cyclone Mora &amp; in Bangladesh who now face it’s fury. S,sympathy_and_support,srilanka_floods_2017,srilanka_floods_2017_train
228,871383811564720131,After India &amp; Chinas help topeople affected by flood in Srilanka now U.S is helpful! #lka #Srilanka,rescue_volunteering_or_donation_effort,srilanka_floods_2017,srilanka_floods_2017_train
70,870599076223401984,@patralekha2011 @CGTNOfficial .Current disaster emergency has diminished. Stock taking now. #lka govt must draw &amp; heed lessons. Public trust in systems is low. #FloodSL,caution_and_advice,srilanka_floods_2017,srilanka_floods_2017_test
90,875462598665408512,RT @SurfaceWarriors: #USSLakeErie continue to provide #SriLanka humanitarian aid and assistance in wake of #FloodSL #AroundTheFleet :,sympathy_and_support,srilanka_floods_2017,srilanka_floods_2017_train
307,870241412851408897,"NBRO has extended the landslide early warning if rainfall continues in the next 24 hours. Effective from 1300 hrs, 01.06.2017 #FloodSL",caution_and_advice,srilanka_floods_2017,srilanka_floods_2017_train
20,875029731279855616,".@UNCERF has released $4m to help 120,000 people in #SriLanka affected by #floods &amp; #landslides. Read it here:",rescue_volunteering_or_donation_effort,srilanka_floods_2017,srilanka_floods_2017_dev
240,871640447155937280,WFP provides assistance for Flood and Landslide victims  #srilanka #LK #lka,rescue_volunteering_or_donation_effort,srilanka_floods_2017,srilanka_floods_2017_train
140,874152848350740481,US Navy ship USS Lake Erie arrives in Sri Lanka on flood relief mission -  #GoogleAlerts,rescue_volunteering_or_donation_effort,srilanka_floods_2017,srilanka_floods_2017_train
44,873892784557764608,#US #military ship #USSLakeErie has arrived #SriLanka with 150 military to help #floodSL effected people @PacificCommand @USPacificFleet,rescue_volunteering_or_donation_effort,srilanka_floods_2017,srilanka_floods_2017_test
17,870320695624040450,RT @dmc_lk: For Donations #SLFloods2017 #FloodSL,rescue_volunteering_or_donation_effort,srilanka_floods_2017,srilanka_floods_2017_dev
229,874152648911540224,UAEs Lulu Group donates $100000 for flood relief in Sri Lanka -  #GoogleAlerts,rescue_volunteering_or_donation_effort,srilanka_floods_2017,srilanka_floods_2017_train
19,870198325898878976,Early warning saves lives as Cyclone Mora strikes Bangladesh and Sri Lanka  #news,caution_and_advice,srilanka_floods_2017,srilanka_floods_2017_dev
217,870217230671376384,More than 1 million raised for flood relief so far! from 23 countries @RajanAnandan @anushwij @deshald truly global effort to help #SL,rescue_volunteering_or_donation_effort,srilanka_floods_2017,srilanka_floods_2017_train
24,876132870527623168,"RT @opendoorssa: #Pray for #provision and #comfort for those affected by the recent floods in #SriLanka; some lost everything, including lo",sympathy_and_support,srilanka_floods_2017,srilanka_floods_2017_test
100,869957658752757760,RT @WorldVisionLK: Images captured on our way to distribute relief goods in #Ratnapura #FloodReliefLKA #FloodSL #Flood2017,rescue_volunteering_or_donation_effort,srilanka_floods_2017,srilanka_floods_2017_test
1,873498581344419840,"RT @japan_lanka: During their stay, the Expert Team members visited landslide and flood affected areas in Eheliyagoda,Kalutara and Rathnapu",rescue_volunteering_or_donation_effort,srilanka_floods_2017,srilanka_floods_2017_train
125,874774391716024320,Honduras - Deadly Floods in Choluteca After 190 mm Rain in 24 Hours  via @Flood_List #lka #srilanka,injured_or_dead_people,srilanka_floods_2017,srilanka_floods_2017_train
343,870018981658099712,"RT @NewPakistan2020: I Will be sending food packs and tents to #SriLanka&amp;Bangladeshs floods, 100000s Pakistanis gatherings supplies for",rescue_volunteering_or_donation_effort,srilanka_floods_2017,srilanka_floods_2017_train
266,870589481862258688,"Cyclone Mora: Snapped power lines, poor network in several North-Eastern states  via @scroll_in #lka #srilanka",infrastructure_and_utility_damage,srilanka_floods_2017,srilanka_floods_2017_train
110,870136463723085825,I am not from Srilanka but this is hurtful!! Everyone please pray for all the victims..Your 1 minute prayer can save someones life #FloodSL,sympathy_and_support,srilanka_floods_2017,srilanka_floods_2017_test
330,870500670440325120,RT @NigelHSpence: .@ChildFundAU is supporting ChildFund #SriLanka response to devastating floods. Creating safe places for children displac,rescue_volunteering_or_donation_effort,srilanka_floods_2017,srilanka_floods_2017_train
82,878173887871299585,RT @LiveRiceIndex: The U.N. warns that a severe drought followed by floods has affected #rice production in #SriLanka,caution_and_advice,srilanka_floods_2017,srilanka_floods_2017_train
5,870252659537784833,Flood Donations #workplace # visit #srilanka #president @ District,rescue_volunteering_or_donation_effort,srilanka_floods_2017,srilanka_floods_2017_train
149,871781890004590596,@USArmy engineers and Reserve Officer Training Corps cadets are cleaning and repairing #FloodSL damaged schools in the #Kalutara district.,rescue_volunteering_or_donation_effort,srilanka_floods_2017,srilanka_floods_2017_train
82,870252389672116224,Saddened to learn about the #SriLanka mishap. My thoughts with those who are injured &amp; condolences to families who lost loved ones!,injured_or_dead_people,srilanka_floods_2017,srilanka_floods_2017_test
196,870941166686138370,RT @official__sp: Islandwide water level 03 june 2017 09.30am #slfloods #FloodSL #floods #SriLanka,caution_and_advice,srilanka_floods_2017,srilanka_floods_2017_train
49,870412139915235328,RT @AzzamAmeen: Pictures of Chinese &amp; Pakistani medical teams working in Floof affected areas #FloodSL,rescue_volunteering_or_donation_effort,srilanka_floods_2017,srilanka_floods_2017_dev
132,869979073144999936,We at Ramani Fernando Salons are collecting dry rations for the victims of the recent floods. #OneSriLankaProject #FloodSL,rescue_volunteering_or_donation_effort,srilanka_floods_2017,srilanka_floods_2017_train
85,870503190202007556,"EU provides €300,000 to support aid delivery to flood victims in Sri Lanka: Sri Lanka must have an international aid agency in place",rescue_volunteering_or_donation_effort,srilanka_floods_2017,srilanka_floods_2017_test
93,870163168810737664,Pak believs in Humanity Pak Navy Free Medical Cmp 2day in Sri Lanka providng Health Care 2 victims of FLOOD @MoeedNj @Asad_Umar @ShkhRasheed,rescue_volunteering_or_donation_effort,srilanka_floods_2017,srilanka_floods_2017_test
371,869952624593915904,RT @Vidiyallk: Rescue &amp; Relief Activities by #Pakistan Navy Teams in #SriLanka #lka #floodSL #FloodRelief,rescue_volunteering_or_donation_effort,srilanka_floods_2017,srilanka_floods_2017_train
375,870097513096794112,RT @AlokSharma_RDG: Shocked &amp; saddened by the dreadful flooding in #SriLanka. My thoughts are with the Sri Lankan people and those affected,sympathy_and_support,srilanka_floods_2017,srilanka_floods_2017_train
145,872097456472948736,US contributes Rs350 mln for Sri Lanka flood relief,rescue_volunteering_or_donation_effort,srilanka_floods_2017,srilanka_floods_2017_train
353,871010379979255808,#US Ambassador @USAmbKeshap met President @MaithripalaS &amp; pledged Rs.350 million assistance to people affected by #floodSL &amp; landslides,rescue_volunteering_or_donation_effort,srilanka_floods_2017,srilanka_floods_2017_train
6,875377891630034944,RT @ColomboPageNews: ADB approves $2 mn grant for flood and landslide relief in #SriLanka @ADB_HQ,rescue_volunteering_or_donation_effort,srilanka_floods_2017,srilanka_floods_2017_test
79,870395098927964160,RT @IsraelandStufff: #Israel Sends Team to Flood-Stricken Sri Lanka With Emergency Aid Israel’s Ambassador to #SriLanka delivered,rescue_volunteering_or_donation_effort,srilanka_floods_2017,srilanka_floods_2017_test
68,870093040429522948,RT @adaderana: Govts. flood relief efforts have been disappointing - Mahinda Read more:  #lka #srilanka .,rescue_volunteering_or_donation_effort,srilanka_floods_2017,srilanka_floods_2017_test
97,870458027064741888,RT @EmetNews: #Israel Rushes Aid to #SriLanka as Floods Displace Tens of Thousands:,rescue_volunteering_or_donation_effort,srilanka_floods_2017,srilanka_floods_2017_test
192,872123507961942017,"RT @Dailymirror_SL: ‘Changumi’ donates US $ 50,000 for flood relief efforts in #SriLanka",rescue_volunteering_or_donation_effort,srilanka_floods_2017,srilanka_floods_2017_train
41,871669889920102400,#EU #humanitarian partners are distributing #emergency relief items &amp; assessing further needs after #SriLanka #floods #FloodSL,rescue_volunteering_or_donation_effort,srilanka_floods_2017,srilanka_floods_2017_test
50,871333149816438785,.@ArmyROTC cadets &amp; @PacificCommand Augmentation Team disaster relief experts assist w/#FloodSL clean-up &amp; repairs at schools in Kalutara,rescue_volunteering_or_donation_effort,srilanka_floods_2017,srilanka_floods_2017_test
66,870325729241726976,RT @democracynow: Sri Lanka: Death Toll from Flooding Tops 200  #FloodSL,injured_or_dead_people,srilanka_floods_2017,srilanka_floods_2017_test
254,871653148196315136,Floods bring with them the potential of illnesses spreading - but precautions can be taken #FloodSL,caution_and_advice,srilanka_floods_2017,srilanka_floods_2017_train
27,870245570039996416,RT @BreakDengue: At least 177 people have died in #SriLanka floods — and the survivors are at risk of #dengue fever,injured_or_dead_people,srilanka_floods_2017,srilanka_floods_2017_train
23,871007108162093056,"RT @priyatharshan1: Death toll due to adverse weather increased to 224; 78 missing &amp; 698,289 affected: #DMC #lka #FloodSL",injured_or_dead_people,srilanka_floods_2017,srilanka_floods_2017_test
293,870212834210312192,"Israel, Jewish group provide emergency aid to flood-stricken Sri Lanka: Hundreds killed, thousands displaced  JPost",rescue_volunteering_or_donation_effort,srilanka_floods_2017,srilanka_floods_2017_train
136,873969565322969089,"RT @EllieWorldwide: If you want to help Sri Lanka #flood #disaster, please support @TeamRubiconUK - volunteers flying in now. Donate at htt",rescue_volunteering_or_donation_effort,srilanka_floods_2017,srilanka_floods_2017_train
46,870224110848102400,Donate now to help families recover:  #SriLanka #FloodSL #recovery,rescue_volunteering_or_donation_effort,srilanka_floods_2017,srilanka_floods_2017_train
42,870447164660600833,"#PrayForSriLanka ἟1἟0! 91 Deaths, 110 missing, 300 houses damaged &amp; 20,000 families affected due to Landslides &amp; #FloodSL #SriLanka #LKA",sympathy_and_support,srilanka_floods_2017,srilanka_floods_2017_test
13,873397891196440582,Bravo #Israel for being among the first countries to help #SriLanka as it recovers from devastating floods that occurred over the weekend,rescue_volunteering_or_donation_effort,srilanka_floods_2017,srilanka_floods_2017_train
17,871042730356465664,RT @colombogazette: US provides Rs. 350 million for flood relief  via @colombogazette @USAmbKeshap #srilanka #lka #us,rescue_volunteering_or_donation_effort,srilanka_floods_2017,srilanka_floods_2017_test
51,870225986448764928,RT @MitKat_Advisory: #SriLanka: #Navy continues with rescue and relief efforts in #flood affected areas; Southern Expressway opens for moto,rescue_volunteering_or_donation_effort,srilanka_floods_2017,srilanka_floods_2017_test
165,869994061343580160,Worrying start of #Asia #monsoon - #floods in #Srilanka and first #cyclone threatening #Myanmar and #Bangladesh,caution_and_advice,srilanka_floods_2017,srilanka_floods_2017_train
15,870237860821164032,Visiting Chinese navy fleet donates relief materials to flood-stricken Sri Lanka Photos: 81.cn,rescue_volunteering_or_donation_effort,srilanka_floods_2017,srilanka_floods_2017_test
11,870515836947120129,RT @angloyankophile: So sad to hear about the flood in #SriLanka - a country that is close to my heart and one that we love to visit.,sympathy_and_support,srilanka_floods_2017,srilanka_floods_2017_train
10,870672480347840512,Flood relief from North to South ὠAὄD #FloodSL #FloodReliefLKA,rescue_volunteering_or_donation_effort,srilanka_floods_2017,srilanka_floods_2017_dev
263,871744220104728576,".@UNSriLanka on #SriLanka #floods #landslides: increase in no. of damaged houses, 22,000 ppl still in safe sites",infrastructure_and_utility_damage,srilanka_floods_2017,srilanka_floods_2017_train
333,871032731697860608,"Dry rations packs for Flood victims from friends in France. #DHSL @ Matara,Sri Lanka මාතර.",rescue_volunteering_or_donation_effort,srilanka_floods_2017,srilanka_floods_2017_train
99,873525428136415232,Rs.8 bn &amp;more needed to repair damage caused by floods &amp;landslides in #SriLanka Disaster Management Minister #Priyadharashna in Parliament.,infrastructure_and_utility_damage,srilanka_floods_2017,srilanka_floods_2017_train
11,873586632011788288,"#Srilanka Flood/Landslides 122 dead 97 missing according to Disaster Management Center as of 9 pm today, 1800 houses damaged #FloodSL #lka",injured_or_dead_people,srilanka_floods_2017,srilanka_floods_2017_test
80,871356875471826944,"@dmc_lk, local officials, @USArmy @usafrotc &amp; @USPacificFleet Command Augmentation Team experts assist to clean #FloodSL @USAmbKeshap",rescue_volunteering_or_donation_effort,srilanka_floods_2017,srilanka_floods_2017_test
201,870040060888010752,RT @thamasha1996: My thoughts and prayers are with everyone back home in Sri Lanka affected by the #FloodSL. Stay safe!,sympathy_and_support,srilanka_floods_2017,srilanka_floods_2017_train
30,870848136155025408,.@UNDP together with other @UNSriLanka agencies are supporting the ongoing relief efforts in response to those affected by #floodSL,sympathy_and_support,srilanka_floods_2017,srilanka_floods_2017_dev
20,870359598640660480,"In #Gampaha our volunteers conducted a #firstaid camp for flood affected in Dompe &amp; Biyagama, supported by @CocaColaLK. #LKA #FloodSL",rescue_volunteering_or_donation_effort,srilanka_floods_2017,srilanka_floods_2017_train
21,873692777292419072,RT @ItsYakin: MPs in the JO have decided to contribute their June salary to assist post #FloodSL relief activities except few due to bank l,rescue_volunteering_or_donation_effort,srilanka_floods_2017,srilanka_floods_2017_train
37,870156452475813888,RT @UVAGpd: Praying for our Sri Lankan friends. #srilanka @Center4Politics @YLIYouthLeaders @megheubeck,sympathy_and_support,srilanka_floods_2017,srilanka_floods_2017_dev
112,873160845425086464,President Maithripala Sirisena made an inspection tour in areas affected by #FloodSL &amp; Landslides in Bulathsinhala #LKA #SriLanka,rescue_volunteering_or_donation_effort,srilanka_floods_2017,srilanka_floods_2017_train
22,875525110421172224,RT @lankawire: UN appeals for more resources for flood-hit Sri Lanka,rescue_volunteering_or_donation_effort,srilanka_floods_2017,srilanka_floods_2017_train
74,870058431566290944,RT @yamulk:  A working list of places to volunteer for Flood Relief 2017. #FloodSL #FloodReliefLKA Send us info and,rescue_volunteering_or_donation_effort,srilanka_floods_2017,srilanka_floods_2017_test
2,873648602345861120,"Sri Lanka public helping flood victims, One of the best civilian relief efforts in the world, Take my lunch",rescue_volunteering_or_donation_effort,srilanka_floods_2017,srilanka_floods_2017_train
62,870533145472507904,"RT @Newscloudlk: Government of Maldives donated A cheque of US $ 25,000.00 to Sri Lanka #FloodReliefLKA #floodSL #lka @maldives",rescue_volunteering_or_donation_effort,srilanka_floods_2017,srilanka_floods_2017_test
44,873000716494942208,Heres how #UNICEF is responding to the floods affecting 1000s of families in #SriLanka. Well continue to monitor and respond. #FloodSL,rescue_volunteering_or_donation_effort,srilanka_floods_2017,srilanka_floods_2017_dev
159,870524744184905731,"#FloodSL: As per DMC stats this morning, the death toll from recent disasters stands at 206, while 92 people are still missing",injured_or_dead_people,srilanka_floods_2017,srilanka_floods_2017_train
325,870140092597325825,.@Google helps #SriLanka Donate to the Center for Disaster Philanthropy to support #FloodSL. The nonprofit will receive 100% of all proceeds,rescue_volunteering_or_donation_effort,srilanka_floods_2017,srilanka_floods_2017_train
359,872444513008201728,RT @Joan_ned: Glad to announce Netherlands Red Cross will contribute €200.000 to IFRC appeal to support victims #FloodSL @SLRedCross @Fede,rescue_volunteering_or_donation_effort,srilanka_floods_2017,srilanka_floods_2017_train
378,871616366096396288,Representatives from the Colombo Port City Company assisting Sri Lanka flood victims. Read More:,rescue_volunteering_or_donation_effort,srilanka_floods_2017,srilanka_floods_2017_train
279,879534428611117056,"In 2011, our disaster relief team helped 700 calves affected by #flooding in #SriLanka You can help again:",rescue_volunteering_or_donation_effort,srilanka_floods_2017,srilanka_floods_2017_train
155,870258792675647488,"Raft capsizes in flood-hit Sri Lanka, kills three  #news",injured_or_dead_people,srilanka_floods_2017,srilanka_floods_2017_train
60,870882851230818304,Government allocates Rs. 166 million so far for flood victims  #srilanka #LK #lka,rescue_volunteering_or_donation_effort,srilanka_floods_2017,srilanka_floods_2017_train
197,871020935402340353,"RT @CeylonMessenger: Death toll from floods, landslides rises to 211 #lka #FloodSL #Flood2017SL #2017",injured_or_dead_people,srilanka_floods_2017,srilanka_floods_2017_train
248,871670646127853568,"On June 3, a #Chinese cargo plane carrying emergency humanitarian relief arrives in #SriLanka hit by floods and landslides earlier this week",rescue_volunteering_or_donation_effort,srilanka_floods_2017,srilanka_floods_2017_train
144,877879836408111104,RT @TimSuttonUNICEF: Good to see supplies from #chinaaid reaching the most badly affected areas from #FloodSL,rescue_volunteering_or_donation_effort,srilanka_floods_2017,srilanka_floods_2017_train
194,878855642890596352,Sri Lanka : Flood and Landslide Emergency Response  #news,caution_and_advice,srilanka_floods_2017,srilanka_floods_2017_train
230,873381573017694209,Norway Foreign Minister @borgebrende announces Norway to donate LK 180 million towards relief efforts in #lka,rescue_volunteering_or_donation_effort,srilanka_floods_2017,srilanka_floods_2017_train
203,870669703856902144,DEWN (Disaster Emergency Warning Network) GET ALERTS ON DISASTERS TO YOUR SMARTPHONE #SLFLoods2017 #FloodSL #lka #dmclk #FloodReliefSL,caution_and_advice,srilanka_floods_2017,srilanka_floods_2017_train
292,871666028228554752,Caution! Crocodiles spotted in the #FloodSL affected areas. Cartoon by @awanthaartigala #lka #SriLanka #SriLankaFloods #FloodReliefLKA,caution_and_advice,srilanka_floods_2017,srilanka_floods_2017_train
185,877757851657093120,Sri Lanka FM Ravi Karunanayake recivg INS Kirich &amp; crew @ Colombo port which rchd prmptly 2day 4 flood rescue &amp;relief followng PM directive,rescue_volunteering_or_donation_effort,srilanka_floods_2017,srilanka_floods_2017_train
268,877124359478927360,Donation from #Bangladesh to assist the recent #floodSL victims handed over to President @MaithripalaS by @bdhcsl,rescue_volunteering_or_donation_effort,srilanka_floods_2017,srilanka_floods_2017_train
24,871361624904409089,This #FloodSL aid adds to the approx LKR19 billion from @theOFDA &amp; the American people to #SriLanka since 2001. Read,rescue_volunteering_or_donation_effort,srilanka_floods_2017,srilanka_floods_2017_train
10,870267486062735360,"RT @gopiharan: Water level situation in major rivers around the island as of 1530 hrs, 01.06.2017. Mostly normal/falling. #FloodSL /",caution_and_advice,srilanka_floods_2017,srilanka_floods_2017_test
91,872943584424677378,RT @Iyoshan: respect you Skipper @Angelo69Mathews you dedicated this win for the flood victims #SLvsIND #iccchampionstrophy2017 #FloodSL,rescue_volunteering_or_donation_effort,srilanka_floods_2017,srilanka_floods_2017_train
67,870193083316490240,"RT @maritall: Norway provide NOK 10 million (USD 1,2 million) in flood and landslide relief to Sri Lanka #SLfloods #SriLankaFloods /",rescue_volunteering_or_donation_effort,srilanka_floods_2017,srilanka_floods_2017_test
118,870545587204218880,EU provides 300000 euros to flood-hit Sri Lanka  #news,rescue_volunteering_or_donation_effort,srilanka_floods_2017,srilanka_floods_2017_train
365,870244098338377728,RT @Panhinda: A new website collecting information on #relief requirements and providers. #lka #srilanka #SLFloods2017 #FloodSL,rescue_volunteering_or_donation_effort,srilanka_floods_2017,srilanka_floods_2017_train
210,871262274819809281,Sri Lanka appreciates Chinas assistance for flood relief  #srilanka #news #lka,rescue_volunteering_or_donation_effort,srilanka_floods_2017,srilanka_floods_2017_train
150,870256276869181440,"RT @Roarlk: #FloodSL: As per DMC numbers at noon today, 203 people have died, while 63 are injured and 96 remain missing after recent disas",injured_or_dead_people,srilanka_floods_2017,srilanka_floods_2017_train
377,870680149812944897,"The #SlGovernment has released Rs. 166,541,000.00 (166 M) for flood relief as of today 2Jun2017 @dmc_lk #SLFloods2017 #FloodSL #dmclk #lka",rescue_volunteering_or_donation_effort,srilanka_floods_2017,srilanka_floods_2017_train
312,872379270810742785,The reception at the Disaster Management Ministry still has piles of relief supplies/donations for #FloodSL #lka #SriLanka,rescue_volunteering_or_donation_effort,srilanka_floods_2017,srilanka_floods_2017_train
85,870907897026367489,@CopernicusEU supports #emergency management and #humanitarian aid not only through @CopernicusEMS but also through #sentinel #OpenData,rescue_volunteering_or_donation_effort,srilanka_floods_2017,srilanka_floods_2017_train
388,872340003032104960,Flood donations granted under North-South Brotherhood  #SriLanka #LK #lka,rescue_volunteering_or_donation_effort,srilanka_floods_2017,srilanka_floods_2017_train
331,873946068563755012,RT @USEmbSL: Welcome #USSLakeErie to #SriLanka for #FloodSL humanitarian assistance. @PacificCommand @USPacificFleet,rescue_volunteering_or_donation_effort,srilanka_floods_2017,srilanka_floods_2017_train
385,870833926574616577,"IndianNavy n SL Navy joint medical camp n flood relief operations @ Nagoda Hospital, Kalutara @SushmaSwaraj @indiannavy @ANI_news #FloodSL",rescue_volunteering_or_donation_effort,srilanka_floods_2017,srilanka_floods_2017_train
384,870471509059317760,"7 Ships belonging to India, Pakistan &amp; China has arrived in Colombo Port with relief teams &amp; materials #FloodSL #LKA #SriLanka",rescue_volunteering_or_donation_effort,srilanka_floods_2017,srilanka_floods_2017_train
334,872714386133090304,RT @iomkingston:  - IOM to Assist Sri Lanka Flood and Landslide Victims in Worst Affected Areas,rescue_volunteering_or_donation_effort,srilanka_floods_2017,srilanka_floods_2017_train
71,871943485468946432,Mission Flood Relief A couple of days ago Sri Lanka was glowing in the after-light of joyous Wesak celebrations.,rescue_volunteering_or_donation_effort,srilanka_floods_2017,srilanka_floods_2017_train
103,870200332349054976,Half a million affected in #lka floods. Devlpmnt. arm of NCEASL now collecting relief. Visit  for more info. #floodsl,rescue_volunteering_or_donation_effort,srilanka_floods_2017,srilanka_floods_2017_test
69,869986127561838592,"RT @TimesArunachal: Over 200 Killed In Sri Lankas Worst Flood Since 2003 COLOMBO, May 31 (PTI): At least 202 have died in Sri Lankas floo",injured_or_dead_people,srilanka_floods_2017,srilanka_floods_2017_train
158,870581484662476800,"#FashionBug, once one of their outlets was burnt by racist groups, has donated clothes to #FloodSL affected people. #FloodReliefLKA #lka",rescue_volunteering_or_donation_effort,srilanka_floods_2017,srilanka_floods_2017_train
43,870495850681712641,Pakistan navy ship zulfiquar entered sri lanka ἟1἟0 for humanitarian mission during the recent flood #reliefmissions #pakistannavy ἟5἟0,rescue_volunteering_or_donation_effort,srilanka_floods_2017,srilanka_floods_2017_test
66,875746672504078336,"RT @Madrid_exterior: SL FM #RaviKarunanayake, Adm. Wijeygunaratne &amp; I warmly thanked Captain &amp; crew of USS Lake Erie for #FloodSL relief wo",rescue_volunteering_or_donation_effort,srilanka_floods_2017,srilanka_floods_2017_train
99,871577238403264512,US contributes Rs350mln for Sri Lanka flood relief #SriLanka #lka #lbo -,rescue_volunteering_or_donation_effort,srilanka_floods_2017,srilanka_floods_2017_test
8,874484760739012609,RT @dmc_lk: Situation at 1600hours #29thMay2017 #SLFloods2017 #FloodSL #ContactUs on 117 on how to help or to donate,rescue_volunteering_or_donation_effort,srilanka_floods_2017,srilanka_floods_2017_test
321,879999917191700480,"USD 100,000 grant from UAE for Sri Lankan flood victims &gt;&gt;&gt;  #SriLanka #UAE #Floods #Landslides #Victims",rescue_volunteering_or_donation_effort,srilanka_floods_2017,srilanka_floods_2017_train
45,873530314370326528,Medical camp at Mathugama today.  #FloodSL @ippfsar #srhr #volunteers,rescue_volunteering_or_donation_effort,srilanka_floods_2017,srilanka_floods_2017_test
309,872157204023062528,"Our vet response teams are working in flood-stricken areas of SW Sri Lanka, saving the lives of thousands of animals",rescue_volunteering_or_donation_effort,srilanka_floods_2017,srilanka_floods_2017_train
29,873383772124831744,Situation at 0900hours #10thJune2017 #SLFloods2017 #FloodSL #ContactUs on 117 on how to help or to donate #SriLanka #dmc_lk #MeteoLK,rescue_volunteering_or_donation_effort,srilanka_floods_2017,srilanka_floods_2017_train
302,869967624435900417,"At least 200 people have been killed and 600,000 displaced in Sri Lankas flash flood disaster",injured_or_dead_people,srilanka_floods_2017,srilanka_floods_2017_train
131,869970243241881600,RT @ICGZC: #FloodSL 200+ deaths reported due to floods and landslides in Sri Lanka #lka #HelpSriLanka,injured_or_dead_people,srilanka_floods_2017,srilanka_floods_2017_train
33,877125273065410560,Cash donation by Bangladesh for flood relief handed over to President  #SriLanka #LK #lka,rescue_volunteering_or_donation_effort,srilanka_floods_2017,srilanka_floods_2017_test
127,872540655733624839,RT @ItsYakin: #Norway will contribute US$ 1.2 million to the humanitarian relief effort due to #FloodSL and landslides in Sri Lanka,rescue_volunteering_or_donation_effort,srilanka_floods_2017,srilanka_floods_2017_train
109,870559191844491264,Hiru TV crew have been approached to the Nilawala interchange in Southern expressway for relive donations #floodSL,rescue_volunteering_or_donation_effort,srilanka_floods_2017,srilanka_floods_2017_train
173,870166809001033728,Death toll from Sri Lankas floods rises to 164; China offers humanitarian aid worth about $2.2 mln for flood relief,injured_or_dead_people,srilanka_floods_2017,srilanka_floods_2017_train
29,871479652027555840,Pak Navy continues Humanitarian Assistance and Disaster Relief (HADR) Operations in Flood Stricken Sri Lanka through PNS ZULFIQUAR,rescue_volunteering_or_donation_effort,srilanka_floods_2017,srilanka_floods_2017_dev
36,870160022482845696,RT @munza14: Urgent: Voice Foundation urgently need sugar for #FloodSL victims. Call Akash 0772512374 to contribute. #LKA #SriLanka #Flood,rescue_volunteering_or_donation_effort,srilanka_floods_2017,srilanka_floods_2017_train
296,870206805816639489,Please Support to us for #FloodSL #relief @AusHCSriLanka @GermanyinSL @joern_rohde @medreliefuk @Aus_Int_Aid @RedCrescentTR @krcs_org_kw,rescue_volunteering_or_donation_effort,srilanka_floods_2017,srilanka_floods_2017_train
63,871417877441556481,Well cleaning activity began today by our volunteers of #Rathnapura branch today. Over 20 wells already cleaned in Elapatha #LKA #FloodSL,rescue_volunteering_or_donation_effort,srilanka_floods_2017,srilanka_floods_2017_train
5,870420529022423041,"While Trump denies climate change: 200 die, 80,000 evacuees from Sri Lanka floods 9 killed, 300,000 evacuees from Mora cyclone #paris",injured_or_dead_people,srilanka_floods_2017,srilanka_floods_2017_test
46,870594268888416256,"RT @ShahadRismy: Fashion Bug Donated clothes to more than 10,000 people who were affected during the recent floods in Ratnapura &amp; Matara. #",rescue_volunteering_or_donation_effort,srilanka_floods_2017,srilanka_floods_2017_dev
329,871227702845591553,RT @ItsYakin: The Road &amp; Development Authority (RDA) estimates that over Rs 6 billion would be required to rebuild damaged road networks #F,infrastructure_and_utility_damage,srilanka_floods_2017,srilanka_floods_2017_train
5,871467395172487173,US to provide Rs350mn flood relief to Sri Lanka  #news,rescue_volunteering_or_donation_effort,srilanka_floods_2017,srilanka_floods_2017_dev
35,870535125099884544,"RT @TheWatchers_: 202 killed, 94 still missing after worst monsoon rains since 2003 hit Sri Lanka  #monsoon #flood #",injured_or_dead_people,srilanka_floods_2017,srilanka_floods_2017_test
8,871346537930133504,Quick question - how can civil society (or ordinary folk like myself) follow up on GOSLs mechanism of foreign aid distribution? #lka,rescue_volunteering_or_donation_effort,srilanka_floods_2017,srilanka_floods_2017_train
2,872058574146596865,RT @Ali_answers: #PakistanNavy providing relief goods to the #flood hit areas of #colombo during a #rescue operation #srilanka ἟5἟0἟1἟0,rescue_volunteering_or_donation_effort,srilanka_floods_2017,srilanka_floods_2017_test
0,870476406009942016,RT @ChandruLk: China announces emergency humanitarian disaster relief goods worth about USD 2.2 million to SriLanka flood victims #SriLanka,rescue_volunteering_or_donation_effort,srilanka_floods_2017,srilanka_floods_2017_test
29,872045221365854208,"With the worst floods hitting Colombo, Robins flung into action to distribute meals to the families affected. Great efforts RHA #SriLanka :)",rescue_volunteering_or_donation_effort,srilanka_floods_2017,srilanka_floods_2017_test
387,871980551472693248,"South Korean Actress Lee Young-ae, ‘Changumi’ in Sujatha Diyani has donated US $ 50,000 to #FloodSL Relief efforts #SriLanka -DM #LKA",rescue_volunteering_or_donation_effort,srilanka_floods_2017,srilanka_floods_2017_train
40,870878734957633537,RT @RakeshRBag: My prayers with people of #SriLanka in this hour of grief. Pray to god to provide strength to families who have lost near o,sympathy_and_support,srilanka_floods_2017,srilanka_floods_2017_test
36,870252738852139009,"WHO provides generators to restore power supply in hospitals inundated by floods in Sri Lanka἟1἟0, enabling health care to continue #FloodSL",rescue_volunteering_or_donation_effort,srilanka_floods_2017,srilanka_floods_2017_dev
11,871873501690507264,"RT @tuktuklex: Today we donated $75 (11433 LKR) to @sarvodayalanka, thanks in part to your purchases and donations from Friday night! #Floo",rescue_volunteering_or_donation_effort,srilanka_floods_2017,srilanka_floods_2017_dev
64,870223478045192192,Well cleaning by our volunteers is currently underway in Suduwella GN Division in Hanwella. 68 wells cleaned so far. #LKA #FloodSL,rescue_volunteering_or_donation_effort,srilanka_floods_2017,srilanka_floods_2017_train
360,874756809915064320,"Work continues for our team in #SriLanka, working alongside communities affected by recent flooding. Support them:",rescue_volunteering_or_donation_effort,srilanka_floods_2017,srilanka_floods_2017_train
73,869967987444375553,May God bless our motherland. #FloodSL Ὁ4 heal the world.,sympathy_and_support,srilanka_floods_2017,srilanka_floods_2017_train
83,871133957106139136,USTPAC Commends #Tamils in the #North_East donating relief supply to the #FloodSL victims in Southern #SriLanka. #Humanity knows no borders.,rescue_volunteering_or_donation_effort,srilanka_floods_2017,srilanka_floods_2017_test
31,870257617582657537,"RT @Rangaslk: #Mora enters #Bangladesh, heatwave continues in #Pakistan. Floods in #SriLanka prevails with death toll passing 200. @CANSout",injured_or_dead_people,srilanka_floods_2017,srilanka_floods_2017_dev
22,873442855976669184,RT @garikaalan: @avirvisva Locals can donate goods at railway stations as it would stop in certain stations for collection along the way to,rescue_volunteering_or_donation_effort,srilanka_floods_2017,srilanka_floods_2017_test
313,869980336968617991,"RT @britishasiantst: Concern mounts for those displaced by #srilanka floods-Thoughts with all affected, partners &amp; emergency responders htt",sympathy_and_support,srilanka_floods_2017,srilanka_floods_2017_train
265,870530990590111744,"RT @SriLankaMirror: #EU allocates €300,000 as flood relief #lka #SriLanka @EU_in_Sri_Lanka",rescue_volunteering_or_donation_effort,srilanka_floods_2017,srilanka_floods_2017_train
114,875181223647350789,RT @ItsYakin: The staff members of SriLankan Airlines &amp; Catering once again donated relief goods for the #FloodSL affected districts #lka,rescue_volunteering_or_donation_effort,srilanka_floods_2017,srilanka_floods_2017_train
95,874018905538392064,"RT @gulf_news: Dh367,000 donated to #SriLanka flood relief",rescue_volunteering_or_donation_effort,srilanka_floods_2017,srilanka_floods_2017_train
370,870367444400996352,Ὢ8EMERGENCY APPEAL Ὢ8 We are raising money for the schools affected by the floods in #SriLanka! For more info:,rescue_volunteering_or_donation_effort,srilanka_floods_2017,srilanka_floods_2017_train
27,871027724428623872,US pledges Rs 350 million flood aid to Sri Lanka  #srilanka #news #lka,rescue_volunteering_or_donation_effort,srilanka_floods_2017,srilanka_floods_2017_test
68,871941959799246849,"RT @vishiru: Do you know by 05th June, 717K+ People in 184K+ familes have been affected, 212 reported dead, 79 missing due to #FloodSL #Fl",injured_or_dead_people,srilanka_floods_2017,srilanka_floods_2017_train
38,870714879539384320,RT @SRIshanu: #Kudos to CIB Shopping Center (Maharagama) who has given 20% discount for items bought for #FloodReliefLKA donations. #FloodSL,rescue_volunteering_or_donation_effort,srilanka_floods_2017,srilanka_floods_2017_test
156,874467646384852993,"RT @ItsYakin: Lulu Group in #UAE donated US$ 100,000 for #FloodSL relief operations. The company is planning to enter our #retail market in",rescue_volunteering_or_donation_effort,srilanka_floods_2017,srilanka_floods_2017_train
175,873664210928009217,"RT @LaibaDOTpk: Floods, landslides kill at least 91 in Sri Lanka #calamity #Latest #monsoon #srilanka #World",injured_or_dead_people,srilanka_floods_2017,srilanka_floods_2017_train
133,871985500671836160,From #NPC sittings today;councilors paid two minute silence for those who were killed in Southern floods &amp; prayed speedy recovery #FloodSL,sympathy_and_support,srilanka_floods_2017,srilanka_floods_2017_train
13,870760050469609474,Emergency team on way to #SriLanka to help survivors after devastating #floods #mudslides REUTERS/Dinuka Liyanawatte,rescue_volunteering_or_donation_effort,srilanka_floods_2017,srilanka_floods_2017_test
95,871652447671943168,@RajapaksaNamal Govt is accountable for the donations theyve been receiving &amp; to utilize to rebuild peoples lives affected by #FloodSL #lka,rescue_volunteering_or_donation_effort,srilanka_floods_2017,srilanka_floods_2017_test
52,871709803881607168,"Cyclone Mora then smashed into Bangladesh &amp; Myanmar, where it destroyed camps housing Rohingya refugees and IDPs",infrastructure_and_utility_damage,srilanka_floods_2017,srilanka_floods_2017_dev
4,870868784801878016,RT @MovieDrama_BUFF: I didnt know #SriLanka had a huge damage because of heavy flood. I hope the situation will get well soon. #FloodSL,sympathy_and_support,srilanka_floods_2017,srilanka_floods_2017_dev
90,871028173642752000,Fundraising for Sri Lanka Flood Victims  via @gofundme,rescue_volunteering_or_donation_effort,srilanka_floods_2017,srilanka_floods_2017_test
303,871525236965085185,American People Contribute LKR 350 Million for Sri Lanka Flood Relief  #news,rescue_volunteering_or_donation_effort,srilanka_floods_2017,srilanka_floods_2017_train
202,874746280777535490,#USSLakeErie arrived in #SriLanka June 11 to render humanitarian aid and assistance in wake of #FloodSL .@USPacificFleet #AroundTheFleet,rescue_volunteering_or_donation_effort,srilanka_floods_2017,srilanka_floods_2017_train
163,872704325704962048,Norway contributes Rs. 180 million to flood and landslide relief in Sri Lanka -  #GoogleAlerts,rescue_volunteering_or_donation_effort,srilanka_floods_2017,srilanka_floods_2017_train
381,869970481465536512,Government opens bank accounts to facilitate cash donations to help flood disaster victims - Finance Ministry #Flood2017 #FloodSL,rescue_volunteering_or_donation_effort,srilanka_floods_2017,srilanka_floods_2017_train
181,871209210582904832,RT @TNAMediaTribune: @TNAmediaoffice ITAK delegation handed over relief to those affected by #FloodSL in Ratnapura-pics by: Yarl Theepan ht,rescue_volunteering_or_donation_effort,srilanka_floods_2017,srilanka_floods_2017_train
77,870251659888386048,Australia extends assistance for flood relief operations  #srilanka #LK #lka,rescue_volunteering_or_donation_effort,srilanka_floods_2017,srilanka_floods_2017_test
87,870907577416245248,"@TNAmediaoffice MPs visited Ratnapura, (worst-affected districts by da devastating floods &amp; landslides) @MASumanthiran #srilanka #FloodSL",rescue_volunteering_or_donation_effort,srilanka_floods_2017,srilanka_floods_2017_test
164,870252373662453761,RT @JohnWRendon: #SriLanka: #China dispatches 3 naval vessels in a #SmartPower activity to assist with the flooding that has taken place.,rescue_volunteering_or_donation_effort,srilanka_floods_2017,srilanka_floods_2017_train
227,870261679778562048,"Norway contributes NOK 10 mill to flood response in #SriLanka. More than half a million people affected, more rains to come #FloodSL",rescue_volunteering_or_donation_effort,srilanka_floods_2017,srilanka_floods_2017_train
6,874694400504283137,Flood/Landslide - Sri Lanka: FLOOD (WARNING),caution_and_advice,srilanka_floods_2017,srilanka_floods_2017_dev
220,870141789667115008,RT @RansaraJey: This guy is building a phone charger with 40 charge ports for flood victims #FloodSL,rescue_volunteering_or_donation_effort,srilanka_floods_2017,srilanka_floods_2017_train
108,871403185881190405,No need to pray more !! Help for #Srilanka earn your pleasure by helping who affected from this disaster ὤFὤFὤF #FloodReliefLKA #FloodSL,rescue_volunteering_or_donation_effort,srilanka_floods_2017,srilanka_floods_2017_train
122,870193333599064064,Arya Hospital along with Lions International will be conducting a medical camp for the flood affected on 4 June. #FloodSL,rescue_volunteering_or_donation_effort,srilanka_floods_2017,srilanka_floods_2017_train
123,870512355439812609,EU provides €300 000 to support aid delivery to flood victims  via @colombogazette #srilanka #lka,rescue_volunteering_or_donation_effort,srilanka_floods_2017,srilanka_floods_2017_train
86,870097524551331840,Retweeted Alok Sharma (@AlokSharma_RDG): Shocked &amp; saddened by the dreadful flooding in #SriLanka. My thoughts,sympathy_and_support,srilanka_floods_2017,srilanka_floods_2017_train
76,869966460994629632,PakNavy continues to provide Humanitarian Assistance and Disaster Relief (HADR)Operations in Flood Stricken Sri Lanka through PNSZULFIQUAR.,rescue_volunteering_or_donation_effort,srilanka_floods_2017,srilanka_floods_2017_train
213,870281684092145664,#SriLanka #Scouts engaged in the relief efforts after devastating #FloodSL that hit the country earlier this week.,rescue_volunteering_or_donation_effort,srilanka_floods_2017,srilanka_floods_2017_train
113,870834594274304005,RT @Vidiyallk: #India Govt. responds immediately to #SriLanka Govt request&amp; dispatched 2 ships with relief material Satarday &amp; Sunday #Flo,rescue_volunteering_or_donation_effort,srilanka_floods_2017,srilanka_floods_2017_train
314,870822568609153024,TV channels race to rescue the #FloodSL victims. Cartoon by Namal Amarasinghe #lka #SriLanka #SriLankaFloods #FloodRelief #FloodReliefLKA,rescue_volunteering_or_donation_effort,srilanka_floods_2017,srilanka_floods_2017_train
3,872331912416821248,RT @aditiraohydari: Strength and prayers for everyone affected by the floods in srilanka #SriLankaFloods ὤ1,sympathy_and_support,srilanka_floods_2017,srilanka_floods_2017_dev
92,873654240706691073,"RT @SteveBowenWx: Latest numbers for Sri Lanka flood event: - 292 dead/missing - 150 injured - 21,205 homes damaged/destroyed - $197M econo",injured_or_dead_people,srilanka_floods_2017,srilanka_floods_2017_train
91,879731228731203584,Its #CharityTuesday. Donate to those affected by the floods in #SriLanka here:,rescue_volunteering_or_donation_effort,srilanka_floods_2017,srilanka_floods_2017_test
39,876024256894824448,"As death toll mounts in flood-hit #SriLanka, we fear dengue crisis looming in these stagnant waters. Contact us for SPOKESPEOPLE &amp; CONTENT",injured_or_dead_people,srilanka_floods_2017,srilanka_floods_2017_test
260,872369410564141057,Medical &amp; eye care camp for flood effected people of Akuressa #LankaIOC #WeCare #SriLanka #FloodsSL #FloodSafety,rescue_volunteering_or_donation_effort,srilanka_floods_2017,srilanka_floods_2017_train
183,870563442331066369,"RT @gopiharan: #FloodSL situation report as of 1200 noon, 02.06.2017. Death toll has risen to 208. (via @dmc_lk ) #lka",injured_or_dead_people,srilanka_floods_2017,srilanka_floods_2017_train
176,870266891910107137,"To help kids affected by #FloodSL, school textbooks/stationery will be collected on Fri. 2 June morn at Bambalapitiya &amp; Kollupitiya stations",rescue_volunteering_or_donation_effort,srilanka_floods_2017,srilanka_floods_2017_train
20,873033543235928070,Canadian contributions to those affected by recent floods.,rescue_volunteering_or_donation_effort,srilanka_floods_2017,srilanka_floods_2017_test
22,872441330147876865,"Korean Actress Lee Young-ae (AKA Changumi) donates 56,000,000 Korean Won ($50,000) to support flood relief efforts in Sri Lanka. #FloodSL",rescue_volunteering_or_donation_effort,srilanka_floods_2017,srilanka_floods_2017_dev
206,871936926277918720,Thanks @SLRedCross! Glad our @ArmyROTC cadets and @PacificCommand disaster relief experts could help out. #FloodSL #SriLanka,rescue_volunteering_or_donation_effort,srilanka_floods_2017,srilanka_floods_2017_train
18,881384379469234176,RT @Vidiyallk: Government seeks #world aid for #FloodRelief; 4 ministers appointed to work out plans for donor conference in #Colombo short,rescue_volunteering_or_donation_effort,srilanka_floods_2017,srilanka_floods_2017_train
374,871231357741125633,RT @Rosy_Senanayake: Flood Relief. #FloodSL #RosySenanayake #SriLanka #lka,rescue_volunteering_or_donation_effort,srilanka_floods_2017,srilanka_floods_2017_train
53,870067496925016066,RT @dmc_lk: Situation on the National Roads #31May2017 #UpdatedInfo #SLFloods2017 #FloodSL #lka #dmclk,infrastructure_and_utility_damage,srilanka_floods_2017,srilanka_floods_2017_dev
52,875611009737662464,Support our deployment to #SriLanka to assist communities affected by flooding - thanks to those who have donated!  ὄD,rescue_volunteering_or_donation_effort,srilanka_floods_2017,srilanka_floods_2017_train
264,870144512844345344,#srilanka disaster authorities failed 2 issue early warnings for storm that killed 202 people  by @AmanthaP #FloodSL,injured_or_dead_people,srilanka_floods_2017,srilanka_floods_2017_train
31,872145134921502720,People impacted by #SriLankaFloods receive hygiene supplies &amp; cooking kits from our Regional Advisor Joe &amp; partner @sarvodayalanka. #FloodSL,rescue_volunteering_or_donation_effort,srilanka_floods_2017,srilanka_floods_2017_train
262,871044406303875073,RT @sandunarosha: @USAmbKeshap met @MaithripalaS and pledged Rs.350 million assistance to people affected by #FloodSL @USEmbSL #lka #sril,rescue_volunteering_or_donation_effort,srilanka_floods_2017,srilanka_floods_2017_train
6,872671646749827073,Cornwall rescue team deployed to  has been published on -  - #NaturalDisasterRescueTeamFromCornwall #Shelterbox,rescue_volunteering_or_donation_effort,srilanka_floods_2017,srilanka_floods_2017_train
269,871048132406194176,RT @SriLankaTweet: Air China Cargo Plane carrying Flood Relief items from China arrived at BIA #LKA #SriLanka #FloodSL,rescue_volunteering_or_donation_effort,srilanka_floods_2017,srilanka_floods_2017_train
354,877939103257554944,Were currently in #SriLanka helping thousands of #animals affected by floods and landslides:  ❤️ὁ5἟1἟0,rescue_volunteering_or_donation_effort,srilanka_floods_2017,srilanka_floods_2017_train
382,871061141635571712,US pledges RS 350 million flood aid to srilanka #FloodSL #SriLanka #FloodRelief,rescue_volunteering_or_donation_effort,srilanka_floods_2017,srilanka_floods_2017_train
200,870834244591001600,Indias gift to Sri Lanka in action - 38 Ambulances dedicated in flood areas providing vital pre hospital care @SushmaSwaraj @DrSJaishankar,rescue_volunteering_or_donation_effort,srilanka_floods_2017,srilanka_floods_2017_train
232,870095473679360000,RT @dw_globalideas: Death toll climbs as #SriLanka recovers from floods and landslides #FloodSL  @UNICEF,injured_or_dead_people,srilanka_floods_2017,srilanka_floods_2017_train
179,870938655971573760,RT @official__sp: Landslide warning 03 june 2017 02.00pm #FloodSL #floods #slfloods #SriLanka,caution_and_advice,srilanka_floods_2017,srilanka_floods_2017_train
39,870923274326290432,RT @SriLankaTweet: Israel Amb @danielocarmon delivers Israeli aid on behalf of the Israeli people following #SriLanka #FloodSL #LKA,rescue_volunteering_or_donation_effort,srilanka_floods_2017,srilanka_floods_2017_train
278,870568722104066049,"#FashionBug donated clothes to more than 10,000 #FloodSL affected people in Ratnapura&amp;Matara districts #FloodRelif",rescue_volunteering_or_donation_effort,srilanka_floods_2017,srilanka_floods_2017_train
56,870217238095118336,#Pakistan Navy Teams conduct rescue and relief operations in #SriLanka @PahicColombo #FloodSL,rescue_volunteering_or_donation_effort,srilanka_floods_2017,srilanka_floods_2017_dev
224,871425020181872640,@HuffPost 220 + died from flood and landslides in Sri Lanka. Dafuq are our magical tears bish.,injured_or_dead_people,srilanka_floods_2017,srilanka_floods_2017_train
9,870165306840428544,RT @JChapagain: Rohingya camps in Bangladesh destroyed by Cyclone Mora - suffering gets worse! @Federation,infrastructure_and_utility_damage,srilanka_floods_2017,srilanka_floods_2017_train
358,870892519390720001,EU provides satellite maps and €300 000 for humanitarian aid delivery to flood victims in #SriLanka:  #SriLankaFloods,rescue_volunteering_or_donation_effort,srilanka_floods_2017,srilanka_floods_2017_train
154,870193112882135045,"#FloodSL situation report as of 0900 hrs, 31.05.2017 - 202 confirmed deaths, 96 still missing, 629,742 people affected. #lka via @dmc_lk",injured_or_dead_people,srilanka_floods_2017,srilanka_floods_2017_train
137,870211955805626368,"#Pakistan Navy takes part in flood relief activities in Sri Lanka after flood, PNS Zulfiqar is part it #NewsAlertwithSuperwomen",rescue_volunteering_or_donation_effort,srilanka_floods_2017,srilanka_floods_2017_train
51,870832435197599745,RT @lbolbr: Korean community donates relief goods for flood victims in Sri Lanka #SriLanka #lka #lbo -,rescue_volunteering_or_donation_effort,srilanka_floods_2017,srilanka_floods_2017_dev
139,869970907569303552,Health Officials Request Public to Drink Boiled Water to avoid Health problems &amp; Diseases that can spread after #FloodSL #LKA #SriLanka,caution_and_advice,srilanka_floods_2017,srilanka_floods_2017_train
25,871208155463680000,"Death toll rises to 119 while over 150 missing &amp; 300,000 affected following heavy Rains, Landslides &amp; floods #SriLanka #FloodSL #LKA",injured_or_dead_people,srilanka_floods_2017,srilanka_floods_2017_dev
195,872133448663683072,"RT @dbsjeyaraj: South Korean Actress Lee Young ae Known in Sri Lanka as Changumi” Donates US 50,000 Dollars for Flood Relief",rescue_volunteering_or_donation_effort,srilanka_floods_2017,srilanka_floods_2017_train
76,873553285436887041,Helping hand to Flood Victims in sri Lanka #crowdfunding @fundrazr Support and Retweet,rescue_volunteering_or_donation_effort,srilanka_floods_2017,srilanka_floods_2017_test
115,872330675717844992,Financial donation for flood relief handed over to Secretary  #SriLanka #LK #lka,rescue_volunteering_or_donation_effort,srilanka_floods_2017,srilanka_floods_2017_train
48,871726064531161089,Cornwall rescue team deployed to help Sri Lanka flood victims,rescue_volunteering_or_donation_effort,srilanka_floods_2017,srilanka_floods_2017_train
12,871948740709335040,Korean Actress Lee Young-ae Changumi supports flood relief efforts in Sri Lanka #SriLank,sympathy_and_support,srilanka_floods_2017,srilanka_floods_2017_test
337,869984764933136384,Beautiful! Animal rescue among @IndianNavy diving teams duties during flood relief ops with Lankan Navy in Sri Lanka.,rescue_volunteering_or_donation_effort,srilanka_floods_2017,srilanka_floods_2017_train
84,870575329743523840,Death toll has risen to 208. #FloodSL #lka #SriLankaFloods #flood2017,injured_or_dead_people,srilanka_floods_2017,srilanka_floods_2017_train
277,870139980277886977,"150+ deaths 100,000+ affected.What pisses me off is that, for Manchester attack where 22 died the world is still crying.For this? #SriLanka",injured_or_dead_people,srilanka_floods_2017,srilanka_floods_2017_train
188,870942928482467841,RT @Tharangawavez: #SriLanka Cricket Players wearing Black arm bands as a marking respect for lives lost in widespread flooding #FloodSL #S,sympathy_and_support,srilanka_floods_2017,srilanka_floods_2017_train
214,875108671646298112,"RT @UN_News_Centre: .@UN relief agencies &amp; partners launch urgent appeal in wake of destruction by floods, landslides in #SriLanka /",rescue_volunteering_or_donation_effort,srilanka_floods_2017,srilanka_floods_2017_train
349,871998638838476801,Popular Korean actress donates to flood hit Sri Lanka,rescue_volunteering_or_donation_effort,srilanka_floods_2017,srilanka_floods_2017_train
41,871272107627425793,Government Donations #FloodSL #lka,rescue_volunteering_or_donation_effort,srilanka_floods_2017,srilanka_floods_2017_train
35,870204414283444226,@AnoopCilantro @CANSouthAsia The #FloodSL death toll now officially passed 200. Several people missing. Relief operations delayed with intermittent heavy showers,injured_or_dead_people,srilanka_floods_2017,srilanka_floods_2017_dev
124,877452472125710336,Thoughts and prayers for those displaced by devastating floods in #SriLanka . Beautiful country facing natures wrath again!,sympathy_and_support,srilanka_floods_2017,srilanka_floods_2017_train
30,870445588323500032,"Lets Help Flood Affected School Children ! Donate Books, Stationery &amp; Shoes Call 0778386023 #LKA #SriLanak #FloodSL #FloodReliefLKA",rescue_volunteering_or_donation_effort,srilanka_floods_2017,srilanka_floods_2017_train
16,870530541464023040,Pakistan Navy conducts relief operations in flood-battered Sri Lanka  #news,rescue_volunteering_or_donation_effort,srilanka_floods_2017,srilanka_floods_2017_train
338,875551866687545344,#PhotoOfTheDay: @USNavy Sailors from #USSLakeErie deliver sanitation packs to the Mallika Nawodya School in Galle during #FloodSL assistance,rescue_volunteering_or_donation_effort,srilanka_floods_2017,srilanka_floods_2017_train
351,872094191773528065,"A #Pakistan NGO, @Info_ALKHIDMAT provided the #FloodRelief to the tune of US$25,000 to the recent #FloodSL &amp; landslides victims in #lka",rescue_volunteering_or_donation_effort,srilanka_floods_2017,srilanka_floods_2017_train
79,874275673631621126,RT @Nabaviyyahvoice: Flood Relief and rehabilitation #FloodSL #viyangalla #2017,rescue_volunteering_or_donation_effort,srilanka_floods_2017,srilanka_floods_2017_train
234,880821113483390976,RT @kingbutterworth: Fundraising Cricket Match for Sri Lanka Flood victims Sun 2nd July@Whitstable CC Raffle prizes BBQ&amp; bar all day Whitst,rescue_volunteering_or_donation_effort,srilanka_floods_2017,srilanka_floods_2017_train
58,870382563134754816,RT @PKKHTweet: Pakistan Navy extends relief activities to flood stricken Srilanka,rescue_volunteering_or_donation_effort,srilanka_floods_2017,srilanka_floods_2017_test
161,876466903061082112,RT @LaibaDOTpk: PNS Zulfiquar reaches flood-hit Sri Lanka with relief goods #disasterrelief #floods #Latest #Pakistan #PakistanNavy #srila,rescue_volunteering_or_donation_effort,srilanka_floods_2017,srilanka_floods_2017_train
364,870876115434299392,First phase of the @IMCD_officials #FloodRelief program is over. Please direct dry ration donations to Rathmalana Air Force Camp. #FloodSL,rescue_volunteering_or_donation_effort,srilanka_floods_2017,srilanka_floods_2017_train
104,878858722373709825,Global hazards @PHE_uk bulletin: #SriLanka #flooding #CycloneMora #Bangladesh #CapeTown #drought &amp; #Moscow storm:,caution_and_advice,srilanka_floods_2017,srilanka_floods_2017_train
47,878366804082438145,RT @royalsaajid: School with Smile book distribution for 978 flood affected students ! #floodsl #helphumanity #education #unity,rescue_volunteering_or_donation_effort,srilanka_floods_2017,srilanka_floods_2017_test
106,870427829045010432,RT @jscarto: Severe flooding in #SriLanka seen with #Sentinel2 and #Landsat data:,caution_and_advice,srilanka_floods_2017,srilanka_floods_2017_test
62,870597109598351360,"Cyclone Mora: Indian Navy rescues 33 Bangladeshis as heavy showers render 50,000 families homeless  via @dna #lka",rescue_volunteering_or_donation_effort,srilanka_floods_2017,srilanka_floods_2017_train
52,877532774390956032,"RT @ItsYakin: Total package worth Rs. 600 million for 100,000 smallholders in #FloodSL districts, will also replace damaged Tea plants free",rescue_volunteering_or_donation_effort,srilanka_floods_2017,srilanka_floods_2017_test
41,870304802428698624,Heavy rains brought #floods &amp; #landslides to #SriLanka. Our partner @sarvodayalanka is providing lifesaving relief. #SriLankaFloods #FloodSL,rescue_volunteering_or_donation_effort,srilanka_floods_2017,srilanka_floods_2017_dev
98,870895688091029504,Korean community donate relief goods for the flood victims  via @colombogazette #srilanka #lka,rescue_volunteering_or_donation_effort,srilanka_floods_2017,srilanka_floods_2017_train
31,871321483536203779,RT @SRIshanu: Mudslides and #floods cause devastation in #SriLanka – in pictures  #FloodReliefLKA #FloodSL #lka,infrastructure_and_utility_damage,srilanka_floods_2017,srilanka_floods_2017_test
103,877915336632279040,"RT @Uraidah44: 13 of out of 25 districts in #SriLanka have been affected by #flooding and 3,000 buildings destroyed.",infrastructure_and_utility_damage,srilanka_floods_2017,srilanka_floods_2017_train
177,873111453447864320,We are working to assist communities affected by severe flooding in #SriLanka - support our deployment now:,rescue_volunteering_or_donation_effort,srilanka_floods_2017,srilanka_floods_2017_train
235,871270153840930817,Galle - Baddegama main road flooded in due the Moragoda Ela water level reached flood level in Dangedara area.#SriLanka #LKA #srilanka #lka,caution_and_advice,srilanka_floods_2017,srilanka_floods_2017_train
352,879256131570470912,A sustainable fair trade supplier whose goods are made in Sri Lanka are requesting donations of clothes etc. Follow the link if you can help,rescue_volunteering_or_donation_effort,srilanka_floods_2017,srilanka_floods_2017_train
12,878267628011241472,Private sector engagement with UN agencies &amp; #NBRO at @ShelterCluster meeting to support flood affected communities #SriLanka,rescue_volunteering_or_donation_effort,srilanka_floods_2017,srilanka_floods_2017_dev
78,870589109319946241,"#CycloneMora : Massive landslide on NH 54 in Mizoram due to heavy rains, Aizawl cut off",infrastructure_and_utility_damage,srilanka_floods_2017,srilanka_floods_2017_train
94,873652760440438784,Imm. rescue and relief Mission accomplished. 3rd Indian Ship INS Jalashwa casts off Colombo #FloodSL @MEAIndia @indiannavy @SushmaSwaraj,rescue_volunteering_or_donation_effort,srilanka_floods_2017,srilanka_floods_2017_train
315,870506769516183554,Australia hands over flood aid to Sri Lanka navy SL must further develop ties with Australia in education field,rescue_volunteering_or_donation_effort,srilanka_floods_2017,srilanka_floods_2017_train
119,870604344713936897,206 deaths: 92 missing due to floods  #srilanka #LK #lka,injured_or_dead_people,srilanka_floods_2017,srilanka_floods_2017_train
306,871039482341883904,Anyone need water for relief efforts? There is some excess supply of 500ml bottles left to distribute. Plse contact 0773782398. #FloodSL,rescue_volunteering_or_donation_effort,srilanka_floods_2017,srilanka_floods_2017_train
205,873550825410482177,RT @lbolbr: ADB grants USD2 mln as flood relief aid to Sri Lanka #SriLanka #lka #lbo -,rescue_volunteering_or_donation_effort,srilanka_floods_2017,srilanka_floods_2017_train
253,870613784888475649,"Restart family packs for those returning home - money or cash donations can be dropped off at Anim8, Thimbirigasyaya. #FloodSL #LKA",rescue_volunteering_or_donation_effort,srilanka_floods_2017,srilanka_floods_2017_train
60,874589898350743552,#SriLanka was hit by the worst flood since 2003. Support @hfhslorg disaster response &amp; rebuilding efforts at:,rescue_volunteering_or_donation_effort,srilanka_floods_2017,srilanka_floods_2017_test
172,873939345459359745,RT @royalsaajid: We were able to reach more than 1000 people around #Kalutara district through our #Medical camps ! #FloodSL #kyf,rescue_volunteering_or_donation_effort,srilanka_floods_2017,srilanka_floods_2017_train
19,873137690597838848,India vs Sri Lanka: Angelo Mathews Dedicates Win to Flood Victims  #news,rescue_volunteering_or_donation_effort,srilanka_floods_2017,srilanka_floods_2017_test
106,874647579631517698,"RT @ItsYakin: There were 20 floods in #Colombo from 1977 to 2013. 926 houses were damaged, 413,433 people were affected #Fact #FloodSL #lka",infrastructure_and_utility_damage,srilanka_floods_2017,srilanka_floods_2017_train
59,870515684962205696,.@UN #SriLanka agencies are supporting GoSL relief efforts in coordination &amp; resource mobilization for #FloodSL,rescue_volunteering_or_donation_effort,srilanka_floods_2017,srilanka_floods_2017_test
13,870128976194183168,RT @TharunyataHetak: Inviting All #Srilankans to come out &amp; Help Flood Victimes  @RajapaksaNamal @irajonline #Flood,rescue_volunteering_or_donation_effort,srilanka_floods_2017,srilanka_floods_2017_dev
21,869998379350274049,"RT @jungiNishan2020: Nepal Government finally decides to help 50,000 $ to the flood affected community of Sri lanka . Though Late, A good i",rescue_volunteering_or_donation_effort,srilanka_floods_2017,srilanka_floods_2017_dev
221,870205250807840768,DMC has given below the process of how the goods received through the ships are distributed to the flood victims. #SLFloods2017 #FloodSL,rescue_volunteering_or_donation_effort,srilanka_floods_2017,srilanka_floods_2017_train
134,870975486024798208,Chinese ambassador to #SriLanka officially handed over $2.2 million worth of #FloodRelief aid from #China #FloodSL #SriLanka #lka,rescue_volunteering_or_donation_effort,srilanka_floods_2017,srilanka_floods_2017_train
250,874141754940772352,ADB approves $2 million grant for flood and landslide relief in Sri Lanka -  #GoogleAlerts,rescue_volunteering_or_donation_effort,srilanka_floods_2017,srilanka_floods_2017_train
88,871199321970135041,Today #UNICEF #SriLanka donated 1260 Jerry cans &amp; 1000 tarpaulins to the Ministry of Disaster Management ἰ0 #FloodSL #FloodLK #DisasterRelief,rescue_volunteering_or_donation_effort,srilanka_floods_2017,srilanka_floods_2017_train
53,871390032610836480,A group of #Jaffna Uni students donated school stationaries to 400 flood affected students in #Kurunagala;military coordinated #FloodSL #lka,rescue_volunteering_or_donation_effort,srilanka_floods_2017,srilanka_floods_2017_test
286,870259222168178688,"RT @worldscouting: .@AhmadAlhendawi via Skype to #SriLanka #Scout #FloodSL relief team: You are not alone, all #Scouts stands with youhtt",sympathy_and_support,srilanka_floods_2017,srilanka_floods_2017_train
47,871333198147371009,Our Civil-Military Support Element (CMSE) team is helping coordinate US response efforts w/@dmc_lk &amp; local authorities #FloodSL,rescue_volunteering_or_donation_effort,srilanka_floods_2017,srilanka_floods_2017_dev
48,870975051352293377,Starting immediate #floodrelief work with my Ministry officials Ratnapura on the directions of #Srilanka President .@MaithripalaS #floodsl,rescue_volunteering_or_donation_effort,srilanka_floods_2017,srilanka_floods_2017_test
53,873906773777895428,"Canada provides additional $200,000 in support of #SriLanka floods to @UNmigration, which brings Canada’s total response to $594,000 ἞8἞6 ἟1἟0",rescue_volunteering_or_donation_effort,srilanka_floods_2017,srilanka_floods_2017_train
199,872302121407983616,Govt. seeks assistance from development partners to rebuild after floods  #lka #srilanka,rescue_volunteering_or_donation_effort,srilanka_floods_2017,srilanka_floods_2017_train
12,870014188411916288,"἞E἟9 FM @angealfa announced #Italy will provide 200,000 euros for people struck by the floods in #SriLanka",rescue_volunteering_or_donation_effort,srilanka_floods_2017,srilanka_floods_2017_train
26,870500242558296064,RT @purefitblog: RT WHOSEARO: Responding to health needs of the 600 000+ people affected by the floods in #SriLanka is critical in the curr,rescue_volunteering_or_donation_effort,srilanka_floods_2017,srilanka_floods_2017_train
390,870510020911169540,Norway to provide US$ 1.2 million to Sri Lanka for flood and landslide relief : Aid must be directly sent to SL government not UN agencies,rescue_volunteering_or_donation_effort,srilanka_floods_2017,srilanka_floods_2017_train
308,870142270552649732,Three Chinese naval ships arrive in Sri Lanka to assist in flood relief -,rescue_volunteering_or_donation_effort,srilanka_floods_2017,srilanka_floods_2017_train
226,875084654403080192,Crew of USS #LakeErie aids relief efforts for those affected by heavy flooding and landslides in #SriLanka,rescue_volunteering_or_donation_effort,srilanka_floods_2017,srilanka_floods_2017_train
285,870566992281034752,"100 killed, hundreds missing, 500K people in 14 districts effected from floods in Sri Lanka. We need ya help #FloodSL #PrayForSriLanka",injured_or_dead_people,srilanka_floods_2017,srilanka_floods_2017_train
81,870105459797131264,All Entry / Exit Interchanges in Southern Highway including Matata Godagama now Open. Request Drive Carefully-RDA #LKA #SriLanka #FloodSL,caution_and_advice,srilanka_floods_2017,srilanka_floods_2017_train
190,870243466697113601,"RT @UjjwalAcharya: Nepal to provide Sri Lanka US$ 5 million to support #FloodReliefLKA works. #FloodSL has left 194 dead, 99 missing &amp; 8,50",rescue_volunteering_or_donation_effort,srilanka_floods_2017,srilanka_floods_2017_train
30,871935416194215938,RT @vishiru: 2.3K+ Houses fully and 12.5K+ partially damaged. 24.9K+ people in 7K+ Families are still in safe locations. #FloodSL #FloodRe,infrastructure_and_utility_damage,srilanka_floods_2017,srilanka_floods_2017_test
242,871208081119752192,"Sri Lanka Flood situation 194 dead, 99 missing, 8,500 house destroyed. cleaning process has began in many areas #FloodSL #SriLanka",injured_or_dead_people,srilanka_floods_2017,srilanka_floods_2017_train
107,910637376791179264,RT @EricJJohnson79: Please take a look at this list of updated charities that are helping with disaster relief in Mexico. #mexicocity htt,rescue_volunteering_or_donation_effort,puebla_mexico_earthquake_2017,puebla_mexico_earthquake_2017_dev
12,910787533465964544,#Canada: Mexico earthquake leaves rescuers digging for survivors in flattened elementary school,rescue_volunteering_or_donation_effort,puebla_mexico_earthquake_2017,puebla_mexico_earthquake_2017_test
274,912421454934880256,Lending a hand &amp; their famous names to help raise relief funds for many trying to recover after #MexicoEarthquake #FuerzaMexico @ajcorchado,rescue_volunteering_or_donation_effort,puebla_mexico_earthquake_2017,puebla_mexico_earthquake_2017_test
147,912120447445213184,Why are people in the rescue effort after Mexicos earthquake raising their fists? #PuñosArriba,rescue_volunteering_or_donation_effort,puebla_mexico_earthquake_2017,puebla_mexico_earthquake_2017_test
16,912124233525944321,Entering Ground 0: Mexico City collapsed buliding. All our info needs on our arms just in case #mexicoearthquake #volunteerminister #10x,infrastructure_and_utility_damage,puebla_mexico_earthquake_2017,puebla_mexico_earthquake_2017_test
170,914926046557954060,RT @EchoK: I’m heartbroken for earth. ὡ4 #PuertoRicoRelief #LasVegasMassacre #HurricaneHarvey #HurricaneIrma #MexicoEarthquake #WeMustHelp #,sympathy_and_support,puebla_mexico_earthquake_2017,puebla_mexico_earthquake_2017_test
199,910695908332920833,RT @karen_berg_: Sending prayers to all affected by the earthquake in Mexico. I hope you will join me. Through our unity may the heavens he,sympathy_and_support,puebla_mexico_earthquake_2017,puebla_mexico_earthquake_2017_dev
125,911801759848218625,RT @SalHernandez: After deadly earthquake people in Mexico trust group of civilian volunteers known as Topos Azteca more than the navy http,rescue_volunteering_or_donation_effort,puebla_mexico_earthquake_2017,puebla_mexico_earthquake_2017_dev
8,910549733084499969,RT @FortuneMagazine: Mexico City earthquake: Pictures of the damage and destruction,infrastructure_and_utility_damage,puebla_mexico_earthquake_2017,puebla_mexico_earthquake_2017_dev
48,912084970159689728,"Death toll so far by state, #MexicoEarthquake: #CDMX 182; #Morelos 73; #Puebla #45; #EdoMex 13; #Guerrero 6; #Oaxaca 1 #FuerzaMexico",injured_or_dead_people,puebla_mexico_earthquake_2017,puebla_mexico_earthquake_2017_test
94,910689480025161728,"Mexico Earthquake Claims at Least 248 Lives, Many Still Missing » Alex Jones Infowars: Theres a war on for your m",injured_or_dead_people,puebla_mexico_earthquake_2017,puebla_mexico_earthquake_2017_dev
158,910609912845275138,@RCaptPMoloV @OctusTC @GearsofWar Weve redirected an equal portion of the funds raised by the Carmine Charity Pack to aid earthquake relief efforts across Mexico.,rescue_volunteering_or_donation_effort,puebla_mexico_earthquake_2017,puebla_mexico_earthquake_2017_test
121,910643055421644800,RT @EsportsArath: Would you guys help if I did a donation stream for Mexico? Maybe a charity tournament. We really need your help after t,rescue_volunteering_or_donation_effort,puebla_mexico_earthquake_2017,puebla_mexico_earthquake_2017_dev
339,910816237571022848,RT @GeneralAndreCox: Please pray for the people of Mexico and Salvation Army responders as they face another devastating earthquake with si,sympathy_and_support,puebla_mexico_earthquake_2017,puebla_mexico_earthquake_2017_test
39,910566154137083905,"RT @lrubin: Praying for those in areas of Mexico City, Puebla and Morelos that were in harms way due to the 7.1 earthquake that hit Mexico",sympathy_and_support,puebla_mexico_earthquake_2017,puebla_mexico_earthquake_2017_test
29,910627471929872384,I leave this here for everyone that thinks the earthquake that happened in Mexico was no big deal. More than 200 people died. I was lucky,injured_or_dead_people,puebla_mexico_earthquake_2017,puebla_mexico_earthquake_2017_test
37,910707718746513409,Im gonna need a seismologist to explain why there hasnt been a single aftershock above 1.0 after the Mexico City earthquake.,infrastructure_and_utility_damage,puebla_mexico_earthquake_2017,puebla_mexico_earthquake_2017_dev
322,910705418350891008,RT @TIME: Here’s how you can help the victims of Mexico Citys catastrophic earthquake,rescue_volunteering_or_donation_effort,puebla_mexico_earthquake_2017,puebla_mexico_earthquake_2017_test
150,910624116436119552,See the incredible rescue of children trapped in rubble after their school collapses from deadly Mexico earthquake:,rescue_volunteering_or_donation_effort,puebla_mexico_earthquake_2017,puebla_mexico_earthquake_2017_test
144,910525203431571456,"God bless you, incredible how we receive help from others instead of our government! Thanks #GoogleRock #Sismo #AyudaCDMX #Mexicanosfuertes",sympathy_and_support,puebla_mexico_earthquake_2017,puebla_mexico_earthquake_2017_test
251,910633113717547009,RT @VicMontagliani: My heartfelt thoughts and prayers are with all the people and our @CONCACAF family affected by Hurricane Maria and the,sympathy_and_support,puebla_mexico_earthquake_2017,puebla_mexico_earthquake_2017_test
198,910547166090760197,RT @AmericanAir: Our thoughts are with those affected by the earthquake in Mexico City. Travel options are available:,sympathy_and_support,puebla_mexico_earthquake_2017,puebla_mexico_earthquake_2017_dev
194,910558547166978048,"Our hearts are with everyone impacted by the earthquake in Mexico City, and our thoughts are with our partners @Aeromexico as well.",sympathy_and_support,puebla_mexico_earthquake_2017,puebla_mexico_earthquake_2017_dev
18,914892851653238784,"Help fund education, earthquake missions in Mexico! 10% of sales goes to help  #lostopos",rescue_volunteering_or_donation_effort,puebla_mexico_earthquake_2017,puebla_mexico_earthquake_2017_dev
36,910814513947017216,What to do after an #earthquake strikes your neighborhood? Here’re some tips from #Mexicos Official #MexicoEarthquake,caution_and_advice,puebla_mexico_earthquake_2017,puebla_mexico_earthquake_2017_dev
140,910748085780930560,Rescue teams have been working through the night to help those trapped under rubble following an earthquake in #Mexico.,rescue_volunteering_or_donation_effort,puebla_mexico_earthquake_2017,puebla_mexico_earthquake_2017_test
233,912346271473590277,Moro is a beautiful support doggo at Mexico City who is helping people in shelters because of the earthquake #FuerzaMexico,rescue_volunteering_or_donation_effort,puebla_mexico_earthquake_2017,puebla_mexico_earthquake_2017_test
358,910554973594779649,RT @vcaivano: Some great images of the aftermath of the earthquake in Mexico by the the @AP team. #mexicoterremoto,infrastructure_and_utility_damage,puebla_mexico_earthquake_2017,puebla_mexico_earthquake_2017_test
267,910611363243859969,@Adrian_ElTitan My heart goes out to our brothers and sisters in Mexico city. Unbelievable damage by earthquake.,sympathy_and_support,puebla_mexico_earthquake_2017,puebla_mexico_earthquake_2017_test
336,911656414556282881,RT @mario357a: Im raising money for Mexico Earthquake Victim Relief. Click to Donate:  via @gofundme,rescue_volunteering_or_donation_effort,puebla_mexico_earthquake_2017,puebla_mexico_earthquake_2017_test
100,913846890143387649,RT @JusticetheSmith:  the least I can do is signal boost this DONATE TO PUERTO RICO HURRICANE RELIEF &amp; MEXICO EARTHQ,rescue_volunteering_or_donation_effort,puebla_mexico_earthquake_2017,puebla_mexico_earthquake_2017_dev
18,910524897218019329,RT @B911Nature: Mexico City Following Major 7.1 Magnitude Earthquake,caution_and_advice,puebla_mexico_earthquake_2017,puebla_mexico_earthquake_2017_test
74,910679808018751488,you can help the victims of this deadly earthquake by donating to,rescue_volunteering_or_donation_effort,puebla_mexico_earthquake_2017,puebla_mexico_earthquake_2017_dev
178,910708636309213185,Information on How to Help The Victims of The Mexico Earthquake if You Are in  #CostaRica,rescue_volunteering_or_donation_effort,puebla_mexico_earthquake_2017,puebla_mexico_earthquake_2017_dev
131,910713930254835712,RT @BetteMidler: Earthquake in Mexico devastates huge area &amp; killed numbers that keep climbing. Deepest sympathy to all; especially those,injured_or_dead_people,puebla_mexico_earthquake_2017,puebla_mexico_earthquake_2017_dev
155,910617265007202305,Mexico earthquake: at least 225 dead - La entrada Mexico earthquake: at least 225 dead aparece primero en Veo N,injured_or_dead_people,puebla_mexico_earthquake_2017,puebla_mexico_earthquake_2017_test
88,910621873406431233,RT @WTHRcom: Officials have reduced the death toll in the Mexico earthquake by two:,injured_or_dead_people,puebla_mexico_earthquake_2017,puebla_mexico_earthquake_2017_test
137,911784626691047424,RT @JonRiley7: The THIRD major earthquake in a single month just hit Mexico. Please donate to @SaveTheChildren’s relief efforts: .,rescue_volunteering_or_donation_effort,puebla_mexico_earthquake_2017,puebla_mexico_earthquake_2017_dev
248,912088578276159491,"People take part in a tribute to the workers of a textile factory killed in the earthquake, in Mexico City, on September 24, 2017 #AFP",injured_or_dead_people,puebla_mexico_earthquake_2017,puebla_mexico_earthquake_2017_test
129,912114536500596736,"RT @galileaorozco_: another earthquake in mexicoὢ3 pls keep them in your prayers, there’s so many families out there that have lost everythi",sympathy_and_support,puebla_mexico_earthquake_2017,puebla_mexico_earthquake_2017_test
143,911634262641831936,RT @business: Magnitude 6.1 earthquake shakes jittery Mexico,caution_and_advice,puebla_mexico_earthquake_2017,puebla_mexico_earthquake_2017_test
59,914900524956360704,"RT @robinsnewswire: Death Toll From Earthquake In Mexico Hits 361, Some Still Missing  #Earthquake",injured_or_dead_people,puebla_mexico_earthquake_2017,puebla_mexico_earthquake_2017_dev
78,910617776431042560,RT @TheMexLondoner: Sky News - At least 20 children died after their school collapsed in an earthquake in central Mexico,injured_or_dead_people,puebla_mexico_earthquake_2017,puebla_mexico_earthquake_2017_test
309,911699791146516481,RT @Oxfam: #MexicoEarthquake Weve sent teams to worst hit areas. We need your help:  #AyudaMexico,rescue_volunteering_or_donation_effort,puebla_mexico_earthquake_2017,puebla_mexico_earthquake_2017_test
124,910680669767872513,chris studies medicine in mexico n is asking for donations for medicine because of the earthquake!! anythin helps!,rescue_volunteering_or_donation_effort,puebla_mexico_earthquake_2017,puebla_mexico_earthquake_2017_dev
66,910623780799619072,RT @RepAdamSchiff: Sending thoughts and prayers to the people of Mexico as they recover from yesterday’s devastating earthquake. .,sympathy_and_support,puebla_mexico_earthquake_2017,puebla_mexico_earthquake_2017_test
68,911727447569133568,RT @FeministaJones: Ways to help Mexicans post-Earthquake from a woman in Mexico City,rescue_volunteering_or_donation_effort,puebla_mexico_earthquake_2017,puebla_mexico_earthquake_2017_dev
137,911746136226111489,"#Frida, who has saved over 50 lives in various natural disasters, has been deployed to help with the #earthquake rescue efforts in #Mexico.",rescue_volunteering_or_donation_effort,puebla_mexico_earthquake_2017,puebla_mexico_earthquake_2017_test
279,910676776715567104,RT @AZCardinals: Our thoughts are with all those affected by the earthquake today in Mexico City and its surrounding areas.,sympathy_and_support,puebla_mexico_earthquake_2017,puebla_mexico_earthquake_2017_test
79,910755868693721088,220 confirmed dead in mexico earthquake Im dreading the second house search results,injured_or_dead_people,puebla_mexico_earthquake_2017,puebla_mexico_earthquake_2017_dev
28,912210957308354560,"My heart breaks for the victims and for feminist group that was trying to bring attention to them,only to be met with abuse and ridicule. 1/",sympathy_and_support,puebla_mexico_earthquake_2017,puebla_mexico_earthquake_2017_dev
145,911977693411004417,To donate go to PARA donar ve a  @RedCross @CruzRoja_MX @elefanteoficial Help #MexicoEarthquake #TerremotoMX,rescue_volunteering_or_donation_effort,puebla_mexico_earthquake_2017,puebla_mexico_earthquake_2017_test
72,914422678135730177,"RT @TheSportsman: ἟2἟D ὄF Force India driver Sergio Perez has donated £124,500 to the victims of the earthquake in Mexico.",rescue_volunteering_or_donation_effort,puebla_mexico_earthquake_2017,puebla_mexico_earthquake_2017_test
346,914162727362236416,PHOTOS: Military rescuers continue to search for Mexico City earthquake victims as death toll rises to 355,rescue_volunteering_or_donation_effort,puebla_mexico_earthquake_2017,puebla_mexico_earthquake_2017_test
350,910546495463501824,"RT @karla_vt: FRIENDS! PLEASE DONATE! ITS SO EASY. Just type Mexico Earthquake on Google search bar, and then click Yes, donate. PLEAS",rescue_volunteering_or_donation_effort,puebla_mexico_earthquake_2017,puebla_mexico_earthquake_2017_test
356,910658550304669696,RT @nytimesworld: A day after a powerful earthquake rattled Mexico City the death toll reached at least 225,injured_or_dead_people,puebla_mexico_earthquake_2017,puebla_mexico_earthquake_2017_test
139,912160170834300929,"RT @giselilla: Sobre #Verificado19s ~&gt; After Mexico City’s earthquake, this site is crowdsourcing to map emergency resources",rescue_volunteering_or_donation_effort,puebla_mexico_earthquake_2017,puebla_mexico_earthquake_2017_test
1,913871068544339968,RT @JChavez002: The help is on its way to #MexicoEarthquake victims and you can continue to help!,rescue_volunteering_or_donation_effort,puebla_mexico_earthquake_2017,puebla_mexico_earthquake_2017_dev
302,912376284365369344,RT @HumanityRoad: #MexicoEarthquake Relief needs in #Atlixco. #hmrd,rescue_volunteering_or_donation_effort,puebla_mexico_earthquake_2017,puebla_mexico_earthquake_2017_test
172,911766658318036993,NOW: #USAR team on @USAIDs DART are loaded up &amp; ready to go search 4 #MexicoEarthquake survivors. Our thoughts are with them &amp; all affected,rescue_volunteering_or_donation_effort,puebla_mexico_earthquake_2017,puebla_mexico_earthquake_2017_test
61,912391622381506561,"RT @lifeasicit: Tens of thousands of homes badly damaged or completely destroyed, please help if you can. #MexicoEarthquake ἟2἟D",infrastructure_and_utility_damage,puebla_mexico_earthquake_2017,puebla_mexico_earthquake_2017_test
123,911754231341707265,#Israeli aid volunteers being applauded in #Mexico as they carry out rescue operations following the tragic earthquake. Video @StandWithUs,rescue_volunteering_or_donation_effort,puebla_mexico_earthquake_2017,puebla_mexico_earthquake_2017_test
226,912416654583304192,Every bit helps. Donate to the Hilton Responds: Mexico Earthquake campaign to support the Red Cross of Mexico.,rescue_volunteering_or_donation_effort,puebla_mexico_earthquake_2017,puebla_mexico_earthquake_2017_test
264,912301442622480385,Visit this site for a list of international resources to support the Mexico City earthquake victims. Please share.,rescue_volunteering_or_donation_effort,puebla_mexico_earthquake_2017,puebla_mexico_earthquake_2017_test
113,910563935086145545,My prayers are with the innocent children and people that passed away in a 7.1 earthquake in Mexico. May God console their families.,sympathy_and_support,puebla_mexico_earthquake_2017,puebla_mexico_earthquake_2017_test
191,910573063560871937,Sending love + prayers to our neighbors + friends in Mexico City Here is a list of charities helping in the relief #MexicoCity con amor ♥️἟2἟D,sympathy_and_support,puebla_mexico_earthquake_2017,puebla_mexico_earthquake_2017_dev
181,910567725910548480,RT @ResistanceParty: Sending love and strength to the wonderful people of Mexico City. ❤️ The images from the Earthquake are heartbreaking.,sympathy_and_support,puebla_mexico_earthquake_2017,puebla_mexico_earthquake_2017_test
110,912326672807899136,A total of 324 persons have been confirmed dead after last weeks earthquake in Mexico. 186 of them died in Mexico City.,injured_or_dead_people,puebla_mexico_earthquake_2017,puebla_mexico_earthquake_2017_dev
4,910571711870812161,"@StuartCamp stu, do you know about the earthquake in Mexico? We are in a but crisis, if you want to help you can donate here, thank you❤️ὄ7ἿB",rescue_volunteering_or_donation_effort,puebla_mexico_earthquake_2017,puebla_mexico_earthquake_2017_dev
58,910654610779512832,"RT @USDpres: Our thoughts and prayers are with our friends, family members and alumni in Mexico City in the aftermath of the earthquake. @G",sympathy_and_support,puebla_mexico_earthquake_2017,puebla_mexico_earthquake_2017_dev
359,910714693026701312,Rescue efforts continue at a Mexico City school that collapsed following a 7.1-magnitude earthquake,rescue_volunteering_or_donation_effort,puebla_mexico_earthquake_2017,puebla_mexico_earthquake_2017_test
387,913103201095659520,"A man is rescued from a collapsed building in Mexico City after an earthquake in Mexico, Tuesday, Sept. 19, 2017. | Photo Pablo Ramos",rescue_volunteering_or_donation_effort,puebla_mexico_earthquake_2017,puebla_mexico_earthquake_2017_test
86,914623567509176320,40 victims has been rescued fron the rubbles of this building after #MexicoEarthquake #MexicoUnido #FuerzaMexico,rescue_volunteering_or_donation_effort,puebla_mexico_earthquake_2017,puebla_mexico_earthquake_2017_test
289,910764354525638657,A Tide of Citizens Relentlessly Helps Earthquake Victims in Mexico City: Long lines of,rescue_volunteering_or_donation_effort,puebla_mexico_earthquake_2017,puebla_mexico_earthquake_2017_test
112,910659996039315457,"Mexico Earthquake Kills Hundreds, Trapping Many Under Rubble  #FuerzaMéxico #AyudaMéxico #MexicoEarthquake",injured_or_dead_people,puebla_mexico_earthquake_2017,puebla_mexico_earthquake_2017_test
148,912042600974008320,(3/3) Make a gift to our International Disaster Relief Fund to help animals affected by this &amp; other disasters ὤF:,rescue_volunteering_or_donation_effort,puebla_mexico_earthquake_2017,puebla_mexico_earthquake_2017_dev
54,910697086890467328,I just found that a taquero in mexico is giving free tacos to the people in need from the earthquake. This is why i love mexico ὢ2❤️἟2἟D,rescue_volunteering_or_donation_effort,puebla_mexico_earthquake_2017,puebla_mexico_earthquake_2017_dev
283,910709012978716672,RT @Plan_Prep_Live: Many children died in this collapse but some survived to be rescued. #Mexico #earthquake,injured_or_dead_people,puebla_mexico_earthquake_2017,puebla_mexico_earthquake_2017_test
127,912420269804982272,RT @MichiganRoss: Ross MBAs are helping raise money for victims of the earthquake in Mexico:,rescue_volunteering_or_donation_effort,puebla_mexico_earthquake_2017,puebla_mexico_earthquake_2017_dev
197,910725622065799168,RT @JustJared: Salma Hayek just made a major donation to the victims of Mexicos earthquake:,rescue_volunteering_or_donation_effort,puebla_mexico_earthquake_2017,puebla_mexico_earthquake_2017_dev
329,911974830479757312,Teams from἞E἟1἟2἟D἟A἟8἞F἟5 working at site of ruins of a six-story building that collapsed in Condesa. #MexicoEarthquake #FuerzaMexico,infrastructure_and_utility_damage,puebla_mexico_earthquake_2017,puebla_mexico_earthquake_2017_test
230,913048302362484739,RT @PeachMilky_: Guys!! Help is needed right now in Mexico after the huge earthquake. Please donate here if you able!,rescue_volunteering_or_donation_effort,puebla_mexico_earthquake_2017,puebla_mexico_earthquake_2017_test
19,911710051454382081,AROUND THE CLOCK effort: @USAID #USAR teams work 24-hr shift w/ Mexican &amp; intl teams 2 search collapsed bldg for #MexicoEarthquake survivors,rescue_volunteering_or_donation_effort,puebla_mexico_earthquake_2017,puebla_mexico_earthquake_2017_dev
76,911832316783337473,"RT @TheShadyFacts: Shawn Mendes donates $100,000 to the Mexico Earthquake Relief. ὉB",rescue_volunteering_or_donation_effort,puebla_mexico_earthquake_2017,puebla_mexico_earthquake_2017_dev
332,913607848789082112,"RT @RedGlobalMXBC: Together for Mexico: Fundraising event for Mexicos earthquake victims. Join us! October 1, Vancouver BC.",rescue_volunteering_or_donation_effort,puebla_mexico_earthquake_2017,puebla_mexico_earthquake_2017_test
142,910709116724707328,RT @chelcap: Ive #justdonated to support people from the earthquake in Mexico - pls join me if you can. Any amount will help /,rescue_volunteering_or_donation_effort,puebla_mexico_earthquake_2017,puebla_mexico_earthquake_2017_test
118,912121755476615168,"My thoughts &amp; prayers are with all affectedbut more so with my friends in Mexico City - @fhevia &amp; family, Eve Caslop &amp; family.",sympathy_and_support,puebla_mexico_earthquake_2017,puebla_mexico_earthquake_2017_test
290,910650394405093376,"RT @khanacademy: Thinking of our students &amp; teachers in Mexico, and all those impacted by the earthquake. Support the relief effort: :",sympathy_and_support,puebla_mexico_earthquake_2017,puebla_mexico_earthquake_2017_test
183,911795282899275776,This rescue pup named Frida is working to help Mexico City earthquake survivors,rescue_volunteering_or_donation_effort,puebla_mexico_earthquake_2017,puebla_mexico_earthquake_2017_test
295,915038085917712384,"RT @boxingscene: Golovkin Will Travel To Mexico, Donate To Earthquake Victims  #boxing",rescue_volunteering_or_donation_effort,puebla_mexico_earthquake_2017,puebla_mexico_earthquake_2017_test
146,911828801600057344,RT @BeyondType1: How to Help T1Ds Affected by the Earthquake of Mexico City,rescue_volunteering_or_donation_effort,puebla_mexico_earthquake_2017,puebla_mexico_earthquake_2017_dev
111,910585693964967936,RT @Breaking911: Building Collapses In Mexico City Following 7.1 Magnitude Earthquake,infrastructure_and_utility_damage,puebla_mexico_earthquake_2017,puebla_mexico_earthquake_2017_test
70,910700727957377024,RT @WorkingFamilies: Our hearts are with Mexico City. Here is a growing list of places to donate,sympathy_and_support,puebla_mexico_earthquake_2017,puebla_mexico_earthquake_2017_dev
134,910631419877236736,RT @spectatorindex: UPDATE: 149 now confirmed dead in Mexico earthquake,injured_or_dead_people,puebla_mexico_earthquake_2017,puebla_mexico_earthquake_2017_test
201,910584158602199040,RT @mashable: Heres how to help Mexico City after yesterdays deadly earthquake:,rescue_volunteering_or_donation_effort,puebla_mexico_earthquake_2017,puebla_mexico_earthquake_2017_dev
133,910619312280371200,"To help the millions suffering from the Mexico Earthquake, please enter here to donate to help rescue missions",rescue_volunteering_or_donation_effort,puebla_mexico_earthquake_2017,puebla_mexico_earthquake_2017_dev
382,910709174211940352,RT @SherylCrow: Praying for those suffering from the Mexico earthquake. And for Puerto Ricans. Lord Lord ὤFἿB,sympathy_and_support,puebla_mexico_earthquake_2017,puebla_mexico_earthquake_2017_test
394,910547594849402880,"RT @Garoogies: Praying for my family in ἟5἟7 with #HurricaneMaria, and for the people of Mexico with the earthquake ὢ3 #PrayForPuertoRico #Pra",sympathy_and_support,puebla_mexico_earthquake_2017,puebla_mexico_earthquake_2017_test
202,910766780079050752,RT @hyungwonope: [news articles] MONSTA X winning speech  we will pray for Mexico and pray for the recovery from the earthquake. /,sympathy_and_support,puebla_mexico_earthquake_2017,puebla_mexico_earthquake_2017_dev
187,910621463920734208,RT @CharlieDaniels: Just read that the death toll in the Mexico earthquake is 200 They need our prayers.,injured_or_dead_people,puebla_mexico_earthquake_2017,puebla_mexico_earthquake_2017_dev
30,910743978030489600,@TOPLatinAmerica @RealGDT @DunLaura @topupdating @TOPMexicoClique @TioBlurryfake @european_clique @TheGermanClique @andaluciaclique @ArgentinaClique @ColombiaClique @TheCliquePilots @murcia_clique @pejvahdat could you please RT? Its to help the victims of the earthquake in Mexico. Please and thank you Im sorry if I bother.,sympathy_and_support,puebla_mexico_earthquake_2017,puebla_mexico_earthquake_2017_dev
375,911897735426723844,"RT @EQTracker: Strong earthquake - Near Coast Of Oaxaca, Mexico - September 24, 2017  via Earthquake-Report",caution_and_advice,puebla_mexico_earthquake_2017,puebla_mexico_earthquake_2017_test
124,912015291802103809,The Latest: Mexico quake death toll rises to 319: The Latest on Mexicos earthquake (all,injured_or_dead_people,puebla_mexico_earthquake_2017,puebla_mexico_earthquake_2017_test
191,910541615688593408,RT @MofaNepal: Our deep condolences to the people and government of Mexico on loss of lives and properties by the devastating earthquake ye,sympathy_and_support,puebla_mexico_earthquake_2017,puebla_mexico_earthquake_2017_test
32,912447339398406145,@TwitterSupport this account is helping people to check structural damages after the earthquake in Mexico. People need his help.,infrastructure_and_utility_damage,puebla_mexico_earthquake_2017,puebla_mexico_earthquake_2017_dev
197,910739801695023104,RT @caecilia1003: My heart and thought are being with people who have been affected by the earthquake in #Mexico ἟2἟D ὤF #FuerzaMéxico,sympathy_and_support,puebla_mexico_earthquake_2017,puebla_mexico_earthquake_2017_test
12,910643784957882368,RT @FoxBusiness: .@hillary__vaughn provides an update on the deadly Mexico earthquake: At least 225 dead  .,injured_or_dead_people,puebla_mexico_earthquake_2017,puebla_mexico_earthquake_2017_dev
204,913198802772856832,RT @XHNews: Chinese community members in central #Mexico launches fund drive for earthquake victims,rescue_volunteering_or_donation_effort,puebla_mexico_earthquake_2017,puebla_mexico_earthquake_2017_dev
144,913437799877156865,Israeli earthquake rescue team heads home saying their mission in #Mexico has ended.  @cgtnamerica,rescue_volunteering_or_donation_effort,puebla_mexico_earthquake_2017,puebla_mexico_earthquake_2017_dev
185,913521577492221953,RT @ThinkMexican: #RestauranteLeo served free food to rescue workers after #MexicoEarthquake. Now they need our help. DONATE HERE:,rescue_volunteering_or_donation_effort,puebla_mexico_earthquake_2017,puebla_mexico_earthquake_2017_test
297,912092660059508736,"#Repost @reuters ・・・ Rescue dog Frida and her handler work after an earthquake hit Mexico City, Mexico September 2",rescue_volunteering_or_donation_effort,puebla_mexico_earthquake_2017,puebla_mexico_earthquake_2017_test
96,911632722883473410,"Magnitude 6.1 earthquake strikes southern Mexico, swaying buildings in Mexico City",infrastructure_and_utility_damage,puebla_mexico_earthquake_2017,puebla_mexico_earthquake_2017_test
67,911701877863133189,IDF Search and Rescue Team Departs for Mexico after Deadly Earthquake | United with Israel,rescue_volunteering_or_donation_effort,puebla_mexico_earthquake_2017,puebla_mexico_earthquake_2017_dev
310,910701617866989569,"RT @CVasquezU: Sending my love, thoughts, and prayers to all the families affected by the earthquake in Mexico. #FuerzaMexico /",sympathy_and_support,puebla_mexico_earthquake_2017,puebla_mexico_earthquake_2017_test
185,910752384216895488,RT @ditmirbushati: Huge earthquake hits #Mexico. My thoughts are with the victims and all those affected by the devastating earthquake!,sympathy_and_support,puebla_mexico_earthquake_2017,puebla_mexico_earthquake_2017_dev
86,911902281007865856,"#BREAKINGNEWS: New #earthquake, a magnitude 5.7 #earthquake strikes, #Paredon, #Mexico. @USGS @USGSBigQuakes confirmed. #MexicoEarthquake",caution_and_advice,puebla_mexico_earthquake_2017,puebla_mexico_earthquake_2017_dev
217,910770094707318784,"Celebs Send Their Love To Mexico As Earthquake Death Toll Rises -- Oh, And Trump Tweeted Too #἟2἟Dtodosuno!",sympathy_and_support,puebla_mexico_earthquake_2017,puebla_mexico_earthquake_2017_test
87,910644201947197440,RT @PattyArquette: Prayers to our brothers and sisters in Mexico who are suffering from this severe earthquake.,sympathy_and_support,puebla_mexico_earthquake_2017,puebla_mexico_earthquake_2017_test
209,910634367235457024,RT @arriagaa444: TOPOS is a rescue team that was founded during the 1985 earthquake in Mexico City and they can definitely use donations ri,rescue_volunteering_or_donation_effort,puebla_mexico_earthquake_2017,puebla_mexico_earthquake_2017_test
43,910620250114322432,CBS 8 ♦ Mexico’s federal disaster agency is adjusting its death toll from this week’s big earthquake. National,injured_or_dead_people,puebla_mexico_earthquake_2017,puebla_mexico_earthquake_2017_test
190,916205068281462785,Thanks @RFC_Charity @UNICEFMexico for the support! Like them you can donate &amp; help our fellow people in Mexico ἟2἟D⬇️,rescue_volunteering_or_donation_effort,puebla_mexico_earthquake_2017,puebla_mexico_earthquake_2017_test
54,912952665159589888,RT @Kevinwoo91: My prayers are continuing to be with everyone who has been affected by the earthquake in Mexico #PrayForMexico ἟2἟D ὤF,sympathy_and_support,puebla_mexico_earthquake_2017,puebla_mexico_earthquake_2017_test
30,913635912445071360,RT @AFP: Rescue teams in Mexico lead last ongoing search operation to find 20 bodies in aftermath of devastating earthquake /,injured_or_dead_people,puebla_mexico_earthquake_2017,puebla_mexico_earthquake_2017_test
221,910624695027884032,RT @paparoach: 7.1 earthquake in Mexico? We love you guys. Thoughts &amp; prayers from us.,sympathy_and_support,puebla_mexico_earthquake_2017,puebla_mexico_earthquake_2017_test
46,911701347908456448,"Mexico was devastated with a 7.1m earthquake. Please donate if u can, here are a few ways to help even if you’re not in Mexico #FuerzaMexico",rescue_volunteering_or_donation_effort,puebla_mexico_earthquake_2017,puebla_mexico_earthquake_2017_test
63,910737588864110592,The Mexico City Earthquake Has Killed Over 200 People. Here’s How To Help.,injured_or_dead_people,puebla_mexico_earthquake_2017,puebla_mexico_earthquake_2017_test
224,913156300909023232,"Interesting, Mexican tax and customs office opens channel to help diaspora population send donations to Mexico in #earthquake aftermath",rescue_volunteering_or_donation_effort,puebla_mexico_earthquake_2017,puebla_mexico_earthquake_2017_test
132,910646396562362368,RT @rbcamartinez: Praying for everyone affected by the earthquake in Mexico City ♥️,sympathy_and_support,puebla_mexico_earthquake_2017,puebla_mexico_earthquake_2017_dev
90,910718564885192704,@morethansport this is JOJUTLA in Mexico after the earthquake hometown of @irvingperezp PRO ITU athlete any help is welcome!!,rescue_volunteering_or_donation_effort,puebla_mexico_earthquake_2017,puebla_mexico_earthquake_2017_dev
32,910617189107060737,"RT @alvarodrigueza: If you want to donate for the Mexico City earthquake, this is a @CruzRoja_MX wish list  #Amazon",rescue_volunteering_or_donation_effort,puebla_mexico_earthquake_2017,puebla_mexico_earthquake_2017_test
71,911696373032062976,RT @Julio_RoaR: Ottawa-Gatineau residents mobilize to aid Mexico earthquake victims,rescue_volunteering_or_donation_effort,puebla_mexico_earthquake_2017,puebla_mexico_earthquake_2017_test
300,911910483661385728,RT @KTLA: Survivor of Mexico’s 7.1 Magnitude Earthquake Says Floors Came Down Like Dominoes,infrastructure_and_utility_damage,puebla_mexico_earthquake_2017,puebla_mexico_earthquake_2017_test
51,910727855084003328,RT @tempusviators: Mexico Quake Kills 200; Scene of Anguish at School Disaster via @NYTimes,injured_or_dead_people,puebla_mexico_earthquake_2017,puebla_mexico_earthquake_2017_dev
258,910729984783855616,RT @LL4NQUIN: yoo @Bandcamp it would be rly good if u donate your sales to help organizations in mexico after the earthquake such as @Topos,rescue_volunteering_or_donation_effort,puebla_mexico_earthquake_2017,puebla_mexico_earthquake_2017_test
176,910626375899389952,RT @charratastica: You can find more options to donate to Mexico via this NYT article,rescue_volunteering_or_donation_effort,puebla_mexico_earthquake_2017,puebla_mexico_earthquake_2017_test
17,911729839224131585,RT @latimes: An entire block of homes destroyed by the earthquake in Mexico,infrastructure_and_utility_damage,puebla_mexico_earthquake_2017,puebla_mexico_earthquake_2017_test
167,912156595454431232,Hello ὂ5 GOT7 Mexico wants to help people who are suffering for the earthquake on September 19th so were doing this project. Please share❤,rescue_volunteering_or_donation_effort,puebla_mexico_earthquake_2017,puebla_mexico_earthquake_2017_test
174,910624579571163136,RT @fcjuarezenglish: Refer to @fcjuarezoficial official twitter page to help with the earthquake in Mexico City. Good that our club is help,rescue_volunteering_or_donation_effort,puebla_mexico_earthquake_2017,puebla_mexico_earthquake_2017_test
204,912164972381093889,Today the Mexican Navy and @usairforce worked together to unload humanitarian supplies from a @Travis60AMW C-17 in Mexico.#Mexicoearthquake,rescue_volunteering_or_donation_effort,puebla_mexico_earthquake_2017,puebla_mexico_earthquake_2017_test
85,911683667189170178,RT @vanevillela: My friends and I are holding a donation drive to benefit survivors of the Earthquake in Mexico,rescue_volunteering_or_donation_effort,puebla_mexico_earthquake_2017,puebla_mexico_earthquake_2017_dev
379,911905322985390081,Raiders send thoughts and prayers to Mexico after devastating earthquake,sympathy_and_support,puebla_mexico_earthquake_2017,puebla_mexico_earthquake_2017_test
338,911738772710199296,"You can be the difference, help with your donation, just choose the Mexico Earthquake option #FuerzaMexico #Sismo",rescue_volunteering_or_donation_effort,puebla_mexico_earthquake_2017,puebla_mexico_earthquake_2017_test
303,912008120259330048,RT @DavidPapp: NASA Is Providing Mexico With Aerial Data Of The Earthquake Site To Aid In Recovery,rescue_volunteering_or_donation_effort,puebla_mexico_earthquake_2017,puebla_mexico_earthquake_2017_test
170,911623338140864513,"Earthquake Relief Helicopter Crashes in Mexico, Kills One",injured_or_dead_people,puebla_mexico_earthquake_2017,puebla_mexico_earthquake_2017_dev
65,910533413269995520,RT @UrgentNews5: Today is also the anniversary of the 1985 Mexico City earthquake. So sad to see this tragedy happen again on the same day,sympathy_and_support,puebla_mexico_earthquake_2017,puebla_mexico_earthquake_2017_dev
301,910553799479062530,"RT @nhhotelgroup: From NH Hotel Group, we express our support and solidarity to everyone affected by the earthquake in #Mexico",sympathy_and_support,puebla_mexico_earthquake_2017,puebla_mexico_earthquake_2017_test
399,914875569984163840,"@Latam After Mexico earthquake, UF alumni help affected towns  via @TheAlligator",rescue_volunteering_or_donation_effort,puebla_mexico_earthquake_2017,puebla_mexico_earthquake_2017_test
139,910625155235246080,"JUST IN: @POTUS spoke with Mexicos Pres. Peña Nieto today after yesterdays earthquake, offering assistance which are now being deployed",rescue_volunteering_or_donation_effort,puebla_mexico_earthquake_2017,puebla_mexico_earthquake_2017_dev
262,913030630753017856,RT @DanielJMelville: My thoughts go out to everyone affected in Mexico City,infrastructure_and_utility_damage,puebla_mexico_earthquake_2017,puebla_mexico_earthquake_2017_test
149,910706621705326592,"So many stories of fear, pain, anguish in the aftermath of quake. Consider supporting @topos - Mexicos elite rescue team. #FuerzaMexico",rescue_volunteering_or_donation_effort,puebla_mexico_earthquake_2017,puebla_mexico_earthquake_2017_test
241,915002992214110208,Artificial Intelligence Raises $1 Million for Mexico Earthquake victims,rescue_volunteering_or_donation_effort,puebla_mexico_earthquake_2017,puebla_mexico_earthquake_2017_test
236,910804634314399744,RT @BisexualNews: Mexican Consulate in Kansas City working to aid earthquake victims in Mexico City,rescue_volunteering_or_donation_effort,puebla_mexico_earthquake_2017,puebla_mexico_earthquake_2017_test
49,910534121914482693,Therapists´ Clinic Destroyed in Mexico City Earthquake  vía @youcaring,infrastructure_and_utility_damage,puebla_mexico_earthquake_2017,puebla_mexico_earthquake_2017_test
118,912374871673462784,"RT @ELCALDR: As Mexico earthquake survivors heal in hospitals, rescuers aren’t giving up in the search for others",rescue_volunteering_or_donation_effort,puebla_mexico_earthquake_2017,puebla_mexico_earthquake_2017_dev
91,915242145241616384,"Meet Ludoviko, the #Cabo rescue dog sent to Mexico City to find earthquake survivors. Read more in our latest issue:",rescue_volunteering_or_donation_effort,puebla_mexico_earthquake_2017,puebla_mexico_earthquake_2017_test
131,910685724852207616,RT @hipEchik: Exactly what I was hoping: LA County Rescue Team Will Help With Earthquake Rescue Effort in Mexico City,rescue_volunteering_or_donation_effort,puebla_mexico_earthquake_2017,puebla_mexico_earthquake_2017_test
9,914954707550003200,Please help us raise funds (accepting crypto) for Mexicos earthquake victims. Info here:  #EarthquakeMexico,rescue_volunteering_or_donation_effort,puebla_mexico_earthquake_2017,puebla_mexico_earthquake_2017_dev
214,910577630012829696,RT @Azharkh4: Another shocking footage of buildings collapse as powerful #earthquake strikes #Mexico City. #FuerzaMexico,infrastructure_and_utility_damage,puebla_mexico_earthquake_2017,puebla_mexico_earthquake_2017_test
311,910687880539811840,"Relief effort for Mexico City earthquake, Bolivar y Chimalpopoca #FuerzaMexico #sismo #AyudaCDMX #EarthquakeMexico #TerremotoEnMexico",rescue_volunteering_or_donation_effort,puebla_mexico_earthquake_2017,puebla_mexico_earthquake_2017_test
57,913297757695365123,Cops Rescue Stray Puppy Too Scared To Move After Earthquake,rescue_volunteering_or_donation_effort,puebla_mexico_earthquake_2017,puebla_mexico_earthquake_2017_dev
186,914898036798697472,@michaeljackson Yo esperando el Thoughts and players to the families of earthquake in Mexico :v,sympathy_and_support,puebla_mexico_earthquake_2017,puebla_mexico_earthquake_2017_test
253,910541788607328257,RT @livechristian1: Please pray for those in Mexico that are recovering from a horrible earthquake. God bless them.,sympathy_and_support,puebla_mexico_earthquake_2017,puebla_mexico_earthquake_2017_test
64,910716166913499137,Buildings Across #Mexico City That Toppled in the Earthquake,infrastructure_and_utility_damage,puebla_mexico_earthquake_2017,puebla_mexico_earthquake_2017_test
92,911673611856920576,Death toll from the earthquake in #Mexico on Tuesday is now up in 295. In a few places rescue teams are still looking for people alive.,injured_or_dead_people,puebla_mexico_earthquake_2017,puebla_mexico_earthquake_2017_dev
116,913433054995238912,@BBCWorld @UniNoticias @nytimes #Heroes come from all over the world to help in #MexicoEarthquake rescue efforts Thanks to all of you,rescue_volunteering_or_donation_effort,puebla_mexico_earthquake_2017,puebla_mexico_earthquake_2017_test
75,910534515910696960,Latin American Herald Tribune - Taiwan to Send Rescue Teams to Mexico after Earthquake,rescue_volunteering_or_donation_effort,puebla_mexico_earthquake_2017,puebla_mexico_earthquake_2017_dev
59,911623258553802752,UPDATE the @redcrosscanada now offers a dedicated fund to support earthquake victims #FuerzaMexico @thehappycity,rescue_volunteering_or_donation_effort,puebla_mexico_earthquake_2017,puebla_mexico_earthquake_2017_test
182,910564068985004032,@GearsofWar take out packs to help Mexico by the earthquake,rescue_volunteering_or_donation_effort,puebla_mexico_earthquake_2017,puebla_mexico_earthquake_2017_dev
212,910715265339375616,"RT @BBCBreaking: Strong earthquake of magnitude 7.4 hits southern Mexico, rattling buildings in Mexico City",caution_and_advice,puebla_mexico_earthquake_2017,puebla_mexico_earthquake_2017_test
60,910580541275205633,#Mexico Where to Donate to Mexico Earthquake Victims por AODHAN BEIRNE and CHRISTINA CARON via NYT,rescue_volunteering_or_donation_effort,puebla_mexico_earthquake_2017,puebla_mexico_earthquake_2017_test
81,910641165564706816,RT @DrakeBell: 48 reported dead in Mexico City after earthquake.I cant believe this. Praying for Mexico ἟2἟D,injured_or_dead_people,puebla_mexico_earthquake_2017,puebla_mexico_earthquake_2017_dev
89,910571606564421634,To donate via #Bitcoins for Mexicos earthquake relief you can do so using this address:1FsicrvMbarJNKVBcUDK1FVujSBs1U6UrZ,rescue_volunteering_or_donation_effort,puebla_mexico_earthquake_2017,puebla_mexico_earthquake_2017_dev
299,913710782235516928,RT @PopCrave: Kim Kardashian for Vogue Mexico. Proceeds of the magazine sales will be going towards Mexico earthquake relief. /,rescue_volunteering_or_donation_effort,puebla_mexico_earthquake_2017,puebla_mexico_earthquake_2017_test
97,913513998376513536,"Congrats @HyattZivaCancun for donating bedding, sheets &amp; bathrobes to @BomberosCancun to help people affected by recent earthquake in Mexico",rescue_volunteering_or_donation_effort,puebla_mexico_earthquake_2017,puebla_mexico_earthquake_2017_test
33,913860333713756160,"A great way to donate to help w/ #PuertoRico hurricane, Mexico earthquake, or both:  #FuerzaPuertoRico #FuerzaMéxico",rescue_volunteering_or_donation_effort,puebla_mexico_earthquake_2017,puebla_mexico_earthquake_2017_dev
26,911724172749033472,Mexico City #earthquake rescue efforts now going surgical.,rescue_volunteering_or_donation_effort,puebla_mexico_earthquake_2017,puebla_mexico_earthquake_2017_test
127,910560698689773568,RT @SOMEXlCAN: Pray for Mexico ἟2἟D City earthquake victims And all those in the hurricane areas Puerto Rico ἟5἟7 Virgin Islands and so many ot,sympathy_and_support,puebla_mexico_earthquake_2017,puebla_mexico_earthquake_2017_test
152,913011290012037125,Going above and beyond. @CruzRoja_MX volunteers are letting nothing stop them from reaching people after the #Mexico earthquake.,rescue_volunteering_or_donation_effort,puebla_mexico_earthquake_2017,puebla_mexico_earthquake_2017_test
126,912358205426106373,RT @RepKinzinger: My thoughts and prayers are with the people of Mexico City &amp; with all our friends in Mexico following this devastating ea,sympathy_and_support,puebla_mexico_earthquake_2017,puebla_mexico_earthquake_2017_dev
33,910717289049161728,I joined leaders from the two Laredos- #USA &amp; #Mexico - to announce a binational effort to collect items 2 help earthquake victims in Mexico,rescue_volunteering_or_donation_effort,puebla_mexico_earthquake_2017,puebla_mexico_earthquake_2017_test
181,910814489905307648,RT @YingjueChen: If youre trying to find verified donation orgs for Mexico City Earthquake,rescue_volunteering_or_donation_effort,puebla_mexico_earthquake_2017,puebla_mexico_earthquake_2017_dev
206,910580507154485248,Where to Donate to Mexico Earthquake Victims  #news #mexico,rescue_volunteering_or_donation_effort,puebla_mexico_earthquake_2017,puebla_mexico_earthquake_2017_test
232,914898449300168704,I think it’s time to do a remake of #pray and donate all of the proceeds to the #mexicoearthquake and #PuertoRicoRelief @scooterbraun,rescue_volunteering_or_donation_effort,puebla_mexico_earthquake_2017,puebla_mexico_earthquake_2017_test
254,910537109580038146,PLEASE PRAY FOR MEXICO. My hometown just suffered a huge earthquake and they need love and support. #MexicoFuerte #MexicoCity,sympathy_and_support,puebla_mexico_earthquake_2017,puebla_mexico_earthquake_2017_test
353,910642662545354752,Please donate to the victims of the earthquake in Mexico. Any donation is very helpful!! #MexicoCityearthquake #fuerzamexico,rescue_volunteering_or_donation_effort,puebla_mexico_earthquake_2017,puebla_mexico_earthquake_2017_test
269,911776772387168261,Can help us raise £5000 for the Earthquake in Mexico. Please donate to our JustGiving Crowdfunding Page:἟2἟D  THANK YOU,rescue_volunteering_or_donation_effort,puebla_mexico_earthquake_2017,puebla_mexico_earthquake_2017_test
223,910572654695870464,RT @nypost: Shocking images from Mexico Citys powerful earthquake,infrastructure_and_utility_damage,puebla_mexico_earthquake_2017,puebla_mexico_earthquake_2017_test
179,910792950787051520,RT @UrquizaNayeli: Help raise £10000 to Help earthquake victims in Mexico Please #donate on @justgiving and RT,rescue_volunteering_or_donation_effort,puebla_mexico_earthquake_2017,puebla_mexico_earthquake_2017_test
174,911812022295306240,@envidiadetodos @alynmon @SilviaCarlova @TelevisaApesta_ @Paul_Pellon @soyNorma__ @hekglez @CaradeMarciano @adiazpi @Angelik9091 @canallasforever Y es por eso que: Mexicans arent counting on the government to rescue them. Theyre saving themselves,rescue_volunteering_or_donation_effort,puebla_mexico_earthquake_2017,puebla_mexico_earthquake_2017_dev
342,910681236477067264,#ICYMI: More than 200 people killed after 7.1 magnitude earthquake hits Mexico City,injured_or_dead_people,puebla_mexico_earthquake_2017,puebla_mexico_earthquake_2017_test
58,913108122465705986,RT @lizzie_wade: Repeat until you believe it: DIFFERENT EARTHQUAKES AFFECT DIFFERENT BUILDINGS,infrastructure_and_utility_damage,puebla_mexico_earthquake_2017,puebla_mexico_earthquake_2017_test
265,910728844071641089,RT @andresmh: The NYT put a good list of ways to donate to Mexico:,rescue_volunteering_or_donation_effort,puebla_mexico_earthquake_2017,puebla_mexico_earthquake_2017_test
141,910706529711673345,"RT @Olallo_Rubio: Battered, Not Broken: Pictures of Mexico After the Quake -",infrastructure_and_utility_damage,puebla_mexico_earthquake_2017,puebla_mexico_earthquake_2017_test
107,910575000150720512,RT @davidjeremiah: United in prayer for all those affected by the earthquake that shook Mexico. Our prayers are with you. Psalms 46:1 #Pra,sympathy_and_support,puebla_mexico_earthquake_2017,puebla_mexico_earthquake_2017_test
136,910758621998350336,Mexico earthquake: Animals rescued from collapsed medical lab via FOX NEWS,rescue_volunteering_or_donation_effort,puebla_mexico_earthquake_2017,puebla_mexico_earthquake_2017_test
291,910538771329880064,"Deadly Mexico City Earthquake Triggered Volcanic Eruption, Leaves At Least 217 Dead  #Business",injured_or_dead_people,puebla_mexico_earthquake_2017,puebla_mexico_earthquake_2017_test
43,912325944681074690,Donate here to help with Mexico earthquake relief ἟2἟Dὄ7ἿB @ElJuanpaZurita,rescue_volunteering_or_donation_effort,puebla_mexico_earthquake_2017,puebla_mexico_earthquake_2017_dev
361,910681953971482624,JUST IN: L.A. County Fire Department’s Urban Search and Rescue Team are being deployed to Mexico to assist with 7.1 earthquake aftermath,rescue_volunteering_or_donation_effort,puebla_mexico_earthquake_2017,puebla_mexico_earthquake_2017_test
11,910746454515503105,Death toll after earthquake in Mexico City rises to more than 200,injured_or_dead_people,puebla_mexico_earthquake_2017,puebla_mexico_earthquake_2017_dev
16,910715389516161024,My heart breaks even more today reading about all those who have been affected by the earthquake in Mexico. Please keep praying!!,sympathy_and_support,puebla_mexico_earthquake_2017,puebla_mexico_earthquake_2017_dev
108,910771978415439872,"RT @GlobalGiving: Text MEXICO to 80100 to give $10 to GlobalGiving’s Mexico Earthquake Relief Fund  US users only, m",rescue_volunteering_or_donation_effort,puebla_mexico_earthquake_2017,puebla_mexico_earthquake_2017_test
155,910560481097613312,RT @cnni: Dozens were killed in a powerful earthquake that rocked Mexico City and surrounding states,injured_or_dead_people,puebla_mexico_earthquake_2017,puebla_mexico_earthquake_2017_dev
61,910553949010145280,RT @astros: We send our deepest condolences to those affected by the earthquake in Mexico City. ἟2἟D,sympathy_and_support,puebla_mexico_earthquake_2017,puebla_mexico_earthquake_2017_dev
186,911683365153239041,RT @nowthisnews: This rescue dog is working hard to find survivors of Mexicos deadly earthquake,rescue_volunteering_or_donation_effort,puebla_mexico_earthquake_2017,puebla_mexico_earthquake_2017_dev
222,913494883582615552,"A rescue operation is carried out after the earthquake in Mexico City, and more photos of the week:  ὏7@cjassopix",rescue_volunteering_or_donation_effort,puebla_mexico_earthquake_2017,puebla_mexico_earthquake_2017_test
84,912424911930630144,RT @jica_direct_en: Japan Disaster Relief (JDR) Rescue Team was dispatched to Mexico in response to the damages caused by the earthquake.ht,infrastructure_and_utility_damage,puebla_mexico_earthquake_2017,puebla_mexico_earthquake_2017_dev
193,913104301089734656,"If you are interested in donating to help the victims of the earthquake in Mexico and Hurricanes Harvey, Irma and",rescue_volunteering_or_donation_effort,puebla_mexico_earthquake_2017,puebla_mexico_earthquake_2017_dev
193,911643241245634560,RT @NancyPelosi: Paul &amp; I are praying for the loved ones of those lost &amp; the injured today in the Mexico City earthquake. #PrayForMexico,sympathy_and_support,puebla_mexico_earthquake_2017,puebla_mexico_earthquake_2017_test
6,911783155463372801,Wife of @StephenCurry30 responds to Trump’s attacks by asking him to donate to Mexico earthquake victims. That’s how you use the limelight!,rescue_volunteering_or_donation_effort,puebla_mexico_earthquake_2017,puebla_mexico_earthquake_2017_dev
102,911739680953008128,"Omar Rodríguez Graham went out to help as fast as he could on Tuesday, right after the quake. #facesofsolidarity #earthquake #mexico",rescue_volunteering_or_donation_effort,puebla_mexico_earthquake_2017,puebla_mexico_earthquake_2017_dev
160,911844617234059264,Throughout Mexico City you see truckloads of volunteers heading to help victims of the #MexicoEarthquake. Amazing show of solidarity. @FOXLA,rescue_volunteering_or_donation_effort,puebla_mexico_earthquake_2017,puebla_mexico_earthquake_2017_test
326,910658726625005569,@imransolanki313 Dog rescued from collapsed #MexicoCity building after todays powerful earthquake ❤️ Mexico We are with you,rescue_volunteering_or_donation_effort,puebla_mexico_earthquake_2017,puebla_mexico_earthquake_2017_test
69,910524053521293312,Rescuers search for dozens of children feared buried under a Mexico City school after earthquake:,rescue_volunteering_or_donation_effort,puebla_mexico_earthquake_2017,puebla_mexico_earthquake_2017_dev
152,912950828239122432,RT @Paralympics: #FuerzaMexico: Athletes from Mexico have been helping to provide aid for earthquake victims. ἟2἟D,rescue_volunteering_or_donation_effort,puebla_mexico_earthquake_2017,puebla_mexico_earthquake_2017_dev
377,912065806669934592,#News Bethenny Frankel helps with earthquake relief in Mexico,rescue_volunteering_or_donation_effort,puebla_mexico_earthquake_2017,puebla_mexico_earthquake_2017_test
319,913313323126362112,RT @CanadaFP: Our thoughts are with the families of those who have died or are injured as a result of the earthquake in southern #Mexico ἞8἞6,sympathy_and_support,puebla_mexico_earthquake_2017,puebla_mexico_earthquake_2017_test
325,910795798144782336,Rescuers are racing against the clock to reach survivors trapped under the rubble of a school in Mexico which collapsed during Earthquake.,rescue_volunteering_or_donation_effort,puebla_mexico_earthquake_2017,puebla_mexico_earthquake_2017_test
318,912273603797843970,RT @nytimesworld: It’s a wake-up call.” Tuesday’s earthquake sounded alarms over Mexico City’s adherence to building codes.,infrastructure_and_utility_damage,puebla_mexico_earthquake_2017,puebla_mexico_earthquake_2017_test
52,910749142611349505,Please help donating for the Mexico earthquake disaster relief Ὁ4 #FuerzaMexico,rescue_volunteering_or_donation_effort,puebla_mexico_earthquake_2017,puebla_mexico_earthquake_2017_test
119,910546356132913152,"RT @PatrikBatAAr: Heard about yet another Mexico earthquake Im so sorry. Stay safe, everyone",sympathy_and_support,puebla_mexico_earthquake_2017,puebla_mexico_earthquake_2017_test
357,915261931820371969,Our friends of @IRRI_Mexico @IslaUrbana @ConcentrArte are raising funds to rebuild communities affected by the earthquake in #Mexico,rescue_volunteering_or_donation_effort,puebla_mexico_earthquake_2017,puebla_mexico_earthquake_2017_test
210,910611472249737218,Cant get over the devastation of this earthquake. ὢD praying for more survivors to be rescued today in Mexico City,rescue_volunteering_or_donation_effort,puebla_mexico_earthquake_2017,puebla_mexico_earthquake_2017_test
4,912127610695516161,RT @grillo1138: Look @NintendoAmerica The guys of @BarcadeVG sharing the love to the victims of the earthquake in Mexico City :) .,sympathy_and_support,puebla_mexico_earthquake_2017,puebla_mexico_earthquake_2017_test
189,910616134356934657,RT @nytimes: Here is a list of local and international organizations that are providing aid to Mexicos earthquake victims,rescue_volunteering_or_donation_effort,puebla_mexico_earthquake_2017,puebla_mexico_earthquake_2017_dev
216,910720562346958848,"RT @imgur: This is Frida, she has saved 12 people so far in Mexicos Earthquake.",rescue_volunteering_or_donation_effort,puebla_mexico_earthquake_2017,puebla_mexico_earthquake_2017_test
270,912094443657945088,We urge you to donate to @Fund_CarlosSlim to help rescuing and reconstruction efforts in Mexico after the earthquake #MexicoEarthquakeRelief,rescue_volunteering_or_donation_effort,puebla_mexico_earthquake_2017,puebla_mexico_earthquake_2017_test
89,910576613862944768,@thekillers #askthekillers Would you do a donation to the people in Mexico city who needs help because of the earthquake? Love you guys!!,rescue_volunteering_or_donation_effort,puebla_mexico_earthquake_2017,puebla_mexico_earthquake_2017_test
104,914235278285578240,Police rescue dog from rubble in Mexico City nearly a week after 7.1-magnitude earthquake collapsed 38 structures.,rescue_volunteering_or_donation_effort,puebla_mexico_earthquake_2017,puebla_mexico_earthquake_2017_dev
57,911634098883633157,RT @MLB: MLB to donate $1 million to assist communities impacted by Hurricane Maria in PR and the earthquake in Mexico.,rescue_volunteering_or_donation_effort,puebla_mexico_earthquake_2017,puebla_mexico_earthquake_2017_test
354,913026646462083075,"It’s shitty that Mexico sent in volunteers to help Texas after the hurricane, but Trump won’t send anything to Mexico after the earthquake",rescue_volunteering_or_donation_effort,puebla_mexico_earthquake_2017,puebla_mexico_earthquake_2017_test
93,911807709724282880,RT @cbsbaltimore: A 6.1 magnitude earthquake has hit Mexico in Oaxaca. Over 400 people have been killed by recent quakes in Mexico.,injured_or_dead_people,puebla_mexico_earthquake_2017,puebla_mexico_earthquake_2017_test
172,912397469404860416,RT @ajplus: UPDATE: The death toll from last week’s 7.1 magnitude earthquake in Mexico has climbed to 320.,injured_or_dead_people,puebla_mexico_earthquake_2017,puebla_mexico_earthquake_2017_dev
196,913139308781031424,"French rescue workers look for damaged houses after the last 7.1 earthquake in Tetela del Volcan, Morelos state, Mexico on Sept.26 #AFP",rescue_volunteering_or_donation_effort,puebla_mexico_earthquake_2017,puebla_mexico_earthquake_2017_test
115,912045521308708864,"RT @najjar_samaan: OCA Diocese of Mexico assessing earthquake damage in parishes, missions | A Russian Orthodox Church Website",infrastructure_and_utility_damage,puebla_mexico_earthquake_2017,puebla_mexico_earthquake_2017_dev
151,910761720448028672,RT @AJEnglish: @AJENews This was a horrible experience Earthquake kills more than 200 in central Mexico  /,injured_or_dead_people,puebla_mexico_earthquake_2017,puebla_mexico_earthquake_2017_test
128,910695149587521536,If you are interested in donating to a México Earthquake Relief Fund please consider Christian ministry World Vision,rescue_volunteering_or_donation_effort,puebla_mexico_earthquake_2017,puebla_mexico_earthquake_2017_dev
196,910613706630762497,"Mexico earthquake kills at least 25, mostly children, at school:  @Miguelnbc​ will have more on @NBCNightlyNews.",injured_or_dead_people,puebla_mexico_earthquake_2017,puebla_mexico_earthquake_2017_dev
27,910557837041864704,RT @ajplus: A 7.1-magnitude earthquake near Mexico City took down buildings and homes. The death toll is still rising.,infrastructure_and_utility_damage,puebla_mexico_earthquake_2017,puebla_mexico_earthquake_2017_test
80,913530733347532800,"We have put together an Album to help Mexico on the recent earthquake situation, reach your heart and donate as much as you can when buying.",rescue_volunteering_or_donation_effort,puebla_mexico_earthquake_2017,puebla_mexico_earthquake_2017_test
9,913080842271866881,The best way to receive a Mexican!Watch @ConanOBrien tonight. Ill talk about #FlatlinersMovie and how to help Mexico after the earthquake!,rescue_volunteering_or_donation_effort,puebla_mexico_earthquake_2017,puebla_mexico_earthquake_2017_test
138,910563180245479424,"19/11/1985:M 8.1 earthquake obliterates Mexico City, killing over 30K people 19/11/2017:M 7.1 Earthquake kills over 250 people in 4 States",injured_or_dead_people,puebla_mexico_earthquake_2017,puebla_mexico_earthquake_2017_dev
370,913765950234574848,Im raising money for State of Mexico Earthquake victims. Click to Donate:  via @gofundme,rescue_volunteering_or_donation_effort,puebla_mexico_earthquake_2017,puebla_mexico_earthquake_2017_test
169,912149268449955841,RT @NatGeo: Todays quake in Mexico comes exactly 32 years after a massive earthquake left thousands dead in 1985,injured_or_dead_people,puebla_mexico_earthquake_2017,puebla_mexico_earthquake_2017_dev
25,913184911326097408,"After #MexicoEarthquake, @USAID disaster team deployed 2 help. See inspiring ἟2἟D἟A἟8#USAR teams in action  #FuerzaMéxico",rescue_volunteering_or_donation_effort,puebla_mexico_earthquake_2017,puebla_mexico_earthquake_2017_test
153,910646678742429696,"Hey, everyone. Just donated to a relief work in Mexico City after a fatal, devastating earthquake. USD goes far in Mexico so anything helps!",rescue_volunteering_or_donation_effort,puebla_mexico_earthquake_2017,puebla_mexico_earthquake_2017_test
169,910611804874780674,"RT @lesleytellez: Great list, en español, of all the organizations seeking aid for Mexico earthquake victims.",rescue_volunteering_or_donation_effort,puebla_mexico_earthquake_2017,puebla_mexico_earthquake_2017_test
355,910563492679254016,RT @Lyndab08: A trusted friend says to donate to @topos if you want to help with earthquake relief in Mexico. ἟2἟D,rescue_volunteering_or_donation_effort,puebla_mexico_earthquake_2017,puebla_mexico_earthquake_2017_test
211,910647789817696257,Our thoughts are with our @INAHmx colleagues and everyone in Mexico affected by yesterdays earthquake. Info on resources here:,sympathy_and_support,puebla_mexico_earthquake_2017,puebla_mexico_earthquake_2017_test
161,913594486592360448,RT @Metro_Ents: Kim Kardashian-West donating proceeds from Vogue Mexico cover to Earthquake victim charity,rescue_volunteering_or_donation_effort,puebla_mexico_earthquake_2017,puebla_mexico_earthquake_2017_dev
20,911708804600827904,RT @rebedebuen: Help us raise $10k for Mexico Earthquake Relief,rescue_volunteering_or_donation_effort,puebla_mexico_earthquake_2017,puebla_mexico_earthquake_2017_test
385,910534421224210432,Latin American Herald Tribune - Death Toll from Mexico Earthquake Rises to 224,injured_or_dead_people,puebla_mexico_earthquake_2017,puebla_mexico_earthquake_2017_test
53,910649069411770368,A powerful &amp; dramatic photo gallery of rescue efforts in Mexico: The gesture that unites rescue workers ✊️. #Mexico #earthquake #photography,rescue_volunteering_or_donation_effort,puebla_mexico_earthquake_2017,puebla_mexico_earthquake_2017_test
41,914883695202455552,"RT @carlagugino: Just heard about the #earthquake in #mexico. I am sending love and prayers to all those affected. Boy, we must embrace eve",sympathy_and_support,puebla_mexico_earthquake_2017,puebla_mexico_earthquake_2017_test
213,910610248226009088,RT @imgur: Crowd cheers as doggo is pulled from rubble of deadly earthquake in Mexico unharmed.,rescue_volunteering_or_donation_effort,puebla_mexico_earthquake_2017,puebla_mexico_earthquake_2017_test
376,910715277289037824,LATEST: More than 230 dead after Mexico earthquake as rescue teams desperately try to free trapped schoolchildren.,injured_or_dead_people,puebla_mexico_earthquake_2017,puebla_mexico_earthquake_2017_test
208,910654065176043520,A prayer for all those affected by the #Mexico Earthquake. Read a text version here:  #MexicoCity #PrayForMexico,sympathy_and_support,puebla_mexico_earthquake_2017,puebla_mexico_earthquake_2017_test
109,910715801484840960,RT @davidlongoria7: Prayers for #Mexico as they begin to recover from the #earthquake #GodblessMexico,sympathy_and_support,puebla_mexico_earthquake_2017,puebla_mexico_earthquake_2017_dev
7,910772618973843456,Trapped girl a symbol for Mexicos earthquake rescue efforts - CBC.ca  #news #topstories,rescue_volunteering_or_donation_effort,puebla_mexico_earthquake_2017,puebla_mexico_earthquake_2017_test
81,911964226549362688,Official death toll of 19 Sept Mexico Earthquake is now 318.,injured_or_dead_people,puebla_mexico_earthquake_2017,puebla_mexico_earthquake_2017_test
275,911993989028548609,RT @ISRAEL21C: The IDF &amp; Israeli aid agencies send emergency response teams and aid to #Mexico following 7.1 magnitude earthquake. /,rescue_volunteering_or_donation_effort,puebla_mexico_earthquake_2017,puebla_mexico_earthquake_2017_test
50,910610220522409984,RT @rihanna: Mexico you are in my prayers as well! Just heard of this horrible earthquake! Praying for the families of those who lost their,sympathy_and_support,puebla_mexico_earthquake_2017,puebla_mexico_earthquake_2017_test
75,910648767015264258,RT @OfficialJoelF: Buildings collapsed in Mexico City following powerful 7.1-magnitude earthquake,infrastructure_and_utility_damage,puebla_mexico_earthquake_2017,puebla_mexico_earthquake_2017_test
317,912017793276633088,RT @andrewwommack: Join us in prayer for those affected by this weeks deadly earthquake in the nation of Mexico. #PrayForMexico .,sympathy_and_support,puebla_mexico_earthquake_2017,puebla_mexico_earthquake_2017_test
249,913044012294123520,Earthquake Strikes Again: Pray for Mexico!,sympathy_and_support,puebla_mexico_earthquake_2017,puebla_mexico_earthquake_2017_test
13,910611634120482818,RT @Dianaspeak: Photos of the Devastation from the 7.1-Magnitude Earthquake that Hit Mexico  via @olisatv,infrastructure_and_utility_damage,puebla_mexico_earthquake_2017,puebla_mexico_earthquake_2017_test
164,910585552067424256,RT @BuzzFeedNews: At least 44 people are dead after a major earthquake hit Mexico. Many may still be trapped under collapsed buildings http,injured_or_dead_people,puebla_mexico_earthquake_2017,puebla_mexico_earthquake_2017_test
367,910575939897188352,RT @OxfamAmerica: 7.1-magnitude earthquake hit #MexicoCity . Heres what were doing:  #mexicoearthquake,rescue_volunteering_or_donation_effort,puebla_mexico_earthquake_2017,puebla_mexico_earthquake_2017_test
128,914186594550247425,Some damages #earthquake #MexicoEarthquake #damages #buildings #edificios #daños #terremoto,infrastructure_and_utility_damage,puebla_mexico_earthquake_2017,puebla_mexico_earthquake_2017_test
281,912451649045712896,RT @JChavez002: For those in #LA #BoyleHeights would you like to donate #tents or tarps for the #MexicoEarthquake survivors? My flight leav,rescue_volunteering_or_donation_effort,puebla_mexico_earthquake_2017,puebla_mexico_earthquake_2017_test
215,911996879243751426,RT @SkyNewsBreak: Mexicos earthquake monitoring agency says a 6.2 magnitude aftershock has hit Mexico City after a 7.1 quake killed more t,injured_or_dead_people,puebla_mexico_earthquake_2017,puebla_mexico_earthquake_2017_test
150,911722238193303553,"Frida ,The Hero Dog, Saved 52 People In Mexico Earthquake via @9gag",rescue_volunteering_or_donation_effort,puebla_mexico_earthquake_2017,puebla_mexico_earthquake_2017_dev
70,910770395686502401,"If you are looking for a great organization to donate to, please consider donating to @topos They do life saving work. #FuerzaMexico",rescue_volunteering_or_donation_effort,puebla_mexico_earthquake_2017,puebla_mexico_earthquake_2017_test
25,910646772812333056,"Residents of Mexico City distributing water, food, and diapers to victims of the earthquake. #AyudaCDMX #MexicoEstaDePie",rescue_volunteering_or_donation_effort,puebla_mexico_earthquake_2017,puebla_mexico_earthquake_2017_dev
163,912108822746955777,"RT @HNSMX: @Totalbiscuit Frida, a better picture. The hero who saved many lives from Earthquake rubble in Mexico City",rescue_volunteering_or_donation_effort,puebla_mexico_earthquake_2017,puebla_mexico_earthquake_2017_dev
315,911709762487832577,RT @DJUnit27: Amazon now takes donations to the Red Cross for Mexico Earthquake Relief using Amazon Pay.,rescue_volunteering_or_donation_effort,puebla_mexico_earthquake_2017,puebla_mexico_earthquake_2017_test
74,910641990370435072,@sharondubois_ hello  in mexico there are many people who have suffered for the earthquake. We pray for mexico.ὠ7,sympathy_and_support,puebla_mexico_earthquake_2017,puebla_mexico_earthquake_2017_test
103,910678335277039616,RT @crumpitout: Praying for all those affected by the earthquake in Mexico. Take care of each other.,sympathy_and_support,puebla_mexico_earthquake_2017,puebla_mexico_earthquake_2017_test
73,912089410539278336,How to Aid in Earthquake Relief for Mexico  via @fabiolaofmexico #SundayBlogShare #BloggersBlast #BloggersLife,rescue_volunteering_or_donation_effort,puebla_mexico_earthquake_2017,puebla_mexico_earthquake_2017_test
23,910648044441411584,"I just found out about the terrible earthquake in Mexico, and the heartwarming solidarity of its people. #FuerzaMexico, we are here for you.",sympathy_and_support,puebla_mexico_earthquake_2017,puebla_mexico_earthquake_2017_test
84,910707407197818880,7.1-magnitude earthquake hit the city of Puebla in Mexico – VIDEO,caution_and_advice,puebla_mexico_earthquake_2017,puebla_mexico_earthquake_2017_test
397,910525883579998208,RT @emilytgreen: Removing the jungle gym from elementary school where at least 22 students died in Mexico earthquake,injured_or_dead_people,puebla_mexico_earthquake_2017,puebla_mexico_earthquake_2017_test
29,912354322364604416,"Cristiano Ronaldo paid a touching tribute to Santiago Flores, a young fan killed in last weeks earthquake in Mexico.❤️",injured_or_dead_people,puebla_mexico_earthquake_2017,puebla_mexico_earthquake_2017_dev
261,910567620151205889,RT @sebastianant517: RT SirJadeja: BREAKING: Massive 7.1 Magnitude #Earthquake Strikes #Mexico City. Prayers ὤFἿE #MexicoEarthquake #sism ht,sympathy_and_support,puebla_mexico_earthquake_2017,puebla_mexico_earthquake_2017_test
371,910545062546640897,RT @PiperPerabo: Looking for a local charity to donate to for #MexicoEarthquake relief? I donated here ἟A἟8♥️἟2἟D con amor,rescue_volunteering_or_donation_effort,puebla_mexico_earthquake_2017,puebla_mexico_earthquake_2017_test
138,910560584806031362,RT @AP: BREAKING: Civil Defense agency says Mexico earthquake death toll reaches 139.,injured_or_dead_people,puebla_mexico_earthquake_2017,puebla_mexico_earthquake_2017_test
252,910546863207657472,Please pray for the people of Mexico City in Mexico. The death toll from the earthquake has risen to 225.,injured_or_dead_people,puebla_mexico_earthquake_2017,puebla_mexico_earthquake_2017_test
366,911684288126623749,RT @AP: BREAKING: Death toll from this weeks central Mexico earthquake tops 300.,injured_or_dead_people,puebla_mexico_earthquake_2017,puebla_mexico_earthquake_2017_test
45,910572521392623618,RT @WGNNews: Chicagos Mexican community organizing relief efforts for Mexico City after massive earthquake,rescue_volunteering_or_donation_effort,puebla_mexico_earthquake_2017,puebla_mexico_earthquake_2017_test
5,910734009230966784,@EmmaWatson A teamly reminder of the earthquake in Mexico. If you can donate or just pray for my country could be a good way to show solidarity with us.,rescue_volunteering_or_donation_effort,puebla_mexico_earthquake_2017,puebla_mexico_earthquake_2017_test
7,910543045745025024,"RT @nytimesworld: 216 people have been killed by the earthquake, Mexicos civil protection agency reported early Wednesday",injured_or_dead_people,puebla_mexico_earthquake_2017,puebla_mexico_earthquake_2017_dev
69,912051540973690880,RT @Poynter: #Verificado19S is using user-generated content to fact-check earthquake damage reports around Mexico City,infrastructure_and_utility_damage,puebla_mexico_earthquake_2017,puebla_mexico_earthquake_2017_test
35,913458667625881600,Mexico Citys restaurants join earthquake relief efforts: My latest for @Eater #SismoCDMX #Sismo19S,rescue_volunteering_or_donation_effort,puebla_mexico_earthquake_2017,puebla_mexico_earthquake_2017_dev
121,912135344862126080,More than 200 killed as powerful 7.1 earthquake strikes central Mexico,injured_or_dead_people,puebla_mexico_earthquake_2017,puebla_mexico_earthquake_2017_test
284,910677455496560640,RT @RosewoodHotels: 1:3: Our thoughts are with all those affected by yesterdays earthquake in Central Mexico. All guests and staff at Rose,sympathy_and_support,puebla_mexico_earthquake_2017,puebla_mexico_earthquake_2017_test
364,910579319264575488,⛑MEXICAN RED CROSS (Via paypal):  -  -,rescue_volunteering_or_donation_effort,puebla_mexico_earthquake_2017,puebla_mexico_earthquake_2017_test
225,910657847842676736,Miyamoto Karin went through a concert in Mexico. She was deeply moved. She is saddened by the earthquake damage expansion. #jj_worldtour,sympathy_and_support,puebla_mexico_earthquake_2017,puebla_mexico_earthquake_2017_test
161,911702752127881217,"Omg my prayers to Oaxaca, Mexico I heard they felt an earthquake. :(",sympathy_and_support,puebla_mexico_earthquake_2017,puebla_mexico_earthquake_2017_test
8,911859529553297408,"RT @BuzzFeedNews: Meet Frida, a rescue dog who has saved more than 50 lives in Mexico",rescue_volunteering_or_donation_effort,puebla_mexico_earthquake_2017,puebla_mexico_earthquake_2017_test
321,910524590740275200,"Please donate to Topos, a rescue team that was formed during the 1985 #earthquake in México City YOU CAN HELP EVEN IF YOU ARE NOT IN #MEXICO",rescue_volunteering_or_donation_effort,puebla_mexico_earthquake_2017,puebla_mexico_earthquake_2017_test
143,910610900515778560,This makes my heart hurt. I cant imagine what the families of these kids and everyone affected are feeling,sympathy_and_support,puebla_mexico_earthquake_2017,puebla_mexico_earthquake_2017_dev
1183,914461163219505152,RT @CLNS_LHR: Wasting valuable time w/ blame game for #hurricanemaria - do whatever you can to help #puertorico victims HERE -&gt;,rescue_volunteering_or_donation_effort,hurricane_maria_2017,hurricane_maria_2017_test
957,913156357712433152,"@JesusinParadise Hi, we are distributing commodities like food &amp; water across PR. More info:",rescue_volunteering_or_donation_effort,hurricane_maria_2017,hurricane_maria_2017_test
503,912174243747524608,Puerto Rico isnt Trumps Katrina. Puerto Rico is Trumps Puerto Rico. Heres where you can donate:,rescue_volunteering_or_donation_effort,hurricane_maria_2017,hurricane_maria_2017_dev
954,913515175319408640,If you don’t do anything else today. Please see this thread about donating to help #PuertoRico .  #HurricaneMaria they need your help. They’re important too.,rescue_volunteering_or_donation_effort,hurricane_maria_2017,hurricane_maria_2017_test
313,914460526960431106,The Feds were preparing aid to PR before Maria arrived.,rescue_volunteering_or_donation_effort,hurricane_maria_2017,hurricane_maria_2017_dev
234,914636006078472192,"to all SHS students, make sure you bring in the following items this week to help the victims of Hurricane Maria in Puerto Rico!἟5἟7",sympathy_and_support,hurricane_maria_2017,hurricane_maria_2017_test
582,911748389628465152,@eieri31 Hi Xavier. We are currently waiving our Bag/Pet in Cabin Fees for the areas affected by Hurricane Maria including SJU through 9/29/17. *TKR,rescue_volunteering_or_donation_effort,hurricane_maria_2017,hurricane_maria_2017_dev
632,913192923356958725,"A week after Hurricane Maria, government relief is slow to reach Puerto Ricans",rescue_volunteering_or_donation_effort,hurricane_maria_2017,hurricane_maria_2017_test
948,914626109219774464,#IRS disaster relief info for Hurricane #Maria available @,rescue_volunteering_or_donation_effort,hurricane_maria_2017,hurricane_maria_2017_test
801,914860150175010816,"@KrSolveig @Olds_C00L @MokuMakani @SenWarren @realDonaldTrump They were, and now there are so many supplies there’s no more room on the docks.",rescue_volunteering_or_donation_effort,hurricane_maria_2017,hurricane_maria_2017_test
459,910704095060783104,"#breakingnews #tech Hurricane Maria made landfall in Puerto Rico Wednesday morning, destroying homes as rain, po",infrastructure_and_utility_damage,hurricane_maria_2017,hurricane_maria_2017_dev
1159,912023494296264704,RT @RapidRealty: Please donate to help send much needed supplies to Puerto Rico in the aftermath of Hurricane Maria,rescue_volunteering_or_donation_effort,hurricane_maria_2017,hurricane_maria_2017_test
563,914212448365940739,"Hurricane Maria destroyed the Christmas trees box, so we ended up setting it up in the living room because we have nowhere to put it in.",infrastructure_and_utility_damage,hurricane_maria_2017,hurricane_maria_2017_test
668,913178140238807042,Tomorrow I will get to help my people of PR with Hurricane Maria Disaster Recovery Effort. Thank you for the opportunity @RedCross ὤFἿD἟5἟7,rescue_volunteering_or_donation_effort,hurricane_maria_2017,hurricane_maria_2017_dev
615,912356584688365568,Jennifer Lopez Donates $1M To Aid Hurricane Victims In Puerto Rico; Urges Support For Relief Efforts,rescue_volunteering_or_donation_effort,hurricane_maria_2017,hurricane_maria_2017_test
99,914547782949785600,RT @FourStarNews: Top general calls Puerto Rico damage the worst hes ever seen | PBS NewsHour  #trump #PuertoRic,infrastructure_and_utility_damage,hurricane_maria_2017,hurricane_maria_2017_test
629,914939018110017536,RT @WeatherNation: .@FLGovScott declared a state of emergency for all counties in response to #HurricaneMaria’s impact on #PuertoRico,caution_and_advice,hurricane_maria_2017,hurricane_maria_2017_dev
675,913276529664303104,Portrait of a young brave soldier after #hurricanemaria This is you at 2 years old in 2017 when María pounded and destroyed #PuertoRico,infrastructure_and_utility_damage,hurricane_maria_2017,hurricane_maria_2017_test
1141,913888933171343360,Puerto Rico- Beautiful kitten found after Hurricane. Finder cannot keep. Help find a home!,sympathy_and_support,hurricane_maria_2017,hurricane_maria_2017_test
239,911760390341591040,Cant stop now! #HelpPuertoRico - Donate 2  2 support #HurricaneMaria relief,rescue_volunteering_or_donation_effort,hurricane_maria_2017,hurricane_maria_2017_test
346,911731726854033408,@realDonaldTrump Dont we have a U. S. Territory destroyed by Hurricane Maria? Arent U supposed to be trying to fix it? DO YOUR JOB. #TakeAKnee,infrastructure_and_utility_damage,hurricane_maria_2017,hurricane_maria_2017_test
38,913363490609516545,"No swimming in #AsburyPark, says the red flag at #NJsunrise, thanks to rip tides and rough surf caused by #HurricaneMaria",caution_and_advice,hurricane_maria_2017,hurricane_maria_2017_dev
394,912042231938285569,"So incredibly moved by @JLo donating $1 million to help #PuertoRico recover from #HurricaneMaria. A true queen, an icon.",rescue_volunteering_or_donation_effort,hurricane_maria_2017,hurricane_maria_2017_test
47,912287718197026821,"Rudy, a #RedCrossLA volunteer, is on his way to help with #HurricaneMaria relief efforts in #PuertoRico. Thanks for your service Rudy!!",rescue_volunteering_or_donation_effort,hurricane_maria_2017,hurricane_maria_2017_dev
1049,914697043003797504,RT @ASAP_SportsNews: Please help us with donations with what you can. We live in Puerto Rico and unfortunately Hurricane Maria hurt us. htt,rescue_volunteering_or_donation_effort,hurricane_maria_2017,hurricane_maria_2017_test
528,911975243362775040,RT @KimGuadagnoNJ: We send our thoughts and prayers to all those recovering from the catastrophic impact of Hurricane Maria.,sympathy_and_support,hurricane_maria_2017,hurricane_maria_2017_test
1406,914267512824635393,Josh Norman Pledges to Send $100K to Puerto Rico for Hurricane Maria Relief #Skins,rescue_volunteering_or_donation_effort,hurricane_maria_2017,hurricane_maria_2017_test
321,910577199975149569,RT @GartrellLinda: VIDEO: Hurricane Maria makes landfall in Puerto Rico Where are all the countries sending relief?,rescue_volunteering_or_donation_effort,hurricane_maria_2017,hurricane_maria_2017_dev
716,912389019237003266,@CharlieWGME @NWSGray First 122 NEXRAD stations (159 total) were installed at a cost of $3.1 billion. Here is JUA destroyed last week:,infrastructure_and_utility_damage,hurricane_maria_2017,hurricane_maria_2017_dev
108,914825628855173120,"Special delivery! #201stAirliftSquadron offloads 3K lbs. of donated supplies in #SanJuan, #PuertoRico. ἟5἟7 #HurricaneMaria #ReliefEfforts",rescue_volunteering_or_donation_effort,hurricane_maria_2017,hurricane_maria_2017_dev
228,911845395164254208,Let us all join hands and pray for those affected by Hurricane Maria,sympathy_and_support,hurricane_maria_2017,hurricane_maria_2017_test
286,912394022672637952,RT @coreymintz: Hurricane Maria has destroyed 80% of Puerto Ricos agricultural crops.,infrastructure_and_utility_damage,hurricane_maria_2017,hurricane_maria_2017_dev
143,913155582206586881,"@cj_wentz @jake_elliott22 Hey Carson, big eagles fan. Can he donate it to the victims of Hurricane Maria please, those people are in desperate need.Thanks! @cj_wentz",rescue_volunteering_or_donation_effort,hurricane_maria_2017,hurricane_maria_2017_dev
862,912420908744056832,Help with what you can. #hurricanemaria #puertorico #rebuildpuertorico,rescue_volunteering_or_donation_effort,hurricane_maria_2017,hurricane_maria_2017_test
355,913541623971237888,"150 Red Crossers ready to board JetBlue to San Juan, Puerto Rico for Hurricane Maria relief -- go team go! #VolunteersRock #RedCrossProud",rescue_volunteering_or_donation_effort,hurricane_maria_2017,hurricane_maria_2017_test
177,914130139268751360,RT @PeterbrookeWP: Well donate $1 from each chocolate ribbon pop sold through October 15th to Hurricane Maria relief efforts (cont) :,rescue_volunteering_or_donation_effort,hurricane_maria_2017,hurricane_maria_2017_test
415,914262648576815104,RT @JamesCostos: Making a huge difference: @chefjoseandres Flew to Puerto Rico to Cook for Thousands of Hurricane Victims ἞A἟8἟A἟8/,rescue_volunteering_or_donation_effort,hurricane_maria_2017,hurricane_maria_2017_dev
1193,914614874642305025,Like Hurricane Maria to PR Trump has been a disaster to America. The longer we delay repairing the damage the more devestating the results.,infrastructure_and_utility_damage,hurricane_maria_2017,hurricane_maria_2017_test
499,912992618681896960,RT @sundarpichai: Our hearts are with those affected by #HurricaneMaria. We’re committing $1M to support relief &amp; recovery efforts /,rescue_volunteering_or_donation_effort,hurricane_maria_2017,hurricane_maria_2017_test
694,914929043966963712,For just $28 you can provide an essentials bag to Puerto Rico in the aftermath of Hurricane Maria. Donate @unicefusa,rescue_volunteering_or_donation_effort,hurricane_maria_2017,hurricane_maria_2017_dev
464,914663137101729792,RT @politstrip: More people died in #SanDiego from #HepatitisA than in #PuertoRico from #HurricaneMaria ἲA,injured_or_dead_people,hurricane_maria_2017,hurricane_maria_2017_test
586,914245272783515648,MedShare:  Delivers surplus medical supplies and equipment to communities in need. #HurricaneMaria #PuertoRicoRelief #USVirginIslandRelief,rescue_volunteering_or_donation_effort,hurricane_maria_2017,hurricane_maria_2017_test
401,910586082407911424,RT @ABC7NY: 80% of homes in one hard-hit Puerto Rican neighborhood are destroyed after Hurricane Maria,infrastructure_and_utility_damage,hurricane_maria_2017,hurricane_maria_2017_test
477,913346949226618880,US sends more aid to Puerto Rico after Hurricane Maria devastation  #breaking #world #news #video #today #watch #al,rescue_volunteering_or_donation_effort,hurricane_maria_2017,hurricane_maria_2017_test
1190,913921586721427456,LOS ANGELES: This Sunday 10/1 from 8:30am to 2:30pm #VoicesforPuertoRico is collecting supplies for immediate delivery to Puerto Rico!,rescue_volunteering_or_donation_effort,hurricane_maria_2017,hurricane_maria_2017_test
255,913784765513437184,@5ChurchCHS via @ChasCityPaper on Hurricane Maria relief efforts in Puerto Rico  #Charleston #chseats #holycityeats,rescue_volunteering_or_donation_effort,hurricane_maria_2017,hurricane_maria_2017_dev
327,913803779560046592,RT @eborrali: @CNN #PuertoRico FAA radars damage. VFR rules only! #HurricaneMaria,infrastructure_and_utility_damage,hurricane_maria_2017,hurricane_maria_2017_test
254,913789856266047493,Puerto Rico cell phone companies struggle to restore service after #HurricaneMaria damaged 90% cell sites,infrastructure_and_utility_damage,hurricane_maria_2017,hurricane_maria_2017_dev
1166,912466729380581377,Puerto Rico suffered catastrophic damage from #HurricaneMaria. Millions w/o power or water. Congress should take up emergency aid asap.,infrastructure_and_utility_damage,hurricane_maria_2017,hurricane_maria_2017_test
537,914345345185976325,"Lady Gaga will be donating $1M to relief efforts for Hurricane Harvey, Irma, José, Maria, and the Mexico City earthquake.",rescue_volunteering_or_donation_effort,hurricane_maria_2017,hurricane_maria_2017_dev
106,912163728946270208,RT @Nichols_NAMI: Our hearts go out to those in Puerto Rico who are affected by Hurricane Maria ἟5἟7❤️ #HuracánMaría,sympathy_and_support,hurricane_maria_2017,hurricane_maria_2017_dev
320,914585470897672193,U.S. military delivered supplies to people in Puerto Rico by chopper on 09/30/17 . This was needed over a week ago and requested days before. Why not sooner and why not more choppers? #HurricaneMaria cc: @tedlieu,rescue_volunteering_or_donation_effort,hurricane_maria_2017,hurricane_maria_2017_test
1423,913854436212187136,San Pedro ELC after #HurricaneMaria. Our town flooded about 7 in lower areas. SP was about 4 #Pray4PR #WeWillRise @ELCA @ELCABishopEaton,sympathy_and_support,hurricane_maria_2017,hurricane_maria_2017_test
1242,913020625823911937,"RT @PuertoRicoPUR: Carmelo Anthony, Jorge Posada raise money for Puerto Rico relief efforts following Hurricane Maria",rescue_volunteering_or_donation_effort,hurricane_maria_2017,hurricane_maria_2017_test
1329,914766186495258624,RT @the_ecologist: Hurricane Maria destroyed Puerto Ricos electricity system. Now renewables investors plan to re-make it,infrastructure_and_utility_damage,hurricane_maria_2017,hurricane_maria_2017_test
1036,913920949665198082,RT @merian9092: @realDonaldTrump @IvankaTrump Where is your personal donation from your millions and from your clothing line? ὠA἟A἟8,rescue_volunteering_or_donation_effort,hurricane_maria_2017,hurricane_maria_2017_test
512,913852678966513670,"RT @13WHAM: #ROC Public Market fixtures Juan &amp; Maria raising money to help hurricane, earthquake victims  #13WHAM",rescue_volunteering_or_donation_effort,hurricane_maria_2017,hurricane_maria_2017_dev
500,913793558250913792,@BillWeirCNN Department’s Defense Support of Civil Authorities mission to support Hurricane Maria relief.,rescue_volunteering_or_donation_effort,hurricane_maria_2017,hurricane_maria_2017_test
639,911564724478849027,My thoughts are with those impacted by #HurricaneMaria. @nytimes article on How to Help Victims of Hurricane Maria,sympathy_and_support,hurricane_maria_2017,hurricane_maria_2017_test
706,911892621106319360,Residents from NY to the Carolinas are told to monitor Hurricane Maria and the potential damage she can do to,caution_and_advice,hurricane_maria_2017,hurricane_maria_2017_test
534,912414763925286912,"WOWW! From #Naranjito to #Barranquitas, #PuertoRico The damage left behind from #HurricaneMaria #MariaPR ἟5἟7",infrastructure_and_utility_damage,hurricane_maria_2017,hurricane_maria_2017_dev
403,913107614950723584,"The Devastation in Puerto Rico, as Seen From Above Aerial imagery shows the destruction that Hurricane Maria",infrastructure_and_utility_damage,hurricane_maria_2017,hurricane_maria_2017_test
908,910654088127307776,"havent heard from my family yet, but everyone on this island are in my thoughts ἟5἟7❤️",sympathy_and_support,hurricane_maria_2017,hurricane_maria_2017_test
1086,914129773898612739,We are supporting our pastors in Puerto Rico w/ Ministerial Relief funds for #HurricaneMaria recovery. Supporting Ministry is Our Mission!,rescue_volunteering_or_donation_effort,hurricane_maria_2017,hurricane_maria_2017_test
1384,914182966359789575,"If youd like to help U.S. citizens in the U.S. territory of Puerto Rico crushed by Hurricane Maria, donate here",rescue_volunteering_or_donation_effort,hurricane_maria_2017,hurricane_maria_2017_test
1360,911953473062785024,It’s been three days since Hurricane Maria destroyed Puerto Rico and Carlos Beltran still hasn’t been able to get,infrastructure_and_utility_damage,hurricane_maria_2017,hurricane_maria_2017_test
302,913791744797487104,Three ways to help after #HurricaneMaria,rescue_volunteering_or_donation_effort,hurricane_maria_2017,hurricane_maria_2017_test
329,910726307515895808,RT @HBCUBuzz: Grambling State University and Community Lend Helping Hand To Those Affected By Hurricane Maria,rescue_volunteering_or_donation_effort,hurricane_maria_2017,hurricane_maria_2017_test
331,913833238195572736,Adirondacker heading to Puerto Rico for #HurricaneMaria relief efforts:  via @SunCmtyNews,rescue_volunteering_or_donation_effort,hurricane_maria_2017,hurricane_maria_2017_dev
478,910559745206972416,"Please keep Puerto Rico in your thoughts and prayers. From what Ive heard/seen, hurricane Maria is very bad. Ὁ4἟5἟7",sympathy_and_support,hurricane_maria_2017,hurricane_maria_2017_dev
519,911549177523589121,Puerto Rico is in real trouble. Dam breaking. 95% (!) of cell towers destroyed.,infrastructure_and_utility_damage,hurricane_maria_2017,hurricane_maria_2017_dev
1435,913254573992824833,New Bedford Police Collect Donations For Puerto Rico hurricane victims  @WBSM1420 #PuertoRicoStrong #HurricaneMaria,rescue_volunteering_or_donation_effort,hurricane_maria_2017,hurricane_maria_2017_test
590,912057230702399489,RT @FLONC: Our prayers are with the people of Puerto Rico as we hear more news of #HurricaneMarias destruction. @BeatrizRossello #unidospo,sympathy_and_support,hurricane_maria_2017,hurricane_maria_2017_test
135,912949458861563904,"Kentucky Route Zero is on sale at 50% off, all proceeds go to Hurricane Maria relief!  #indiegames #gamedev #ndiedev",rescue_volunteering_or_donation_effort,hurricane_maria_2017,hurricane_maria_2017_test
267,913287584503160832,@BestGoalieNever @tommychong @george_clinton @realDonaldTrump 16 dead in PR as of 2 days ago:  Two people on life support died when their hospital lost power because of no fuel,injured_or_dead_people,hurricane_maria_2017,hurricane_maria_2017_test
493,910554563144536065,"New story on NPR: In Puerto Rico, Hurricane Maria Brings Widespread Damage And Widespread Flooding World News",infrastructure_and_utility_damage,hurricane_maria_2017,hurricane_maria_2017_test
756,910677776260304900,"Storm surge damage will not be the big story from this hurricane, though--wind damage and inland flash flood damage will be",infrastructure_and_utility_damage,hurricane_maria_2017,hurricane_maria_2017_test
947,912134912219734016,"Everyone is so worried about kylie and the football shit but Puerto Rico is destroyed from hurricane Maria, worried about the wrong shit..",infrastructure_and_utility_damage,hurricane_maria_2017,hurricane_maria_2017_test
223,914273876158246912,@Rangers to donate proceeds of Texas 2 Split 50/50 Raffle to Hurricane Maria relief efforts from Sundays season finale against @Athletics.,rescue_volunteering_or_donation_effort,hurricane_maria_2017,hurricane_maria_2017_test
1105,913045691114639361,RT @RockyMtnInst: Devastating impacts of #HurricaneMaria have left 44% of Puerto Ricans without access to clean drinking water,infrastructure_and_utility_damage,hurricane_maria_2017,hurricane_maria_2017_test
93,913736978352533504,RT @seashepherd: Yesterday the M/V John Paul DeJoria offloaded its first shipment to the Red Cross in Dominica. #HurricaneMaria,rescue_volunteering_or_donation_effort,hurricane_maria_2017,hurricane_maria_2017_test
5,914190150791462912,"Hurricane Maria washed out bridge to San Lorenzo in Puerto Rico. 8 days later residents ford the river to get food, fuel &amp; medical help",sympathy_and_support,hurricane_maria_2017,hurricane_maria_2017_test
906,910739504356618240,Please donate if you can or send the link to someone who is able to. Its very important to help these islands after they were destroyed,rescue_volunteering_or_donation_effort,hurricane_maria_2017,hurricane_maria_2017_test
608,913035648424128512,People. Products. Partnership. Purpose. One of our staging warehouses for #PuertoRico &amp; #USVI #DisasterRelief shipments. #HurricaneMaria @CitiIMPACT Donate &amp; Volunteer,rescue_volunteering_or_donation_effort,hurricane_maria_2017,hurricane_maria_2017_dev
986,913823220163338241,"Please take a moment today to pray for people in Puerto Rico, Florida, &amp; Texas impacted by #HurricaneMaria, #IrmaHurricane, and #Harvey. 1/",sympathy_and_support,hurricane_maria_2017,hurricane_maria_2017_test
213,910681953430638592,Hurricane Maria Slams Puerto Rico Leaving Behind Destruction,infrastructure_and_utility_damage,hurricane_maria_2017,hurricane_maria_2017_test
573,910674507601514501,RT @aciIegna: Thank you so much Elijah for using your platform to help us.,sympathy_and_support,hurricane_maria_2017,hurricane_maria_2017_dev
1331,912949985087549440,FDNY and NYPD teams work to aid Puerto Rican village in wake of Hurricane Maria,rescue_volunteering_or_donation_effort,hurricane_maria_2017,hurricane_maria_2017_test
481,911745579528712192,Im currently with a U.S. Army medical unit documenting relief efforts in the wake of Hurricane Irma and Maria in the U.S. Virgin Islands.,rescue_volunteering_or_donation_effort,hurricane_maria_2017,hurricane_maria_2017_dev
646,914569355454828545,.@EnterpriseNow on beginning to assess the damage from #HurricaneMaria:,infrastructure_and_utility_damage,hurricane_maria_2017,hurricane_maria_2017_dev
919,913595901322526721,"The hero and the damage done by #hurricanemaria @ Santurce, Puerto Rico",infrastructure_and_utility_damage,hurricane_maria_2017,hurricane_maria_2017_test
825,914101840240881664,@nicholasstoller Donate to assist with the recovery of the islands devastated by hurricane Irma&amp;Maria. . Please share,rescue_volunteering_or_donation_effort,hurricane_maria_2017,hurricane_maria_2017_test
1194,913227763137568768,RT @UnicornTO: @VancityJax Josh would you pls share this to help?,sympathy_and_support,hurricane_maria_2017,hurricane_maria_2017_test
191,912442456788160512,Winds Wednesday in the Triangle could be 10-20mph from #HurricaneMaria. #wral,caution_and_advice,hurricane_maria_2017,hurricane_maria_2017_test
933,910581457159995392,"RT @AlexJLamers: In addition to some structural damage in this post-#Maria video of Dominica, trees look flattened and shredded. .",infrastructure_and_utility_damage,hurricane_maria_2017,hurricane_maria_2017_test
1412,910695814196006912,"9-20-2017 San Juan, Puerta Rico Hurricane Maria First damage, building a",infrastructure_and_utility_damage,hurricane_maria_2017,hurricane_maria_2017_test
1388,913792104534560769,@ABC If you want to help on the individual level,rescue_volunteering_or_donation_effort,hurricane_maria_2017,hurricane_maria_2017_test
1009,912954377819885568,RT @StateDept: .@POTUS sends Americas hearts and prayers to the people of #PuertoRico and the #USVI following #HurricaneMaria.,sympathy_and_support,hurricane_maria_2017,hurricane_maria_2017_test
389,912400599068667904,"This is an emergency. No time for thoughts and prayers, there is a country full of US citizens to rebuild. Do your job!!",sympathy_and_support,hurricane_maria_2017,hurricane_maria_2017_test
129,914212462416859137,Please help #PuertoRico through The #AmericanRedCross if you can. No amount too small  #HelpPuertoRico #giving #Help,sympathy_and_support,hurricane_maria_2017,hurricane_maria_2017_dev
1310,912406527343919104,Wow! Look at the damage these Plantain trees sustained from #HurricaneMaria in #PuertoRico. Credit Victor J. Blue for The New York Times,infrastructure_and_utility_damage,hurricane_maria_2017,hurricane_maria_2017_test
693,912465303719829505,PascoActivists: RT RepAdamSchiff: Puerto Rico suffered catastrophic damage from #HurricaneMaria. Millions w/o powe,infrastructure_and_utility_damage,hurricane_maria_2017,hurricane_maria_2017_dev
845,910791867368796161,"Hurricane Maria has struck Puerto Rico, flooding streets, damaging buildings, and bringing down power lines",infrastructure_and_utility_damage,hurricane_maria_2017,hurricane_maria_2017_test
1110,913129517908156416,@PRFAA #PuertoRico aid stuck in containers #PuertoRicoRelief #HuracanMaria #HurricaneMaria #PRFAADisasterRelief #PRFAA #disgrace #HelpNow,rescue_volunteering_or_donation_effort,hurricane_maria_2017,hurricane_maria_2017_test
564,912400073216135168,"Toa Alta, #PuertoRico A cyclist rides across a road damaged by Hurricane Maria Pic: Ricardo Arduengo",infrastructure_and_utility_damage,hurricane_maria_2017,hurricane_maria_2017_dev
1416,910538479578370048,"Trajectory of category 4 Hurricane Maria, which basically crossed Puerto Rico from 6am to 11am ET; bracing for catastrophic damage",infrastructure_and_utility_damage,hurricane_maria_2017,hurricane_maria_2017_test
1241,911913348517810178,RT @caseydellacqua: Just donated mate ὡ8 what a fantastic ambassador you are for Puerto Rico ♥️἟5἟7,rescue_volunteering_or_donation_effort,hurricane_maria_2017,hurricane_maria_2017_test
392,913190128524447744,"4615 Sending love and support to all families in Puerto Rico devastated by hurricane Mariaὢ2Ὁ7Oraciones a mi familia Manati,PR @eric_marler",sympathy_and_support,hurricane_maria_2017,hurricane_maria_2017_dev
481,912251191429521409,"RT @TheAngryindian: Hurricane Maria path: Latest update on Puerto Rico damage, aftermath - CBS News (  )",infrastructure_and_utility_damage,hurricane_maria_2017,hurricane_maria_2017_test
785,914825600703004672,Volunteering is a great way to help the hurricane victims!,rescue_volunteering_or_donation_effort,hurricane_maria_2017,hurricane_maria_2017_test
273,911677923068973056,"#HurricaneMaria is likely to have destroyed” #PuertoRico, the",infrastructure_and_utility_damage,hurricane_maria_2017,hurricane_maria_2017_dev
681,910585070330744833,"Hurricane Maria knocks out power, triggers flooding in Puerto Rico. Story + photos + video:  #ArkDG",infrastructure_and_utility_damage,hurricane_maria_2017,hurricane_maria_2017_test
900,912320995901440001,NFL? - This is far more important right now: PR &amp; VI Communications Status Areas Impacted by Hurricane Maria.,infrastructure_and_utility_damage,hurricane_maria_2017,hurricane_maria_2017_test
787,911586066183974912,RT @NY1: Looking to donate to help Hurricane Maria victims in the Caribbean? Heres where you can do so:,rescue_volunteering_or_donation_effort,hurricane_maria_2017,hurricane_maria_2017_test
1154,913102684541960192,Help me get supplies to,sympathy_and_support,hurricane_maria_2017,hurricane_maria_2017_test
559,912459617166331904,"RT @Cyclonebiskit: An estimated 80% of Puerto Ricos agriculture has been destroyed, a $780 million loss for the island.",infrastructure_and_utility_damage,hurricane_maria_2017,hurricane_maria_2017_test
1240,912322482727784449,"#HurricaneMarias horrific damage on Dominica, and a Prime Ministers call for action",infrastructure_and_utility_damage,hurricane_maria_2017,hurricane_maria_2017_test
1401,914825627630473216,@MoveOn is covering all credit card fees. Please donate today!,rescue_volunteering_or_donation_effort,hurricane_maria_2017,hurricane_maria_2017_test
238,913833661509849089,President Trump on Puerto Rico relief efforts: This is an island. Surrounded by water. Big water. Ocean water. #HurricaneMaria,rescue_volunteering_or_donation_effort,hurricane_maria_2017,hurricane_maria_2017_dev
878,913869510171664384,"MARIA: Storm-damaged Puerto Rico receives food, water",rescue_volunteering_or_donation_effort,hurricane_maria_2017,hurricane_maria_2017_test
376,910584223790223360,We are praying for people and their families who are affected by Hurricane Maria.,sympathy_and_support,hurricane_maria_2017,hurricane_maria_2017_test
290,910709000320290817,#politics #media #news  Entire Country Without Power After Hurricane Maria - TYT,infrastructure_and_utility_damage,hurricane_maria_2017,hurricane_maria_2017_test
402,912258121506140160,RT @NBCNightlyNews: Some options to help victims of Hurricane Maria:,rescue_volunteering_or_donation_effort,hurricane_maria_2017,hurricane_maria_2017_test
1067,911568922683551750,RIGHT ON. our island is destroyed sea to sea all around but we are not. #Ricanstruction #PuertoRicoStrong #PuertoRicoSeLevanta,infrastructure_and_utility_damage,hurricane_maria_2017,hurricane_maria_2017_test
282,913024591823605761,RT @RomanovaNRS: FGC family member .@Beyond_Toxin is raising money to get food and supplies to his pap in Puerto Rico. Lets help! /,rescue_volunteering_or_donation_effort,hurricane_maria_2017,hurricane_maria_2017_dev
893,914106199129370625,Renewables opportunity in Puerto Rico: Hurricane Maria destroyed,infrastructure_and_utility_damage,hurricane_maria_2017,hurricane_maria_2017_test
630,910798149576511488,USA NEWS. Hurricane Maria Live Updates: Catastrophic Flooding in Puerto Rico -  #USA #News,caution_and_advice,hurricane_maria_2017,hurricane_maria_2017_test
137,913019445790035970,RT @LeafChronicle: #BREAKING: 101st Airborne heading to Puerto Rico to assist in Hurricane Maria relief efforts.,rescue_volunteering_or_donation_effort,hurricane_maria_2017,hurricane_maria_2017_test
935,910738170043449344,"9-20-2017 San Juan, Puerto Rico #Hurricane #Maria Damage, flooding, surge, buildings &amp; trees down  v/@LiveStormsMedia",infrastructure_and_utility_damage,hurricane_maria_2017,hurricane_maria_2017_test
360,912279686457188354,Where To Donate Money And Goods For Hurricane Maria Relief  via @Gothamist,rescue_volunteering_or_donation_effort,hurricane_maria_2017,hurricane_maria_2017_dev
51,913101312539144197,"@JustinTrudeau @pmharriskn BREAKING: Saint Lucia &amp; Saint Kitts &amp; Nevis had MINIMAL affects &amp; damage from hurricane Irma, Jose &amp; Maria! So what are you really doing?",infrastructure_and_utility_damage,hurricane_maria_2017,hurricane_maria_2017_dev
1192,913497749135384576,Hurricane damage threatens Arecibo’s future:  #Radiotelescope #HurricaneMaria,infrastructure_and_utility_damage,hurricane_maria_2017,hurricane_maria_2017_test
379,910703605849645057,. please help my beautiful island and my family out there. every little bit counts ὉE #PuertoRicoStrong ἟5἟7ὡE,sympathy_and_support,hurricane_maria_2017,hurricane_maria_2017_test
198,911583621294764035,RT @KelloggCompany: We’re donating 1m breakfast servings to aid Mexico after earthquakes; extending support to Puerto Rico following Hurric,rescue_volunteering_or_donation_effort,hurricane_maria_2017,hurricane_maria_2017_dev
1071,913097135981076480,Response in #PR by @SavetheChildren includes distributing •Water purification systems •Tarps •Diapers/wipes •Soap •Infant washbasins,rescue_volunteering_or_donation_effort,hurricane_maria_2017,hurricane_maria_2017_test
244,911816441036513281,RT @SamaritansPurse: Were in #PuertoRico to bring relief to families in need. See how we are helping here:  :,rescue_volunteering_or_donation_effort,hurricane_maria_2017,hurricane_maria_2017_test
300,914633533603368961,Other efforts are planned to help the residents of Puerto Rico devastated by Hurricane Maria.,rescue_volunteering_or_donation_effort,hurricane_maria_2017,hurricane_maria_2017_test
467,912401011028918273,RT @IoTandIoE: Puerto Ricos Hilly Terrain Worsened Hurricane Marias Damage  #Science #Technology,infrastructure_and_utility_damage,hurricane_maria_2017,hurricane_maria_2017_dev
1350,914124422088232960,"RT @9NewsAUS: Hurricane Maria destroyed Puerto Ricos electrical system, leaving millions in the dark. #9News",infrastructure_and_utility_damage,hurricane_maria_2017,hurricane_maria_2017_test
324,912406017773854720,The damage Hurricane Maria did to Puerto Rico is really fucking up my state of mind.,infrastructure_and_utility_damage,hurricane_maria_2017,hurricane_maria_2017_test
601,913262464623693830,RT @BRANDONWARDELL: heres a bunch of hurricane maria relief funds u should donate 2 that arent the red cross,rescue_volunteering_or_donation_effort,hurricane_maria_2017,hurricane_maria_2017_dev
655,912094818687442944,#DSTRRescueNeeded RT Please donate to the H,rescue_volunteering_or_donation_effort,hurricane_maria_2017,hurricane_maria_2017_test
967,910649791914414080,1 Miami News Search Businesses (Miami-Based Journalist Shares Video Of Hurricane Maria’s Destruction In St. ) -,infrastructure_and_utility_damage,hurricane_maria_2017,hurricane_maria_2017_test
1099,911591470389501953,"RT @cmdrtaco: The Arecibo telescope in Puerto Rico was damaged, but has generators and water, locals visit to cook and shower!",infrastructure_and_utility_damage,hurricane_maria_2017,hurricane_maria_2017_test
544,914996544029560832,"I donated. I called my Senators and Representative. You can help too. Please find a way to make a difference for others, however you can.",rescue_volunteering_or_donation_effort,hurricane_maria_2017,hurricane_maria_2017_test
982,913846342413365248,Puerto Rico Irma stands with her parrot Sussury of her home after it was destroyed by Hurricane Maria P: Joe Raedle,infrastructure_and_utility_damage,hurricane_maria_2017,hurricane_maria_2017_test
1084,913392435639848960,You’ve got my business @RoyalCaribbean -kudos for putting aside the $ for providing humanitarian aid,rescue_volunteering_or_donation_effort,hurricane_maria_2017,hurricane_maria_2017_test
582,911965481057255424,"RT @suleikajaouad: If youre looking to donate to relief efforts in Puerto Rico, heres a good list of local charities:",rescue_volunteering_or_donation_effort,hurricane_maria_2017,hurricane_maria_2017_test
495,914729623258226693,Lets remember all the people who lost there lives doing hurricane Maria/Harvey/Irma and send our thoughts &amp; prayers . The hell w/Trump,sympathy_and_support,hurricane_maria_2017,hurricane_maria_2017_dev
714,911611210868707329,RT @markbrantley3: Dominicans stand on the front lines of a war they did not start PM Roosevelt Skerritt speaking at #UNGA on destruction,infrastructure_and_utility_damage,hurricane_maria_2017,hurricane_maria_2017_test
260,913763504682811392,"@ResistPres @CNN @KTLA Right now, only 20%of their truck drivers have reported back to work after Hurricane Maria. Some have lost their homes and their trucks.”",infrastructure_and_utility_damage,hurricane_maria_2017,hurricane_maria_2017_test
498,911632861375148033,Whole Towns Have Been Wiped Out Hurricane Maria Devastates Dominica; Death Toll Climbs To 15,injured_or_dead_people,hurricane_maria_2017,hurricane_maria_2017_test
255,910620994339041285,"Maria Destroys Homes, Knocks Out Power in PR - The strongest hurricane to hit Puerto Rico in over 80 years dest",infrastructure_and_utility_damage,hurricane_maria_2017,hurricane_maria_2017_test
1286,914199480374763521,Hispanic Federation: Unidos: A Hurricane Relief Fund for Hurricane Maria Victims in Puerto Rico,rescue_volunteering_or_donation_effort,hurricane_maria_2017,hurricane_maria_2017_test
195,913904249335054336,Interesting way of looking at the economic impacts of #Maria. Exact wind speeds obviously in some question but the lasting damage is not,infrastructure_and_utility_damage,hurricane_maria_2017,hurricane_maria_2017_test
842,912402149686022145,Help those impacted by #HurricaneMaria by donating critically needed supplies at various locations in 5 boroughs,rescue_volunteering_or_donation_effort,hurricane_maria_2017,hurricane_maria_2017_test
1345,914137831274090496,Donations are pouring in at St. Susanna School in Mason. #CincinnatiforPR is collecting donations until noon for victims of Hurricane Maria.,rescue_volunteering_or_donation_effort,hurricane_maria_2017,hurricane_maria_2017_test
505,910548233847324672,ὤFὤFὤF praying for these Americans,sympathy_and_support,hurricane_maria_2017,hurricane_maria_2017_dev
1209,913053124277018624,RT @NatGeo: The Arecibo Observatory in Puerto Rico has come through Hurricane Maria mostly intact—but with crucial damage,infrastructure_and_utility_damage,hurricane_maria_2017,hurricane_maria_2017_test
522,914853449023533058,"RT @thetrudz: Given the magnitude of the destruction, many parts of #Dominica no longer exist.”",infrastructure_and_utility_damage,hurricane_maria_2017,hurricane_maria_2017_test
1409,912294476172943361,"Puerto Rico’s mayors tell of ruined homes and infrastructure, as full toll of Maria emerges  via @WSJ",infrastructure_and_utility_damage,hurricane_maria_2017,hurricane_maria_2017_test
610,913034074683531271,"Amid Relentless Hurricanes, Puerto Rican Art Spaces Report Dire Damage | artnet News",infrastructure_and_utility_damage,hurricane_maria_2017,hurricane_maria_2017_dev
702,913476911422111746,"Looking for ways to help those impacted by Hurricane Maria, Irma, Harvey? Weve put together a webpage where you can find donation websites as well as free resources for educators.",rescue_volunteering_or_donation_effort,hurricane_maria_2017,hurricane_maria_2017_test
1346,913207331076239360,RT @jennigofficial: #PuertoRico victims receive help from Pitbull and Mark Cuban!,rescue_volunteering_or_donation_effort,hurricane_maria_2017,hurricane_maria_2017_test
554,913231897332822016,RT @atownsquare: Watch on #Periscope: Puerto Rico ἟5἟7 Need your prayer and help. #HurricaneMaria #HelpNeeded,sympathy_and_support,hurricane_maria_2017,hurricane_maria_2017_test
8,910561879470116864,Buildings Torn Apart in San Juan by Maria From The Weather Channel iPhone App #HurricaneMaria,infrastructure_and_utility_damage,hurricane_maria_2017,hurricane_maria_2017_test
89,914464355042906112,"Good morning. Happy Sunday to you. Still praying for the people affected by Hurricane Maria, Irma, and Harvey.",sympathy_and_support,hurricane_maria_2017,hurricane_maria_2017_test
416,914882967402631169,"@Liquid_Memory FEMA Dir 15 min interview discussing challenges (no fuel, power, 1000’s roads damaged) made no mention of strike.",infrastructure_and_utility_damage,hurricane_maria_2017,hurricane_maria_2017_dev
455,914955585812156416,"Were partnering with @CityHarvest to help the people of Puerto Rico, making @CentralQueens an official site for food to be dropped off and delivered to PR. Well be collecting until Tuesday, October 10. Heres what we need: #HurricaneMaria",rescue_volunteering_or_donation_effort,hurricane_maria_2017,hurricane_maria_2017_test
33,912997706783698945,National network @FeedingAmerica is coordinating food efforts for PR with the local food bank,rescue_volunteering_or_donation_effort,hurricane_maria_2017,hurricane_maria_2017_test
328,910581913609482240,Our love and prayers go out to the wonderful people of this beautiful island. They will need our support after,sympathy_and_support,hurricane_maria_2017,hurricane_maria_2017_test
824,912326944804491269,Chief of police in Dominica says death toll has risen to 27 from Hurricane Marias strike on Caribbean island. (AP)via CGTNOfficial,injured_or_dead_people,hurricane_maria_2017,hurricane_maria_2017_test
788,914996144723263488,"RT @CanoMartinPena: Help @CanoMartinPena recover from #HurricaneMaria, towns devastated. #PuertoRicoRelief  /",rescue_volunteering_or_donation_effort,hurricane_maria_2017,hurricane_maria_2017_test
533,914147487027474432,ὐA: P-8A crewmember explains aircrafts capabilities during Hurricane #Maria damage assessment above St. Croix. ℹ️:,infrastructure_and_utility_damage,hurricane_maria_2017,hurricane_maria_2017_test
1262,912976810828234752,RT @PuertoRicoPUR: Please help us!,sympathy_and_support,hurricane_maria_2017,hurricane_maria_2017_test
479,914492616976355328,By the numbersthough the death toll is expected to be higher,injured_or_dead_people,hurricane_maria_2017,hurricane_maria_2017_test
304,913177990074429441,"RT @HoustonChron: Pitbull, Mark Cuban offer their private planes for Puerto Rico victims affected by Hurricane Maria",rescue_volunteering_or_donation_effort,hurricane_maria_2017,hurricane_maria_2017_dev
136,913491265316167680,Heres where you can drop off donations for the victims of Hurricane Maria,rescue_volunteering_or_donation_effort,hurricane_maria_2017,hurricane_maria_2017_test
615,912415082524626952,"Extreme damage between #Naranjito and #Barranquitas, #PuertoRico. This was mostly shot along Hwy 152 #HurricaneMaria",infrastructure_and_utility_damage,hurricane_maria_2017,hurricane_maria_2017_dev
230,913437005882679296,"Hurricane Maria requires unique response; covers ENTIRE territory, compounded damage of first storm. HUGE logistical/distribution challenge.",infrastructure_and_utility_damage,hurricane_maria_2017,hurricane_maria_2017_dev
1335,911589585511239680,RT @QNS: These Queens firehouses will accept donations for victims of Hurricane Maria,rescue_volunteering_or_donation_effort,hurricane_maria_2017,hurricane_maria_2017_test
427,912413976079855617,Thousands and thousands of donated items being sorted at Mana warehouse in #Wynwood for #HurricaneMaria victims in Puerto Rico @nbc6,rescue_volunteering_or_donation_effort,hurricane_maria_2017,hurricane_maria_2017_test
838,911663133198049280,@weathernetwork the power of a major storm like #HurricaneMaria is amazing. Seeing damage that bad is sobering.,infrastructure_and_utility_damage,hurricane_maria_2017,hurricane_maria_2017_test
1080,911701112696266753,RT @IndivisibleSC04: Prayers lifted to all affected! To donate to #PuertoRico:,sympathy_and_support,hurricane_maria_2017,hurricane_maria_2017_test
299,913066462864138240,"#HurricaneMaria has devastated Puerto Rico, destroying buildings leaving its more than 3.4M largely without power:",infrastructure_and_utility_damage,hurricane_maria_2017,hurricane_maria_2017_dev
1347,914874102464135168,"Given the situation in Puerto Rico and lack of federal response, we will be donating ALL proceeds from our shop to Hurricane Maria relief.",rescue_volunteering_or_donation_effort,hurricane_maria_2017,hurricane_maria_2017_test
507,913418997479198722,RT @weatherdak: Puerto Rican Solar Farms Heavily Damaged By Maria. Imagery &amp; context &gt;&gt;&gt;,infrastructure_and_utility_damage,hurricane_maria_2017,hurricane_maria_2017_test
1015,912268008944394241,Caribbean – Hurricane Maria Causes Damaging Floods Haiti and Dominican Republic,infrastructure_and_utility_damage,hurricane_maria_2017,hurricane_maria_2017_test
126,913749682182074369,"For all deaths DURING #Maria the hurricane is responsible. For all who died &amp; will die after, #RacketeerMan .@POTUS &amp; his gov. are! #MURDER",injured_or_dead_people,hurricane_maria_2017,hurricane_maria_2017_dev
979,913379389047320576,Please join me in helping @chefjoseandres feed Puerto Rico if you can! RT and/or donate! @mariobatali @bourdain @andy @lzsundaypaper,rescue_volunteering_or_donation_effort,hurricane_maria_2017,hurricane_maria_2017_test
944,912213975961559040,"Damaged sailboats sit washed ashore in the aftermath of Hurricane Maria in Fajardo, Puerto Rico, on September 21,2017 Ricardo Arduengo / AFP",infrastructure_and_utility_damage,hurricane_maria_2017,hurricane_maria_2017_test
682,912289670960164864,Maria Weakening Tropical Storm Warning Outer Banks North Carolina,caution_and_advice,hurricane_maria_2017,hurricane_maria_2017_test
1096,914257233080459265,Newark to hold major donation drive for Hurricane Maria victims,rescue_volunteering_or_donation_effort,hurricane_maria_2017,hurricane_maria_2017_test
638,911766467342938114,"To my friends reading this, PR was destroyed by #HurricaneMaria most of us are fine. Were rebuilding and surviving. #PuertoRicoSeLevanta",infrastructure_and_utility_damage,hurricane_maria_2017,hurricane_maria_2017_dev
90,913875083550105600,"Shout out 2 @Pitbull. Loved yr perform at #HitachiNEXT, but more for your extended help to #cancer patients in Puerto Rico. #HurricaneMaria",rescue_volunteering_or_donation_effort,hurricane_maria_2017,hurricane_maria_2017_test
1436,914648139461795840,RT @tom_geoghegan: Heartbreaking Lesley shows @aleemmaqbool @OLaceEvans her destroyed Puerto Rico home,infrastructure_and_utility_damage,hurricane_maria_2017,hurricane_maria_2017_test
571,910563817381392393,Hurricane #Maria Intermediate ADVISORY 18A issued.,caution_and_advice,hurricane_maria_2017,hurricane_maria_2017_dev
110,914819206037803009,Continued #PrayersforPuertoRico #FoxyXaily all profits this week to benefit #HurricaneMaria #Victims #UnitedForPuertoRico #UnitedWeStand,sympathy_and_support,hurricane_maria_2017,hurricane_maria_2017_dev
477,912368845800841217,"Three million Americans. An entire de facto US state is living a post-apocalyptic nightmare - no water, food, electricity for 6 months.",infrastructure_and_utility_damage,hurricane_maria_2017,hurricane_maria_2017_dev
1355,912042111192547335,So sad. Please help #HurricaneMaria #PuertoRicoStrong,sympathy_and_support,hurricane_maria_2017,hurricane_maria_2017_test
78,913011546799984640,RT @Enquirer: Xavier volleyball collecting donations for Hurricane Maria survivors,rescue_volunteering_or_donation_effort,hurricane_maria_2017,hurricane_maria_2017_test
8,912996244502597633,Retweeted The Associated Press (@AP): Scope of the damage in Puerto Rico in the aftermath of Hurricane Maria is,infrastructure_and_utility_damage,hurricane_maria_2017,hurricane_maria_2017_dev
423,914591526470090753,Maybe because they were devasted by the hurricane which destroyed their island &amp; nearly all methods of transportation? ᾑ4,infrastructure_and_utility_damage,hurricane_maria_2017,hurricane_maria_2017_test
68,913052514068652033,RT @TheScientistLLC: Contact us if you have info on damage to labs &amp; research in Puerto Rico after Hurricane Maria.,infrastructure_and_utility_damage,hurricane_maria_2017,hurricane_maria_2017_test
1305,911615632063569920,My grandma in #PuertoRico is safe but according to a new report by @CBSNews her town was completely destroyed. #HurricaneMaria,infrastructure_and_utility_damage,hurricane_maria_2017,hurricane_maria_2017_test
1109,914944392397557762,@Bethenny love that you go above and beyond to help others that desperately need the help  via,sympathy_and_support,hurricane_maria_2017,hurricane_maria_2017_test
169,913950571178143744,RT @scarlet_ibis54: Trump celebrates incredible death toll results in Puerto Rico  #HurricaneMaria,injured_or_dead_people,hurricane_maria_2017,hurricane_maria_2017_test
163,911564747123896320,RT @highlyanne: From yesterday: Structural Damage at Guajataca Dam Prompts Evacuations in Puerto Rico,infrastructure_and_utility_damage,hurricane_maria_2017,hurricane_maria_2017_test
29,912365372866744321,RT @NBCLA: Jennifer Lopez pledged to donate $1 million to help residents in Puerto Rico recover from Hurricane Maria.,rescue_volunteering_or_donation_effort,hurricane_maria_2017,hurricane_maria_2017_dev
112,914220249213472770,RT @k5create: This is part of us America! Our people need our help!,sympathy_and_support,hurricane_maria_2017,hurricane_maria_2017_test
594,913011165789167616,Mark Cuban Lends J.J. Barea Mavericks Plane For Puerto Rico Relief |   #SmartNews,rescue_volunteering_or_donation_effort,hurricane_maria_2017,hurricane_maria_2017_test
877,912347033759035393,Things we should be focused on: Hurricane relief for American citizens in Puerto Rico &amp; US Virgin Islands. #Maria,caution_and_advice,hurricane_maria_2017,hurricane_maria_2017_test
121,914530370162495489,How You Can Help Animals in Puerto Rico Affected by Hurricane Maria - The Conscious Cat,sympathy_and_support,hurricane_maria_2017,hurricane_maria_2017_dev
627,913813814122024961,"Visiting Puerto Rico after #HurricaneMaria. @USNationalGuard is assisting partners to help local residents. Always Ready, Always There!",rescue_volunteering_or_donation_effort,hurricane_maria_2017,hurricane_maria_2017_dev
455,912338791981027328,"But when the world needed Kanye West the most, he vanished. Hurricane Maria has passed and Trump ignoring the destruction in Puerto Rico.",infrastructure_and_utility_damage,hurricane_maria_2017,hurricane_maria_2017_dev
620,911637887917215744,RT @readeologist: #SpeakUpForPuertoRico #HurricaneMaria has done so much damage. Hospitals are closed! They cant,infrastructure_and_utility_damage,hurricane_maria_2017,hurricane_maria_2017_dev
515,910524917128552448,"#Maria has decimated Dominica. If you pray, please pray for Puerto Rico.  #MorningJoe #TuesdayThoughts",sympathy_and_support,hurricane_maria_2017,hurricane_maria_2017_test
1075,913112336227094529,#Amazon please waive your shipping fees so we can help families in Puerto Rico! #puertorico #amazon #hurricanemaria,rescue_volunteering_or_donation_effort,hurricane_maria_2017,hurricane_maria_2017_test
667,910585550519898113,Our thoughts and prayers are with the whole Island as Hurricane Maria moves across Puerto Rico. @WyndhamGrandRM @SeePuertoRico @PRDayTrips,sympathy_and_support,hurricane_maria_2017,hurricane_maria_2017_test
354,912301894403534848,"RT @socarolinesays: 2k! Thank you to everyone who contributed. going to Costco this week so if youre moved to donate, its not too late ht",rescue_volunteering_or_donation_effort,hurricane_maria_2017,hurricane_maria_2017_dev
1283,912367842380656642,RT @Shakestweetz: Some Puerto Rican mayors and representatives described the conditions in their communities as apocalyptic. .,infrastructure_and_utility_damage,hurricane_maria_2017,hurricane_maria_2017_test
1387,913417345699160064,Can you guys send in the troops? I heard we have something called helicopters that can drop supplies in remote areas. #PuertoRico,rescue_volunteering_or_donation_effort,hurricane_maria_2017,hurricane_maria_2017_test
564,912385496252370945,@sondy @Robot_Insect Its one thing for citizens to express thoughts &amp; prayers. Congress has the power and responsibility to act. #PuertoRico #HurricaneMaria,sympathy_and_support,hurricane_maria_2017,hurricane_maria_2017_test
421,912083828893655040,For every $10 you donate @Americares provides $200 in aid to #HurricaneMaria victims. Pls help our fellow American citizens in Puerto Rico.,rescue_volunteering_or_donation_effort,hurricane_maria_2017,hurricane_maria_2017_test
1395,911959759422656513,RT @black____moses1: Hurricane Irma destroyed those islands now hurricane Maria bout to finish it up ὣ3ὣ3,infrastructure_and_utility_damage,hurricane_maria_2017,hurricane_maria_2017_test
634,914328613335351296,Feed the hungry I just dropped $50.00 So can you,rescue_volunteering_or_donation_effort,hurricane_maria_2017,hurricane_maria_2017_dev
68,912135192332181504,RT @kami_rrod: please help my family in puerto rico recover from hurricane maria by donating or sharing!ὉEthank you!,rescue_volunteering_or_donation_effort,hurricane_maria_2017,hurricane_maria_2017_dev
1397,913381877146439680,Hurricane Maria Relief - TROY TrojanVision News:  via @YouTube,rescue_volunteering_or_donation_effort,hurricane_maria_2017,hurricane_maria_2017_test
1017,912421699462844416,@michaelhsweet pls send a prayer to the people of #viequesusa destroyed by Hurricane #Maria people without power food and water,sympathy_and_support,hurricane_maria_2017,hurricane_maria_2017_test
161,912351961596473345,RT @RINCON_POP: @jlo Donating $1 Million to Aid Hurricane Victims in Puerto Rico  via @billboard,rescue_volunteering_or_donation_effort,hurricane_maria_2017,hurricane_maria_2017_dev
3,912172452746190849,"RT @Skilling: Hurricane Maria destroyed the National Weather Services Doppler Radar in San Juan, PR.",infrastructure_and_utility_damage,hurricane_maria_2017,hurricane_maria_2017_test
188,910725274039390208,RT @LisaEvers: #PrayForPuertoRico Entire island now has no power after Hurricane Maria. Hundreds of homes damaged. @HOT97 @fox5ny,infrastructure_and_utility_damage,hurricane_maria_2017,hurricane_maria_2017_test
49,914252317427462144,RT @FortYoungHotel: Help out! Give to Fort Young Hotel Staff Hurricane Maria Relief . Raise funds on @generosity,rescue_volunteering_or_donation_effort,hurricane_maria_2017,hurricane_maria_2017_test
826,911619985709158400,"RT @irinnews: New video: Hurricane #Maria damage near the stadium in Roseau, #Dominica, shot 21 September.",infrastructure_and_utility_damage,hurricane_maria_2017,hurricane_maria_2017_test
569,914275445897654274,"From 10 a.m. to 2 p.m. theyll be accepting emergency supplies like bottled water, diapers, and repellent. DETAILS:",caution_and_advice,hurricane_maria_2017,hurricane_maria_2017_dev
1139,911604954309304320,RT @Soca365: ATTENTION: Dominica was severely devastated by Hurricane Maria. Please join us by donating supplies listed below .,rescue_volunteering_or_donation_effort,hurricane_maria_2017,hurricane_maria_2017_test
1172,912461519719460864,Here is how to help #puertorico since our IDIOT in chief wont.,rescue_volunteering_or_donation_effort,hurricane_maria_2017,hurricane_maria_2017_test
1254,912432818013245441,DOMINICA – Death toll from Hurricane Maria could be as high as 72 | Caribbean News Service,injured_or_dead_people,hurricane_maria_2017,hurricane_maria_2017_test
816,914683298659618816,Marco Rubio: Response to Hurricane Maria slowed because Puerto Rico distribution infrastructure destroyed,infrastructure_and_utility_damage,hurricane_maria_2017,hurricane_maria_2017_test
303,910766792129294337,Centre of category 3 Hurricane #Maria passing to the east of the Dominican Republic. Heavy rains continue over Puerto Rico,caution_and_advice,hurricane_maria_2017,hurricane_maria_2017_test
683,911634328215543808,It’s about as large a scale damage as I have ever seen. #puertorico,infrastructure_and_utility_damage,hurricane_maria_2017,hurricane_maria_2017_test
275,913887759533780993,RT @nbcwashington: Members of Maryland National Guard going to Puerto Rico to purify water for residents affected by Hurricane Maria :,rescue_volunteering_or_donation_effort,hurricane_maria_2017,hurricane_maria_2017_dev
48,914753160056594432,#DSTRDamage RT My aunt’s house got destroyed du,infrastructure_and_utility_damage,hurricane_maria_2017,hurricane_maria_2017_test
116,912368221529018368,US Navy rescues Hurricane Maria victims from Dominica via FOX NEWS #USCG #usarmy #usairforce #usnavy #usmarines #tricare,rescue_volunteering_or_donation_effort,hurricane_maria_2017,hurricane_maria_2017_dev
804,910610787462373376,"Officials say the U.S. territory of Puerto Rico is 100 percent without power after Hurricane Marias landfal, ,",infrastructure_and_utility_damage,hurricane_maria_2017,hurricane_maria_2017_test
33,913116164934520832,RT @BiophysicalFrog: Many thanks to @dacolon for the information on how we can help!,sympathy_and_support,hurricane_maria_2017,hurricane_maria_2017_dev
332,912402924575305729,"Devastation from Hurricane Maria continues to cripple Puerto Rico, with fears a damaged dam on the island may break",infrastructure_and_utility_damage,hurricane_maria_2017,hurricane_maria_2017_test
444,913570813512765440,Agriculture sector in Dominica destroyed by Hurricane Maria  #news,infrastructure_and_utility_damage,hurricane_maria_2017,hurricane_maria_2017_dev
1208,910814766612058112,Vieques boardwalk (Malecón) in Esperanza! ὣ2 Destroyed! Hurricane Maria. Thank you to WAPA TV for being there! We need comms w/families!,infrastructure_and_utility_damage,hurricane_maria_2017,hurricane_maria_2017_test
1124,914583347279663104,@RedCross in Vega Alta #Puerto Rico providing VOIP communications for stricken areas #HurricaneMaria,rescue_volunteering_or_donation_effort,hurricane_maria_2017,hurricane_maria_2017_test
80,914980813158207489,RT @NewScienceWrld: Stunning #NASA photos reveals how badly Hurricane Maria damaged Puerto Rico’s power grid  :,infrastructure_and_utility_damage,hurricane_maria_2017,hurricane_maria_2017_test
111,912272410702962688,After #HurricaneMaria: It is up to mainland leaders not to stint on aid for Puerto Rico and the US Virgin Islands,rescue_volunteering_or_donation_effort,hurricane_maria_2017,hurricane_maria_2017_test
1170,911504753158262784,Please pray for my family. They are stranded in Puerto Rico with no food or power. They have small babies and are homeless now.,sympathy_and_support,hurricane_maria_2017,hurricane_maria_2017_test
98,914526459087265792,New post: Puerto Rico: Hurricane Maria destroyed everything,infrastructure_and_utility_damage,hurricane_maria_2017,hurricane_maria_2017_test
129,910764413082324992,News Update Hurricane Maria ‘destroyed everything in its path’ after hitting Puerto Rico in the dead of night,infrastructure_and_utility_damage,hurricane_maria_2017,hurricane_maria_2017_test
1125,911670737198600193,"RT @JessieJo_89: If u cant b there 2help or cant donate $, do this instead! Map! w#hotosm-project-3633 #HurricaneMaria #PuertoRico :",rescue_volunteering_or_donation_effort,hurricane_maria_2017,hurricane_maria_2017_test
288,913211769614561280,Our thoughts and prayers go out to those coping with the aftermath of Hurricane Maria.,sympathy_and_support,hurricane_maria_2017,hurricane_maria_2017_test
375,913797554080485376,Tell @SpeakerRyan and #Congress extend relief for #PuertoRico until the island recovers!  via @ColorOfChange #PR,rescue_volunteering_or_donation_effort,hurricane_maria_2017,hurricane_maria_2017_test
368,913481454532866048,Stay up to date on the damage assessments from #Caribbean resorts as they release information:  #HurricaneMaria,infrastructure_and_utility_damage,hurricane_maria_2017,hurricane_maria_2017_dev
128,913154750526435328,U.S. Customs and Border Protection agents are rescuing Hurricane Maria victims in Puerto Rico.  #rgv,rescue_volunteering_or_donation_effort,hurricane_maria_2017,hurricane_maria_2017_test
651,912403360581595136,RT @bjorkianrice: Univision map offers up-to-date info about damage in Puerto Rico BLOOD IS ON THE HANDS OF THE GOPDT #THATGUY,infrastructure_and_utility_damage,hurricane_maria_2017,hurricane_maria_2017_dev
371,910642789955727361,My homeland is Destroyed and 100% with no electricity. Really old electrical system. this is horrible,infrastructure_and_utility_damage,hurricane_maria_2017,hurricane_maria_2017_dev
387,914119988373524482,"RT @sherrilee7: Imagine the worst storm ever and no cell phones, no water, no power, no roads. It’s just unfathomable. Horrible. /",infrastructure_and_utility_damage,hurricane_maria_2017,hurricane_maria_2017_dev
605,913056914593984513,RT @mavsmoneyball: J.J. Barea teamed up with Mark Cuban to bring aid to Puerto Rico,rescue_volunteering_or_donation_effort,hurricane_maria_2017,hurricane_maria_2017_dev
904,913020284277534725,"RT @JSEllenberg: 3 million Americans in the Hurricane Maria destruction zone are without electricity, maybe for months. Give here: :",infrastructure_and_utility_damage,hurricane_maria_2017,hurricane_maria_2017_test
344,913007871029280769,We have created this registry to help scientists and students in #PuertoRico affected by #HurricaneMaria. RT!,rescue_volunteering_or_donation_effort,hurricane_maria_2017,hurricane_maria_2017_test
205,911925136365903872,RT @DominicaEurope: Satellite pics of damage in Dominica by Hurricane Maria Sept 2017,infrastructure_and_utility_damage,hurricane_maria_2017,hurricane_maria_2017_dev
154,913011423290195968,Hurricane Maria decimated Puerto Rico so Dylan Graves &amp; @wavesforwater are on their way with hundreds of water filtration systems to help.,rescue_volunteering_or_donation_effort,hurricane_maria_2017,hurricane_maria_2017_test
917,913753360460894208,"Our thoughts are with our communities, as well as the nearly 5K associates weve supported thru The Homer Fund.",rescue_volunteering_or_donation_effort,hurricane_maria_2017,hurricane_maria_2017_test
460,913584180142989312,#HurricaneMaria survivors receive food and water.  #PuertoRicoRelief @jraedle @GettyImagesNews,rescue_volunteering_or_donation_effort,hurricane_maria_2017,hurricane_maria_2017_test
308,912366497040928768,RT @Hamlet_Machine: Made some donations to Doctors Without Borders and Hurricane Maria ReliefὤFὉ5 I hope it helps those in need..,rescue_volunteering_or_donation_effort,hurricane_maria_2017,hurricane_maria_2017_dev
690,913412828291354624,Bill’s Donuts is collecting items for the victims of Hurricane Maria in Puerto Rico until Oct. 3.,rescue_volunteering_or_donation_effort,hurricane_maria_2017,hurricane_maria_2017_dev
1133,914554063781531649,Donated to hurricane Maria efforts. Will do so each time I want to say something about Trump. Worst president ever. #DonateAndDenounce,rescue_volunteering_or_donation_effort,hurricane_maria_2017,hurricane_maria_2017_test
632,913455465287348225,RAF Aeromedical Rescue Team Sqn work w/ @RoyalNavy &amp; @kon_marine medics on vital #hurricanemaria #dominica medical ops. Truly inspirational.,rescue_volunteering_or_donation_effort,hurricane_maria_2017,hurricane_maria_2017_dev
1414,912196979186388993,RT @telesurenglish: More fatalities: At least 35 people now known to have died as Hurricane Maria ripped through the Caribbean.,injured_or_dead_people,hurricane_maria_2017,hurricane_maria_2017_test
1160,914119946388606976,"Old San Juan Before Hurricane Maria, now no lights, electrical grid destroyed.",infrastructure_and_utility_damage,hurricane_maria_2017,hurricane_maria_2017_test
1303,910676703537762304,"@NAICobservatory, #PuertoRico’s radio #telescope, damaged by #HurricaneMaria. #Space",infrastructure_and_utility_damage,hurricane_maria_2017,hurricane_maria_2017_test
744,910642564071641088,"Puerto Rico Is Completely In The Dark After Hurricane Maria, According To Emergency Officials",infrastructure_and_utility_damage,hurricane_maria_2017,hurricane_maria_2017_test
562,912340578142162951,Hurricane Maria passed the DR on 21 Sept.; there were reports of local flooding and some damage in the north and east. (1/2),infrastructure_and_utility_damage,hurricane_maria_2017,hurricane_maria_2017_test
446,914586150613917696,FEMA IS working hard to provide emergency services to ALL areas hit by Hurricane MARIA #Trump #Tucker #Hannity #Dobbs #Hannity #tucker,rescue_volunteering_or_donation_effort,hurricane_maria_2017,hurricane_maria_2017_dev
772,913404124657590272,"CHHS Senior Policy Analyst Maria Bernadzikowski is deployed in Florida, helping out with Hurricane Irma recovery:",rescue_volunteering_or_donation_effort,hurricane_maria_2017,hurricane_maria_2017_test
721,911872826805817344,If you care about what has happened to the Caribbean please RT &amp; donate to the Dominican High Commision.,rescue_volunteering_or_donation_effort,hurricane_maria_2017,hurricane_maria_2017_test
114,913798059573817344,@NayaRivera Creative action: pick a #volunteer and help them #promote their trip to help #rebuild #puertorico #hurricanemaria,rescue_volunteering_or_donation_effort,hurricane_maria_2017,hurricane_maria_2017_test
233,911903740520747009,This is so horrible The people of Puerto Rico really need our help. #PrayForPuertoRico,sympathy_and_support,hurricane_maria_2017,hurricane_maria_2017_test
36,911815710539628544,"RT @DrFunkySpoon: Post-storm satellite image of damaged Arecibo radio telescope in PR, from @planetlabs",infrastructure_and_utility_damage,hurricane_maria_2017,hurricane_maria_2017_dev
896,912384661237764098,"RT @jslipchi: For skeptics of Red Cross, heres a good list of places to donate for hurricane relief in PR:",rescue_volunteering_or_donation_effort,hurricane_maria_2017,hurricane_maria_2017_test
514,914187234617778178,"RT @LynneMarek: Orlando Bravo, who co-heads Chicago PE firm @thomabravo from CA, is gives $10 mln to aid his native #PuertoRico in wake of",rescue_volunteering_or_donation_effort,hurricane_maria_2017,hurricane_maria_2017_test
732,914603451329298432,"@akaginacaputo @askye @ChadPergram Hurricane Harvey: &gt;31,000 deployed. Irma: &gt;40,000 deployed. Maria: just over 10,000 deployed.",rescue_volunteering_or_donation_effort,hurricane_maria_2017,hurricane_maria_2017_test
1197,912998878735224832,Thanks to donors like ἞E἟8 @WFP can respond fast to #HurricaneMaria transporting 7 tons of high energy biscuits to affected areas in #Dominica,rescue_volunteering_or_donation_effort,hurricane_maria_2017,hurricane_maria_2017_test
443,912251683002085377,Tropical storm warning in effect for Dare County ahead of Maria - WAVY-TV  #Storms #Weather #News,caution_and_advice,hurricane_maria_2017,hurricane_maria_2017_dev
561,912120015817715712,❤️἟5἟7❤️PUERTO RICO❣️WE ARE WITH YOU❣️ #PuertoRico HANG IN THERE❣️#MariaPR #HurricaneMaria #Support #USALove #Gas #GasLines ❤️἟5἟7❤️἟A἟8❤️,sympathy_and_support,hurricane_maria_2017,hurricane_maria_2017_test
424,914887339754782721,#HurricaneMaria left #PuertoRico devastated. @operationbless is on the ground providing relief. Pray for the people of Puerto Rico!,rescue_volunteering_or_donation_effort,hurricane_maria_2017,hurricane_maria_2017_dev
704,913841007661387777,Places to donate for hurricane relief:,rescue_volunteering_or_donation_effort,hurricane_maria_2017,hurricane_maria_2017_dev
1297,912992080565223424,Feel really bad for Puerto Rico ! So much damage from Hurricane Maria and all they get is a second-class treatment from US Govt although it is part of the USA,sympathy_and_support,hurricane_maria_2017,hurricane_maria_2017_test
1186,910711601099046914,Hurricane Maria ὡ4 Ill never forget how you ravaged my two homes #Dominica ἞9἟2 and #StCroix ἟B἞E Ὁ4,infrastructure_and_utility_damage,hurricane_maria_2017,hurricane_maria_2017_test
974,914617454890045440,"NEW: U.S. Coast Guard says it delivered 28K lbs of food, H2O to Puerto Ricos #HurricaneMaria victims Sat. ὏7: @uscoastguard",rescue_volunteering_or_donation_effort,hurricane_maria_2017,hurricane_maria_2017_test
251,912351147284942848,San Juan radar destroyed when #HurricaneMaria pounded the island.. the usual dome is gone along with the dish that spins around inside.,infrastructure_and_utility_damage,hurricane_maria_2017,hurricane_maria_2017_test
860,914604424227704833,"Please join me &amp; help @GlobalGiving raise $ for Puerto Rican relief efforts (food, water, medicine, rebuilding, etc)",rescue_volunteering_or_donation_effort,hurricane_maria_2017,hurricane_maria_2017_test
285,912258866167123968,Maybe president should focus on the damage and loss of life in a US territory instead of footballᾑ4 #TakeAKneeNFL #HurricaneMaria #PuertoRico,infrastructure_and_utility_damage,hurricane_maria_2017,hurricane_maria_2017_test
46,913502404649345025,#HurricaneMaria #PuertoRico #Damage #Destruction #Devastation #Distress #Destitution #Death by the numbers!,infrastructure_and_utility_damage,hurricane_maria_2017,hurricane_maria_2017_dev
856,902683226115854337,Cure NOLA Dishes Out Red Beans with Pableaux Johnson for the Red Cross,rescue_volunteering_or_donation_effort,hurricane_harvey_2017,hurricane_harvey_2017_dev
793,901536107795501057,"Breaking: Hurricane Harvey Aftermath: 12-14 people have been injured in Hurricane Harvey: Austin, TX American-Statesman Judge.#BreakingNews",injured_or_dead_people,hurricane_harvey_2017,hurricane_harvey_2017_test
366,901800732139155457,#ALERT: We are seeing civilian drones that pose EXTREME risks to our rescue pilots and crews in high need areas. @FAANews #Harvey #TMDHarvey,rescue_volunteering_or_donation_effort,hurricane_harvey_2017,hurricane_harvey_2017_dev
1107,903580754990567425,Cotton - Southwest: Hurricane Harvey damage reports slowly coming in. The losses are huge in the worst hit areas.,infrastructure_and_utility_damage,hurricane_harvey_2017,hurricane_harvey_2017_test
1609,902839523649957888,#Morningjoe 18 people have DIED due to #Harvey. Nutcase-in-Chief has said NOTHING. #NotMyPresident #NeverMyPresident #NeverMoreSure,injured_or_dead_people,hurricane_harvey_2017,hurricane_harvey_2017_test
295,902858018953601025,Heres how you can help animals affected by Hurricane Harvey  via @todayshow,rescue_volunteering_or_donation_effort,hurricane_harvey_2017,hurricane_harvey_2017_test
488,901779543316467713,RT @WunderCave: So many at risk in SE Texas. Please pay attention to authorities. Dont drive in or near flood water.,caution_and_advice,hurricane_harvey_2017,hurricane_harvey_2017_test
592,901746830769352705,"RT @CBCAlerts: 2 dead, up to 14 injured as Harvey churns deeper into Texas; weather prevents crews from reaching hardest-hit parts /",injured_or_dead_people,hurricane_harvey_2017,hurricane_harvey_2017_dev
419,901683954218086400,"Seattle (WA) Times: At least 2 dead as Harvey slams Texas coast, causing floods. More #Seattle #news -",injured_or_dead_people,hurricane_harvey_2017,hurricane_harvey_2017_dev
233,903633571247570944,Do not eat any food that may have come into contact with flood water.  #Harvey,caution_and_advice,hurricane_harvey_2017,hurricane_harvey_2017_test
521,901796754781347841,RT @VP: .@POTUS &amp; I continue to monitor #HurricaneHarvey updates. Visit  for info &amp; listen to advice of local/state,caution_and_advice,hurricane_harvey_2017,hurricane_harvey_2017_dev
911,902852167865966592,Allergen Foundation support relief for those affected by Hurricane Harvey,sympathy_and_support,hurricane_harvey_2017,hurricane_harvey_2017_test
944,902606873563672577,Join the @NFL and help those affected by Hurricane Harvey. Text HARVEY to 90999 to donate $10 to @RedCross.,rescue_volunteering_or_donation_effort,hurricane_harvey_2017,hurricane_harvey_2017_test
1102,902635126613569536,OBrien on #HurricaneHarvey: Were just doing the best we can to stay in touch and see what we can do to help them.,rescue_volunteering_or_donation_effort,hurricane_harvey_2017,hurricane_harvey_2017_test
274,902649304250290183,MA-TF1 has arrived safely in Texas and is ready to support rescue efforts for Hurricane Harvey,rescue_volunteering_or_donation_effort,hurricane_harvey_2017,hurricane_harvey_2017_dev
54,903747241432756224,Counting the generous Chattanooga donations for Hurricane Harvey relief. #SinclairCares. @newschannelnine @SalvationArmyUS,rescue_volunteering_or_donation_effort,hurricane_harvey_2017,hurricane_harvey_2017_test
658,902633712961060866,#GatorGood – How to Help with Hurricane Harvey Relief Efforts DETAILS -,rescue_volunteering_or_donation_effort,hurricane_harvey_2017,hurricane_harvey_2017_test
737,902620567685087232,"ATTN: Due to pressure loss caused by #Harvey, Lake Forest Utility District is on a Boil Notice. The water is not safe to drink.",caution_and_advice,hurricane_harvey_2017,hurricane_harvey_2017_dev
926,902687457375907840,"As we prepare for a new school year, my prayers are with those in Houston, TX affected by the aftermath of Hurricane Harvey.",sympathy_and_support,hurricane_harvey_2017,hurricane_harvey_2017_dev
1759,902850596264280065,"To continue supporting those affected by #Harvey, @Googleorg will now match your donations up to $1M.",rescue_volunteering_or_donation_effort,hurricane_harvey_2017,hurricane_harvey_2017_test
1502,903391970940223489,TORNADO WATCH to 8PM CDT for AL MS TN for 65mph Winds Radar:  #wx #harvey #flooding #storm,caution_and_advice,hurricane_harvey_2017,hurricane_harvey_2017_test
1233,902634231259680769,#Rockets Owner Alexander Ups Harvey Relief to $10 million &gt;&gt;&gt;  #Harvey #HoustonStrong,rescue_volunteering_or_donation_effort,hurricane_harvey_2017,hurricane_harvey_2017_test
80,903365195283787781,The death toll from Hurricane Harvey and its aftermath in storm-ravaged Texas has climbed to 39. Security Cameras Installation Los Angeles,injured_or_dead_people,hurricane_harvey_2017,hurricane_harvey_2017_dev
393,903662720339386369,City Hall to Reopen Tuesday after Sustaining Water Damage from Hurricane Harvey – The Katy News,infrastructure_and_utility_damage,hurricane_harvey_2017,hurricane_harvey_2017_dev
269,902633891525222401,Kudos to all the Good Samaritans and Unsung Heroes that are helping rescue victim of the floods! Sending prayers! #HoustonStrong #Harvey,rescue_volunteering_or_donation_effort,hurricane_harvey_2017,hurricane_harvey_2017_dev
1259,902653052624277505,"Amazing footage of New York and Los Angles #Hatzola volunteers assisting with rescue operations in Houston, Texas following #HurricaneHarvey",rescue_volunteering_or_donation_effort,hurricane_harvey_2017,hurricane_harvey_2017_test
1252,902604485519966208,Mexico responds to Trumps Twitter attacks by offering to provide assistance to Texas after Hurricane Harvey,rescue_volunteering_or_donation_effort,hurricane_harvey_2017,hurricane_harvey_2017_test
1721,902695851545550848,"Tonight, please pray for Texas and her people; that they are safe and the rains stop. 🙏🏼 #PrayForTexas🇨🇱 #PrayForHouston #HurricaneHarvey",sympathy_and_support,hurricane_harvey_2017,hurricane_harvey_2017_test
1065,902654199493791758,#Oil #Gas Shell Pledges $1 Million to American Red Cross for Hurricane Harvey Relief,rescue_volunteering_or_donation_effort,hurricane_harvey_2017,hurricane_harvey_2017_test
435,903373309731106817,Remember these important warnings when dealing with #flooding and #highwater  #HurricaneHarvey,caution_and_advice,hurricane_harvey_2017,hurricane_harvey_2017_test
869,902596104306298881,NEMA provides safety guidelines for safe handling of damaged electrical equipt in floods caused by Hurricane #Harvey,caution_and_advice,hurricane_harvey_2017,hurricane_harvey_2017_dev
1150,902843546541187072,Beyoncé Pledges To Join Her Foundation And Pastor Rudy Rasmus To Help Victims of Hurricane Harvey,sympathy_and_support,hurricane_harvey_2017,hurricane_harvey_2017_test
187,902634592355713025,"A Houston police officer died trying to get to work during Hurricane Harvey flooding, chief says",injured_or_dead_people,hurricane_harvey_2017,hurricane_harvey_2017_test
534,903460962300190720,#DFPS Commish Whitman is honored to stand with @CarlosUresti to announce a fund for children in need after #Harvey:,rescue_volunteering_or_donation_effort,hurricane_harvey_2017,hurricane_harvey_2017_dev
456,902649612607131650,Rescue! 23775 Kingwood Place NURSING HOME RESIDENTS are DROWNING. Pls RT. RT + RT #Harvey2017 #help #nursinghome,rescue_volunteering_or_donation_effort,hurricane_harvey_2017,hurricane_harvey_2017_dev
335,903431134805155840,Please dont forget about #Beaumont and #PortArthur #Harvey,sympathy_and_support,hurricane_harvey_2017,hurricane_harvey_2017_test
1634,902853718235897857,20 Emotional and Haunting Hurricane Harvey Pictures That Help Us Understand This Disaster  @US105fm,sympathy_and_support,hurricane_harvey_2017,hurricane_harvey_2017_test
1288,902653796043694080,"Our thoughts and hearts are with the people of #Houston. Stay safe, and here are some ways to help  🙏 #Harvey",sympathy_and_support,hurricane_harvey_2017,hurricane_harvey_2017_test
924,902852563950870528,Sandra Bullock has pledged $1 million to Hurricane Harvey victims. #HopeForHouston,rescue_volunteering_or_donation_effort,hurricane_harvey_2017,hurricane_harvey_2017_test
571,903354908413480960,"Called 911 for your grandfather. Help is on the way, please keep me informed.",rescue_volunteering_or_donation_effort,hurricane_harvey_2017,hurricane_harvey_2017_dev
572,902715105519030274,Please consider helping the people in need because of Hurricane Harvey.,rescue_volunteering_or_donation_effort,hurricane_harvey_2017,hurricane_harvey_2017_dev
108,902918345388851202,Check  for the latest Texas road conditions. DO NOT drive through flooded roads!! #Harvey #houwx #glswx #txwx,caution_and_advice,hurricane_harvey_2017,hurricane_harvey_2017_dev
418,902639017606426624,Whole Foods is doing a mini donation drive to the Red Cross for Hurricane Harvey. 😓,rescue_volunteering_or_donation_effort,hurricane_harvey_2017,hurricane_harvey_2017_test
338,902887672116645888,Harveys Death Toll Rises to 13 As Flooding Prompts Nations Largest Refinery to Shut Down @weatherchannel,injured_or_dead_people,hurricane_harvey_2017,hurricane_harvey_2017_dev
544,903389094381842433,ICYMI: @UIL_AD joined us to talk about Hurricane Harvey’s impact on schools and athletics around the state,infrastructure_and_utility_damage,hurricane_harvey_2017,hurricane_harvey_2017_dev
231,902657173485912064,"Our hearts are with the people of #Texas &amp; the 30,000 #NationalGuard #troops being sent to help. #HurricaneHarvey",sympathy_and_support,hurricane_harvey_2017,hurricane_harvey_2017_dev
1755,902650833648717833,Custom Yeezys raise money for Hurricane Harvey relief:,rescue_volunteering_or_donation_effort,hurricane_harvey_2017,hurricane_harvey_2017_test
1712,902809996395720704,Death toll mounts as #Harvey heads for #Louisiana #floods #Houston #Texas #storm #oil #OOTT #hurricane @ReutersTV,injured_or_dead_people,hurricane_harvey_2017,hurricane_harvey_2017_test
479,902906835501334528,@RealAssange @SamaritansPurse Thanks @RealAssange for your efforts to help aid those in suffering and always keeping people honest! #harvey,rescue_volunteering_or_donation_effort,hurricane_harvey_2017,hurricane_harvey_2017_test
1751,903683713128652801,"‼️‼️‼️ stop by the Blue Ash PSP to donate food, toys, treats, litter, or whatever to pets effected by Hurricane Harvey!",rescue_volunteering_or_donation_effort,hurricane_harvey_2017,hurricane_harvey_2017_test
1789,902655566648152068,Watch: #Drone shows extent of damage from #Harvey  #drones,infrastructure_and_utility_damage,hurricane_harvey_2017,hurricane_harvey_2017_test
358,903762222077415424,"At least 13,000 people have been rescued in Houston and the surrounding areas hit by Hurricane Harvey",rescue_volunteering_or_donation_effort,hurricane_harvey_2017,hurricane_harvey_2017_dev
126,901547126156652544,Moby Dicks restaurant damaged by hurricane Harvey,infrastructure_and_utility_damage,hurricane_harvey_2017,hurricane_harvey_2017_dev
1791,902910989007331328,Just my words my thoughts #htown #htx #hurricaneharvey #houstonstrong #lakewood #redcross,sympathy_and_support,hurricane_harvey_2017,hurricane_harvey_2017_test
253,902894174441271296,"Off to Houston with @PhilPrazan to cover Hurricane Harvey damage, stay tuned for updates. @KXAN_News",infrastructure_and_utility_damage,hurricane_harvey_2017,hurricane_harvey_2017_dev
138,902852500436475904,"LATEST on #Harvey: -More than 13,000 rescued in Houston area -At least 11 dead -Record 51.88 of rainfall",rescue_volunteering_or_donation_effort,hurricane_harvey_2017,hurricane_harvey_2017_dev
1736,903356964075442176,Many rural schools/communities also in the path of #Harvey - donate here:  @TNTP,rescue_volunteering_or_donation_effort,hurricane_harvey_2017,hurricane_harvey_2017_test
821,903398968327065602,These videos show the damage and heroism after Hurricane Harvey,infrastructure_and_utility_damage,hurricane_harvey_2017,hurricane_harvey_2017_dev
1506,902634495958032384,Sending love and support to all affected by #hurricaneharvey → Please donate to @RedCross if you can. #texas #houstonstrong #westandasone,sympathy_and_support,hurricane_harvey_2017,hurricane_harvey_2017_test
377,902655444195434496,"Thank you NewEnglandPatriots, Houston Texans &amp; DallasCowboys.Each donated $1million to the #HurricaneHarvey Relief Fund. 29 teams 2 go!",rescue_volunteering_or_donation_effort,hurricane_harvey_2017,hurricane_harvey_2017_dev
4,902657492966105088,Join us &amp; the @phoenixsaloon for a special event with the @vandoliers for #HurricaneHarvey donations. Info here:,rescue_volunteering_or_donation_effort,hurricane_harvey_2017,hurricane_harvey_2017_test
597,903583985653121024,"Whitehouse says 100,000 homes were damaged in the rath of #Harvey Turns out to be the costliest natural disaster. Prayers to all in Texas!🙏",infrastructure_and_utility_damage,hurricane_harvey_2017,hurricane_harvey_2017_test
722,902657890380648452,One of many acts of heroism this weekend. Grateful for brave rescue workers helping families: #HurricaneHarvey #HoustonStrong v/@unicefusa,rescue_volunteering_or_donation_effort,hurricane_harvey_2017,hurricane_harvey_2017_test
471,903743002023219200,27 members of Virginia @VDEM Type 3 Incident Management Team enroute to Texas to assist with aid resources &amp; logistics management. #Harvey,rescue_volunteering_or_donation_effort,hurricane_harvey_2017,hurricane_harvey_2017_dev
823,902669737829818368,"How Plano aids in Hurricane Harvey efforts, how to prepare for disasters and how to fight hunger in Plano City News .",caution_and_advice,hurricane_harvey_2017,hurricane_harvey_2017_test
54,903751218937417732,Im literally crying watching all of this news about hurricane Harvey. The damage is devestating. Im sending prayers your way! 😭,sympathy_and_support,hurricane_harvey_2017,hurricane_harvey_2017_dev
271,903456790880239616,"#harvey Death toll crosses 40, say officials, flood waters to crest in some places on Friday #flooding",injured_or_dead_people,hurricane_harvey_2017,hurricane_harvey_2017_test
709,903576804048478209,The confirmed death toll for #Harvey has jumped to 37. Helicopters are still pulling people out of flood waters in East Texas.,injured_or_dead_people,hurricane_harvey_2017,hurricane_harvey_2017_dev
986,903366532624826373,VP Pence met with refugees of Hurricane Harvey as National Guard continues to rescue people! 32 people known dead according to authorties!,injured_or_dead_people,hurricane_harvey_2017,hurricane_harvey_2017_test
1171,902650107878809600,Hustle stands with Houston: Announcing Hustle’s Disaster Relief Efforts for Hurricane Harvey,rescue_volunteering_or_donation_effort,hurricane_harvey_2017,hurricane_harvey_2017_test
786,903430249236447232,"Thank you to the hundreds of lawyers, law students, and paralegals that have stepped up to help #Harvey survivors:",rescue_volunteering_or_donation_effort,hurricane_harvey_2017,hurricane_harvey_2017_dev
318,902715081674326016,"The @Rangers can pledge $1 million to Hurricane #Harvey relief, but they cant swap series with the @Astros?? 🤔",rescue_volunteering_or_donation_effort,hurricane_harvey_2017,hurricane_harvey_2017_test
274,902823288451342336,So sad. Death toll now up to 18 from #Harvey flooding. Some hope on horizon for TX in the forecast today. -&gt;  @wis10,injured_or_dead_people,hurricane_harvey_2017,hurricane_harvey_2017_test
1301,902656223752966144,si​.com &gt;&gt; J.J. Watts Hurricane Harvey Relief Fund is Approaching $4 Million,rescue_volunteering_or_donation_effort,hurricane_harvey_2017,hurricane_harvey_2017_test
113,903743910534631426,"Were with you, Texas. Join us in our efforts to help those affected by Hurricane Harvey. #TexasStrong",sympathy_and_support,hurricane_harvey_2017,hurricane_harvey_2017_test
635,902636971645952000,#Texas Navy to the rescue. Volunteer Civilian Samaritans line I-10 feeder at Dairy Ashford. So proud. #khou11 #Harvey #TexasStrong,rescue_volunteering_or_donation_effort,hurricane_harvey_2017,hurricane_harvey_2017_test
226,901174313834905602,"Hoping that #HurricaneHarvey does not damage this irreplaceable, warm, beautiful town #NewOrleans #Louisiana",sympathy_and_support,hurricane_harvey_2017,hurricane_harvey_2017_test
1672,902646312046383104,"#BREAKING | Ticket, concessions, &amp; parking sales from Astros games in St. Pete to benefit #Harvey relief efforts",rescue_volunteering_or_donation_effort,hurricane_harvey_2017,hurricane_harvey_2017_test
6,901764348028362752,RT @HuffPost: Harvey spawns tornadoes that devastate homes outside Houston,infrastructure_and_utility_damage,hurricane_harvey_2017,hurricane_harvey_2017_test
1614,902631237285806081,My uncles housesurveying the current damage from Hurricane Harvey. This is Elm Grove Texas @,infrastructure_and_utility_damage,hurricane_harvey_2017,hurricane_harvey_2017_test
1370,903380629181669376,WOW! Just WOW! This is in Sienna Plantation. Home damaged by #tornado from #HurricaneHarvey @abc13houston,infrastructure_and_utility_damage,hurricane_harvey_2017,hurricane_harvey_2017_test
41,903051347095937026,"UPDATED: #Harvey is now a tropical depression, at least 38 dead, Texas &amp; Louisiana hit w/ catastrophic flooding",injured_or_dead_people,hurricane_harvey_2017,hurricane_harvey_2017_test
1142,902912101336969218,"We are praying for Texas. Lord Jesus, please help these families. #HurricaneHarvey #TexasForever",sympathy_and_support,hurricane_harvey_2017,hurricane_harvey_2017_test
1754,903067646739939329,Tropical Storm #Harvey makes landfall again as death toll rises from devastation. #kusi #HoustonStrong,injured_or_dead_people,hurricane_harvey_2017,hurricane_harvey_2017_test
669,902802331829362688,R.i.p. to the 30 people that have died in the hurricane but can Trump be number 31 🙂,injured_or_dead_people,hurricane_harvey_2017,hurricane_harvey_2017_test
867,903394064665595904,Hurricane Harvey Damage and Fire House Fund  via @youcaring,infrastructure_and_utility_damage,hurricane_harvey_2017,hurricane_harvey_2017_dev
961,901826902784135168,Praying for the victims of Harvey and the communities affected. Keep Strong!!,sympathy_and_support,hurricane_harvey_2017,hurricane_harvey_2017_test
849,902895189437554688,@realDonaldTrump #potus #maga #fakenews #HurricaneHarvey WARNING you wont be able to buy a used car for years W/O getting a flood car,caution_and_advice,hurricane_harvey_2017,hurricane_harvey_2017_test
660,903744813421527040,So on the national day of prayer I pray POTUS helps out the victims of Hurricane Harvey as much as the bad hombres from Mexico have.,sympathy_and_support,hurricane_harvey_2017,hurricane_harvey_2017_test
40,902839345945632771,Hurricane Harvey: Police officer driving to work to help in Texas flood disaster now 1 of 18 confirmed dead in flood waters. #7News,injured_or_dead_people,hurricane_harvey_2017,hurricane_harvey_2017_dev
254,903703912326332416,"Sad to see all the damage #HurricaneHarvey has caused Refugio, TX Beautiful to see how the community is coming together to rebuild.",infrastructure_and_utility_damage,hurricane_harvey_2017,hurricane_harvey_2017_test
1042,903755519936081920,"Roads are free of debris and the water has drastically receded, but the aftermath of Hurricane Harvey is very apparent. #HoUStonStrong",infrastructure_and_utility_damage,hurricane_harvey_2017,hurricane_harvey_2017_test
276,901654723811520512,"RT @Jacobnbc: Nearby neighborhoods also hit by possible tornado. Trees blocking streets, some of which also flooded. No major home damage t",infrastructure_and_utility_damage,hurricane_harvey_2017,hurricane_harvey_2017_test
366,902644645351579649,#HurricaneHarvey #PrayForTexas #ComedyHeals #Repost @michaelblackson I have child support so I,sympathy_and_support,hurricane_harvey_2017,hurricane_harvey_2017_test
583,902913755109097472,The nations largest oil refinery shuts down as Hurricane Harvey floods Texas  via @USATODAY,infrastructure_and_utility_damage,hurricane_harvey_2017,hurricane_harvey_2017_dev
453,902893568292999168,Hurricane Harvey Kills 15 Houston Police Officers,injured_or_dead_people,hurricane_harvey_2017,hurricane_harvey_2017_dev
555,902651785793355776,Google will match donations #Google #harvey,rescue_volunteering_or_donation_effort,hurricane_harvey_2017,hurricane_harvey_2017_dev
789,902652164539125761,Multiple celebrities are supporting those devastated by #HurricaneHarvey! #PrayForHouston #iHeartRadio #961NOWSA --,sympathy_and_support,hurricane_harvey_2017,hurricane_harvey_2017_dev
23,902653937639153664,Freeport Area schools collecting materials and donations to help Texas flood victims #Harvey,rescue_volunteering_or_donation_effort,hurricane_harvey_2017,hurricane_harvey_2017_test
99,902647806250422272,"For those wary of donating to some of the bigger orgs, check out @BakerRipley! They will be vital in long-term #Harvey relief initiatives.",rescue_volunteering_or_donation_effort,hurricane_harvey_2017,hurricane_harvey_2017_dev
464,903064722274041856,SkyEye13 tours damage from Hurricane Harvey CLICK BELOW FOR FULL STORY,infrastructure_and_utility_damage,hurricane_harvey_2017,hurricane_harvey_2017_dev
118,903063007894401025,These heros in this video need recognized. Please Retweet. #Hurricaneharvey,sympathy_and_support,hurricane_harvey_2017,hurricane_harvey_2017_test
142,902665304228188160,@lakewoodch @JoelOsteen do you have medical needs at Lakewood? We have a team of Houston MDs from area hospitals ready to help! #Harvey,rescue_volunteering_or_donation_effort,hurricane_harvey_2017,hurricane_harvey_2017_test
1168,902602586909544448,👇🏼👇🏼👇🏼#Breastfeeding is safest way to feed children during emergencies. Support is available! KUDOS to @BMBFA !!!,caution_and_advice,hurricane_harvey_2017,hurricane_harvey_2017_test
958,903670000900337664,AAA team is loaded with water and headed to #Houston to help with #HurricaneHarvery flooded vehicle recovery/removal. #AAAVANews,rescue_volunteering_or_donation_effort,hurricane_harvey_2017,hurricane_harvey_2017_test
608,901705249165074432,Tornado Warning in effect in Chambers and Liberty Counties in TX until 230 AM #txwx,caution_and_advice,hurricane_harvey_2017,hurricane_harvey_2017_dev
1738,902710249672425472,#HCA Wesley parent commits up to $2 million for Hurricane Harvey relief. Read more:  $HCA,rescue_volunteering_or_donation_effort,hurricane_harvey_2017,hurricane_harvey_2017_test
1053,903759747165380613,Amazing to see so many @RedSox employees out tonight at Fenway on a non-game night collecting for #Harvey relief! Great work.,rescue_volunteering_or_donation_effort,hurricane_harvey_2017,hurricane_harvey_2017_test
1156,903388840265752576,.@browardschools offers our thoughts and support for the children and families affected by #HurricaneHarvey:,sympathy_and_support,hurricane_harvey_2017,hurricane_harvey_2017_test
1652,903062462064320512,Permian is a canned food drop off point for hurricane Harvey. If you/anyone you know want to donate please drop off cans in the front office,rescue_volunteering_or_donation_effort,hurricane_harvey_2017,hurricane_harvey_2017_test
1438,903487805782818818,I have friends basically all over the United States. Prayers go to the ones that are getting affected with Hurricane Harvey!,sympathy_and_support,hurricane_harvey_2017,hurricane_harvey_2017_test
729,903498482891100160,The Celiac Center at BIDMC is helping direct donations to food banks in areas affected by #HurricaneHarvey. Details:,rescue_volunteering_or_donation_effort,hurricane_harvey_2017,hurricane_harvey_2017_dev
140,902657976363876352,"Hell offer thoughts and prayers, but Joel Osteen wont open his $50M church that could hold 16,800 people in Houston area. #HoustonStrong",sympathy_and_support,hurricane_harvey_2017,hurricane_harvey_2017_test
826,902870900219015168,"#Patriots players share thoughts, emotions as Hurricane Harvey continues to impact the city of Houston. Donate:",sympathy_and_support,hurricane_harvey_2017,hurricane_harvey_2017_dev
639,902909842553176066,Thats some serious serious flooding #HoustonFloods #Harvey,infrastructure_and_utility_damage,hurricane_harvey_2017,hurricane_harvey_2017_dev
556,903056203240140800,Retweeted Twitter Moments (@TwitterMoments): #Harvey latest: - Official death toll: 20 - Flooding in #Beaumont &amp;,injured_or_dead_people,hurricane_harvey_2017,hurricane_harvey_2017_dev
1683,902915804064251904,"BEYOND HEROES: Richard Harris, MD, @KelseySeybold keeping emergency operations staff &amp; first responders healthy during #Harvey operations.",rescue_volunteering_or_donation_effort,hurricane_harvey_2017,hurricane_harvey_2017_test
766,903390740604178433,Please help and support Mirandas MuttNation Foundation! #HurricaneHarvey,sympathy_and_support,hurricane_harvey_2017,hurricane_harvey_2017_dev
327,902831915870199808,"Some of worst floods ever in India, Nepal &amp; Bangladesh: death toll from monsoon flooding over 1,200 @Independent",injured_or_dead_people,hurricane_harvey_2017,hurricane_harvey_2017_test
886,903601538710388737,Leonardo DiCaprio Donated $1 Million to Hurricane Harvey Relief,rescue_volunteering_or_donation_effort,hurricane_harvey_2017,hurricane_harvey_2017_test
1698,903441331753590785,"Donations (clothing, food, money etc.) for victims of Hurricane Harvey will be accepted at Sundays Cowgirl soccer game!!!⚽️⚽️⚽️",rescue_volunteering_or_donation_effort,hurricane_harvey_2017,hurricane_harvey_2017_test
793,902644789014929409,The rain has subsided but our work is just beginning. Donate to refugee clients affected by #HurricaneHarvey:,rescue_volunteering_or_donation_effort,hurricane_harvey_2017,hurricane_harvey_2017_dev
1722,902918380746887168,We are mobilizing teams for #harvey clean up! If you need non-emergency help go to  to request assistance.,rescue_volunteering_or_donation_effort,hurricane_harvey_2017,hurricane_harvey_2017_test
1680,902648180013240320,"Vince Young, Colt McCoy and other former Longhorns pitching in to Hurricane Harvey relief effort #HookEm",rescue_volunteering_or_donation_effort,hurricane_harvey_2017,hurricane_harvey_2017_test
752,903746863752515585,Everything in our store is 20% off! Use promo code: SAFETRAVELS2017 Profits from this sale go to #Harvey victims!,rescue_volunteering_or_donation_effort,hurricane_harvey_2017,hurricane_harvey_2017_dev
107,903399543898820608,I liked a @YouTube video  WOW” Charlie Hebdo Says God Killed The Neo-Nazis In Texas With Hurricane Harvey,injured_or_dead_people,hurricane_harvey_2017,hurricane_harvey_2017_test
587,901831027118579713,RT @nytimes: Breaking News: Tropical Storm Harvey is battering Houston and is now blamed for at least 5 deaths. Live coverage:,injured_or_dead_people,hurricane_harvey_2017,hurricane_harvey_2017_test
1537,903057795725103104,and wore a hat that you can purchase from his campaign for $40. #blessed,rescue_volunteering_or_donation_effort,hurricane_harvey_2017,hurricane_harvey_2017_test
1487,902847899419234304,"Tropical Storm Warning, Flash Flood Watch canceled in Houston, death toll rises #Harvey",caution_and_advice,hurricane_harvey_2017,hurricane_harvey_2017_test
1653,901883013142892544,On Glen Loch dr. water rushing into homes. We are here helping and doing all we can. #harvey #HarveyStorm,rescue_volunteering_or_donation_effort,hurricane_harvey_2017,hurricane_harvey_2017_test
772,901705090783961089,my phone vibrated so many times i thought there was an alert for a motherfucking tornado or some shit yeesus,caution_and_advice,hurricane_harvey_2017,hurricane_harvey_2017_test
1088,902741408439832576,"Here are some ways to help those reeling from #Harvey, even if you live far from the storm.",rescue_volunteering_or_donation_effort,hurricane_harvey_2017,hurricane_harvey_2017_test
1343,903763023709577217,Our volunteers dropped off 2000 pounds of food for the pets affected by #HurricaneHarvey. Thanks to @atlantahumane for coordinating this!,rescue_volunteering_or_donation_effort,hurricane_harvey_2017,hurricane_harvey_2017_test
745,902654323674550280,ExxonMobil acknowledges its refineries have been damaged and hazardous chemicals released in Houston.,infrastructure_and_utility_damage,hurricane_harvey_2017,hurricane_harvey_2017_dev
707,902312348748218370,What is the death toll thus far as Hurricane Harvey ravages Texas,injured_or_dead_people,hurricane_harvey_2017,hurricane_harvey_2017_test
1297,902651842244612108,"If you know anyone who needs rides to or from shelters, were donating free rides for displaced families in Texas.",rescue_volunteering_or_donation_effort,hurricane_harvey_2017,hurricane_harvey_2017_test
921,902913729746087938,#DonaldTrump Just Compared #HurricaneHarvey Devastation to ‘Water Damage’ at His Properties &gt;&gt;;&lt; #TheResistance,infrastructure_and_utility_damage,hurricane_harvey_2017,hurricane_harvey_2017_dev
1026,902638780045197312,Has something been set up to financially aid all churches that have been affected by #HurricaneHarvey in #Texas Can we make this happen?,rescue_volunteering_or_donation_effort,hurricane_harvey_2017,hurricane_harvey_2017_test
758,901809441607213057,RT @FaitthB: Homes are flooding throughout Houston. Praying for everyone. #hurricaneharvey #Harveystorm2017,sympathy_and_support,hurricane_harvey_2017,hurricane_harvey_2017_test
321,901821632607469569,Watch flood waters rise as Hurricane Harvey pummels Houston,caution_and_advice,hurricane_harvey_2017,hurricane_harvey_2017_test
607,903416944652689408,"#NEW: #Houston says it estimates 70% or 1300 square miles of Harris Countys 1800 square miles, was covered w/1.5 ft of water bc of #Harvey.",caution_and_advice,hurricane_harvey_2017,hurricane_harvey_2017_test
868,901809671438249984,Continued prayers for all those affected by Harvey.,sympathy_and_support,hurricane_harvey_2017,hurricane_harvey_2017_dev
248,901751540637192192,RT @Fox26Houston: #HURRICANEHARVEY Tornado hits northwest Harris County  YOUR GULF COAST WEATHER AUTHORITY,caution_and_advice,hurricane_harvey_2017,hurricane_harvey_2017_test
857,903408890460725249,"Hats off to @realDonaldTrump for pledging $1 Million of his own money to #HurricaneHarvey victims. Take that empathy, @CNN.",rescue_volunteering_or_donation_effort,hurricane_harvey_2017,hurricane_harvey_2017_dev
1717,902633045555113988,.@DickinsonCS3 is leading a campus-wide effort to help those affected by #HurricaneHarvey. How to contribute: .,rescue_volunteering_or_donation_effort,hurricane_harvey_2017,hurricane_harvey_2017_test
654,902672055644106752,"@realDonaldTrump, @EPAScottPruitt, @SecretaryPerry Please act on climate change Death Toll From Storm Reaches 13",injured_or_dead_people,hurricane_harvey_2017,hurricane_harvey_2017_dev
352,902897615448236037,"This back to school pic will be hard to top. As of yesterday, @TexasGameWarden says theyve rescued / evacuated 5,600+ from #Harvey floods",rescue_volunteering_or_donation_effort,hurricane_harvey_2017,hurricane_harvey_2017_dev
1426,901835482014855168,RT @theblerdgurl: Pray for Houston. ὤFἿE #Harvey #HoustonFlood,sympathy_and_support,hurricane_harvey_2017,hurricane_harvey_2017_test
1194,903496509542383617,Your Dad is awesome! He sent food to the TJ shelter we worked today and we were running out just before it arrived! So generous! #we❤️Sake,rescue_volunteering_or_donation_effort,hurricane_harvey_2017,hurricane_harvey_2017_test
1430,902684794936410112,"Former Texans, currently living in #Alaska, watch a hurricane destroy their former home #HurricaneHarvey",infrastructure_and_utility_damage,hurricane_harvey_2017,hurricane_harvey_2017_test
1705,901775506697322497,"RT @imSo0verIt: Entire neighborhoods in TX were destroyed by Hurricane Harvey, but thanks for the book recommendation. ὄD",infrastructure_and_utility_damage,hurricane_harvey_2017,hurricane_harvey_2017_test
665,903411159168147456,I cannot put into words how proud I am of the #BlackandBraveArmy for coming together to support those affected by #Harvey. Yall are great!,sympathy_and_support,hurricane_harvey_2017,hurricane_harvey_2017_dev
1260,902727480146087936,The Quickest Way To Find the Nearest Hurricane Harvey Shelter That Isn’t Already Full | Swamplot,rescue_volunteering_or_donation_effort,hurricane_harvey_2017,hurricane_harvey_2017_test
513,902653459564040193,The Alabama National Guard is joining Hurricane Harvey recovery efforts in Texas.,rescue_volunteering_or_donation_effort,hurricane_harvey_2017,hurricane_harvey_2017_test
352,902661989616332800,To those affected by Hurrican Harvey I send thoughts and prayers. Hearts and Love. #HurricaneHarvey,sympathy_and_support,hurricane_harvey_2017,hurricane_harvey_2017_test
351,902888383592230912,Just donated! #harvey #harveyflood #houston #texas,rescue_volunteering_or_donation_effort,hurricane_harvey_2017,hurricane_harvey_2017_dev
940,902651665865515008,Our prayers are with those affected by the devastating damage caused by Hurricane Harvey.,infrastructure_and_utility_damage,hurricane_harvey_2017,hurricane_harvey_2017_test
934,901086798797049857,Hurricane Harvey will bring large-scale damage; FEMA chief afraid residents wont heed warning,caution_and_advice,hurricane_harvey_2017,hurricane_harvey_2017_test
827,903649361065848832,"After he sees all the damage in Houston, Trump will probably pardon Hurricane Harvey.",infrastructure_and_utility_damage,hurricane_harvey_2017,hurricane_harvey_2017_test
974,903621528637628416,"Hurricane Harvey could cost $190 billion, had 29 deaths so far and might just be the worst-ever U.S. natural",injured_or_dead_people,hurricane_harvey_2017,hurricane_harvey_2017_test
738,902840559114477568,Rain in Houston area is letting up but #Harvey is expected to make landfall AGAIN in Louisiana later today. Please help if you can.,rescue_volunteering_or_donation_effort,hurricane_harvey_2017,hurricane_harvey_2017_test
182,902861787904835584,List of individuals who are rescuing #PortArthur #arveysos #HarveyRescue #HarveyFlood #Beaumont #flooding #HurricaneHarvey #Harvey,rescue_volunteering_or_donation_effort,hurricane_harvey_2017,hurricane_harvey_2017_dev
1563,902843289740742656,#HARVEY: Officials say at least 18 people have died because of the storm.,injured_or_dead_people,hurricane_harvey_2017,hurricane_harvey_2017_test
1308,902858087945695236,#HurricaneHarvey update 8/30 6:30am-As of now all other locations remain open. Our thoughts and prayers are with everyone in Harveys path.,sympathy_and_support,hurricane_harvey_2017,hurricane_harvey_2017_test
237,902655625892470785,We urge any PTFC fans wanting to aid those impacted by Harvey to donate to Red Cross. One way to do so is through our TX Timbers Army group,rescue_volunteering_or_donation_effort,hurricane_harvey_2017,hurricane_harvey_2017_test
596,902647770720288768,.@TexasMonthly also published a variety of organizations worthy of your donations:,rescue_volunteering_or_donation_effort,hurricane_harvey_2017,hurricane_harvey_2017_dev
806,902606893461495810,Night shift volunteers also sought at downtown Brown convention center shelter. #Harvey2017,rescue_volunteering_or_donation_effort,hurricane_harvey_2017,hurricane_harvey_2017_test
371,903483500342296580,"If Anyone wants to donate to Houston #Harvey Animal Centers taking in ALL animals, food, shelter, medically.",rescue_volunteering_or_donation_effort,hurricane_harvey_2017,hurricane_harvey_2017_dev
1543,902843666359836672,Famous Americans are challenging each other to donate money to the Red Cross to aid the victims of #Harvey,rescue_volunteering_or_donation_effort,hurricane_harvey_2017,hurricane_harvey_2017_test
136,902652247795916802,We lost power last night but have still dodged major flooding. Hoping the worst is over &amp; we can help others recover soon. #HurricaneHarvey,infrastructure_and_utility_damage,hurricane_harvey_2017,hurricane_harvey_2017_dev
105,902628106380476417,"@EW Yes, Melania did don a cap that read #FLOTUS when she accompanied @POTUS on a visit Tues to inspect damage from Hurricane Harvey",infrastructure_and_utility_damage,hurricane_harvey_2017,hurricane_harvey_2017_dev
354,902634433609687040,Please read this if you have any damage or basis for a Hurricane Harvey insurance claim!,infrastructure_and_utility_damage,hurricane_harvey_2017,hurricane_harvey_2017_dev
880,903055162994032640,Chopped on Blades barbershop giving haircuts to the evacuees at the M.O. Campbell Center #Harvey,rescue_volunteering_or_donation_effort,hurricane_harvey_2017,hurricane_harvey_2017_dev
843,903562683320066048,Hurricane Harvey: Rockland responding with aid  via @lohud,rescue_volunteering_or_donation_effort,hurricane_harvey_2017,hurricane_harvey_2017_test
614,901831360486277121,Harvey: •At least 2 people dead •Over 1000 high water rescues conducted •FEMA is going to be there for years,injured_or_dead_people,hurricane_harvey_2017,hurricane_harvey_2017_dev
384,902649356859428864,@abc13houston @KHOU @KPRC2 #CajunNavy #HurricaneHarvey @houstonpolice #Houstonrescue @houston @HarveyRescue My friends son is trapped..,rescue_volunteering_or_donation_effort,hurricane_harvey_2017,hurricane_harvey_2017_dev
593,902842290879770624,Verizon is committing $10 million to support Hurricane #Harvey relief efforts #IamVZ,sympathy_and_support,hurricane_harvey_2017,hurricane_harvey_2017_test
862,902656440783003653,Our thoughts &amp; best wishes are with those in Texas. Together well endure #HurricaneHarvey and reaffirm the strength of the American spirit.,sympathy_and_support,hurricane_harvey_2017,hurricane_harvey_2017_dev
1226,901818527199449088,RT @NAMB_SBC: Pray for Texans and relief volunteers as @HHSGov has declared a public health emergency following #HurricaneHarvey.,sympathy_and_support,hurricane_harvey_2017,hurricane_harvey_2017_test
575,902731638026625024,#HarveyHelp #HarveyHelpers #Harvey #Houston #HopeForHouston #HarveyRelief volunteers need @NRGParkFan,rescue_volunteering_or_donation_effort,hurricane_harvey_2017,hurricane_harvey_2017_test
173,903748113281765377,"DOG RESCUE This is in Lumberton, Texas, down the street from my moms house. Thats my brother in the black shirt. #Harvey",rescue_volunteering_or_donation_effort,hurricane_harvey_2017,hurricane_harvey_2017_test
863,902659525538443265,I call BS. Link says 2-3 weeks AFTER inspecting the damage. Lost my home in Frances and Jeanne in 2004. Took weeks to get an appointment.,infrastructure_and_utility_damage,hurricane_harvey_2017,hurricane_harvey_2017_test
558,903391856565805056,"#Harvey Live Updates: Blasts at Plant in Crosby, Texas, Underscore Worries About Storm Damage  This is really awful",infrastructure_and_utility_damage,hurricane_harvey_2017,hurricane_harvey_2017_dev
63,902678560175005697,If my house just got destroyed I would rather have a free beer,infrastructure_and_utility_damage,hurricane_harvey_2017,hurricane_harvey_2017_dev
138,903407201187921920,Was your office affected by #HurricaneHarvey? Here’s how to assess damage to IT equipment:  #DataLoss #ITSupport,infrastructure_and_utility_damage,hurricane_harvey_2017,hurricane_harvey_2017_test
889,902654540369027072,"Though @POTUS did not, Americans do honor Sgt Steve Perezs service, &amp; have his family &amp; @houstonpolice colleagues in our thoughts &amp; prayers",sympathy_and_support,hurricane_harvey_2017,hurricane_harvey_2017_dev
628,903456079220236288,"Is it just me or @espn has not mentioned that @Jkdobbins22 is from LaGrange, TX and how much damage #HurricaneHarvey did to that town?",infrastructure_and_utility_damage,hurricane_harvey_2017,hurricane_harvey_2017_dev
304,903378002376921089,"Congress now likely to send small Harvey aid package next week and larger emergency package at end of September, per sources",rescue_volunteering_or_donation_effort,hurricane_harvey_2017,hurricane_harvey_2017_dev
334,903358100069126144,If you prefer to help w/ food donate to @HoustonFoodBank they need it. #houston #harvey,rescue_volunteering_or_donation_effort,hurricane_harvey_2017,hurricane_harvey_2017_dev
102,902606175446986752,#FloodHouston death toll 14. #HurricaneHarvey,injured_or_dead_people,hurricane_harvey_2017,hurricane_harvey_2017_test
419,902648099465826309,Bass Pro Shops donate boats to Harvey rescue efforts in Texas  via @houstonchron,rescue_volunteering_or_donation_effort,hurricane_harvey_2017,hurricane_harvey_2017_test
1626,903744586077675520,McCaul Views Damage Caused by Hurricane Harvey &amp; Pledges Assistance:,infrastructure_and_utility_damage,hurricane_harvey_2017,hurricane_harvey_2017_test
311,902854171812130817,"At least 8 dead, thousands stranded as Hurricane Harvey continues dumping rain in flooded",injured_or_dead_people,hurricane_harvey_2017,hurricane_harvey_2017_test
795,903757602135437312,"If debris near gas meter, the collectors could damage the meter, causing a gas leak. If this happens, leave area &amp; call 911 #Harvey.",infrastructure_and_utility_damage,hurricane_harvey_2017,hurricane_harvey_2017_dev
771,902837778144256000,Today: Widespread showers/storms are expected as #Harvey moves NE thru LA. A brief tornado is also possible SW from 4-10PM. #ALwx #BMXwx,caution_and_advice,hurricane_harvey_2017,hurricane_harvey_2017_dev
332,902693018939125760,".@USCGHeartland is rescuing into the night. If u have to go to the roof &amp; need assistance, use your phones light to get attention. #Harvey",rescue_volunteering_or_donation_effort,hurricane_harvey_2017,hurricane_harvey_2017_test
868,902703038577684480,J.J. Watt’s initial goal for Hurricane Harvey relief was $200K. He’s nearing $5 million.,rescue_volunteering_or_donation_effort,hurricane_harvey_2017,hurricane_harvey_2017_test
1083,901471890643890176,Red Cross Response to Hurricane Harvey,rescue_volunteering_or_donation_effort,hurricane_harvey_2017,hurricane_harvey_2017_test
1016,902657441711755272,The mayor of Houston has started a Hurricane Harvey relief fund you can donate to:,rescue_volunteering_or_donation_effort,hurricane_harvey_2017,hurricane_harvey_2017_test
285,903597286768467968,@BitaEF @JJWatt @Hanes @barenecessities We are deeply saddened by those affected by #HurricaneHarvey and are currently working with the Red Cross to send clothing to those in need.,rescue_volunteering_or_donation_effort,hurricane_harvey_2017,hurricane_harvey_2017_test
782,902869392278597637,"For 33 years in FL, I was a REALTOR® Ivan came destroyed homes like Harvey People had no hurricane insurance Lost ALL In OK buy Quake Insure",infrastructure_and_utility_damage,hurricane_harvey_2017,hurricane_harvey_2017_dev
584,903408121011331072,🇺🇸Hero saves 50 in Texas town of Port Arthur including babies &amp; sick after official rescuers failed to show up,rescue_volunteering_or_donation_effort,hurricane_harvey_2017,hurricane_harvey_2017_test
112,901792585676709888,"Trump says #HurricaneHarvey, now a tropical storm, worst storm ever in eyes of many. Five reportedly now dead.",injured_or_dead_people,hurricane_harvey_2017,hurricane_harvey_2017_test
1476,902644322692104193,#Baylor update on #HurricaneHarvey: Specific supplies will be collected at on-campus events this weekend:,rescue_volunteering_or_donation_effort,hurricane_harvey_2017,hurricane_harvey_2017_test
322,902610667127148544,How to help the groups responding to Hurricane Harvey,rescue_volunteering_or_donation_effort,hurricane_harvey_2017,hurricane_harvey_2017_dev
425,902657466076450816,"Trump vows ‘100 percent’ support, rapid federal aid to #Harvey victims ahead of Texas visit",rescue_volunteering_or_donation_effort,hurricane_harvey_2017,hurricane_harvey_2017_test
1362,901717784115208192,"In Photos: Hurricane Harvey slams into Texas coast, causing massive damage",infrastructure_and_utility_damage,hurricane_harvey_2017,hurricane_harvey_2017_test
1580,902637283848925184,PLEASE purchase #RescueRoll starting from today - Labor Day! #Mikunisushi will donate 100% of the sales to victims of #HurricaneHarvey! 🙏🏻,rescue_volunteering_or_donation_effort,hurricane_harvey_2017,hurricane_harvey_2017_test
1215,901768019994664960,Rockport residents stunned by devastation wrought by Hurricane Harvey,infrastructure_and_utility_damage,hurricane_harvey_2017,hurricane_harvey_2017_test
770,902654190211567616,PDA national response team to assess damage from #HurricaneHarvey and catastrophic flooding.  #PCUSA @PDACares,infrastructure_and_utility_damage,hurricane_harvey_2017,hurricane_harvey_2017_dev
1418,901671442231721985,RT @StormVisuals: Widespread structural damage in Rockport. #harvey,infrastructure_and_utility_damage,hurricane_harvey_2017,hurricane_harvey_2017_test
1254,902664908478828545,Northeast Ohio animal rescues poised to assist shelters impacted by Hurricane Harvey,rescue_volunteering_or_donation_effort,hurricane_harvey_2017,hurricane_harvey_2017_test
696,902689471124123648,"Officials said that between at least 9,000-10,000 people had been rescued in the region. #harvey",rescue_volunteering_or_donation_effort,hurricane_harvey_2017,hurricane_harvey_2017_dev
923,902606908279926784,Admission to this weekends @Lion_WSOC Classic is free with donation to #Harvey relief. Lets help our friends in need! #WeAreLions,rescue_volunteering_or_donation_effort,hurricane_harvey_2017,hurricane_harvey_2017_dev
223,902656682102329361,"We will donate $1 from every ticket sold for the Astros series, Sept. 8-10, to #HurricaneHarvey relief efforts. 🎟️",rescue_volunteering_or_donation_effort,hurricane_harvey_2017,hurricane_harvey_2017_test
574,903382660222943233,Remnants of #Harvey now causing damage in west Alabama. @abc3340,infrastructure_and_utility_damage,hurricane_harvey_2017,hurricane_harvey_2017_test
1522,903542976521134080,"Houston dries, damage assessments begin after Harveys historic flooding. WBTs Morning News w @BoThompsonWBT on now",infrastructure_and_utility_damage,hurricane_harvey_2017,hurricane_harvey_2017_test
1561,903057823461933056,"A lot of people have asked how they can help. This campaign will help Rice staff &amp; students, as well as the City of Houston! #CUSAcares",rescue_volunteering_or_donation_effort,hurricane_harvey_2017,hurricane_harvey_2017_test
486,903389910266241024,"These numbers seem unreal. This is just 1 of the 75,000+ homes damaged by Hurricane Harvey.#khou11",infrastructure_and_utility_damage,hurricane_harvey_2017,hurricane_harvey_2017_dev
638,902841333886459904,Comcast NBCUniversal Supports Hurricane Harvey Relief Efforts:,rescue_volunteering_or_donation_effort,hurricane_harvey_2017,hurricane_harvey_2017_test
664,902649584287174656,Thoughts and prayers go out to all of those who are being affected by the mass destruction of Hurricane Harvey. #houstonstrong,sympathy_and_support,hurricane_harvey_2017,hurricane_harvey_2017_dev
1307,902647929088958464,Rescue Row = where samaritans are meeting to help save ppl. Very familiar with this area. About 5 miles from my uncle &amp; aunt. #Harvey #HOU,rescue_volunteering_or_donation_effort,hurricane_harvey_2017,hurricane_harvey_2017_test
642,903380108626493440,#BREAKING: Gov. Cooper declares state of emergency in NC over gas supplies in wake of #Harvey,caution_and_advice,hurricane_harvey_2017,hurricane_harvey_2017_dev
567,903749496630370305,Hurricane Harvey may have destroyed 1 million cars—and changed the U.S. used auto market,infrastructure_and_utility_damage,hurricane_harvey_2017,hurricane_harvey_2017_test
1753,903353970437103616,"HELP Hurricane Harvey Victims:  Helping Those In Need, Help Anyway You Can! RT #Harvey #TexasStrong #LouisianaStrong",rescue_volunteering_or_donation_effort,hurricane_harvey_2017,hurricane_harvey_2017_test
87,902661758988496898,Sgt.Steve Perez RIP; Killed By Flood While Trying To Save Houston Lives  #bluelivesmatter #hero #rip #hurricaneharvey,injured_or_dead_people,hurricane_harvey_2017,hurricane_harvey_2017_test
935,903663582403059713,"#Texas National Guardsman shares album of #dogs, #cats #pig hes rescued from #HurricaneHarvey floods  +PHOTOS 💪#HERO",rescue_volunteering_or_donation_effort,hurricane_harvey_2017,hurricane_harvey_2017_test
693,901831413980385280,Our thoughts are with the city of Houston and those affected by Hurricane Harvey.,sympathy_and_support,hurricane_harvey_2017,hurricane_harvey_2017_test
750,903615776342585344,WATCH: Houston restaurant community cooks up support for shelters and first responders  #houstonstrong #harvey,rescue_volunteering_or_donation_effort,hurricane_harvey_2017,hurricane_harvey_2017_test
566,901817972402118660,"RT @NishWeiseth: American Red Cross. To donate, visit , call 1-800-REDCROSS or text the word HARVEY to 90999 to make",rescue_volunteering_or_donation_effort,hurricane_harvey_2017,hurricane_harvey_2017_dev
80,903744918975377409,NEHS members loading donations that are heading to Houston tonight. 💞🌎#TeamAntwine #CougarCommunityRocks #Harvey,rescue_volunteering_or_donation_effort,hurricane_harvey_2017,hurricane_harvey_2017_test
776,903408367909130240,#TexasStrong- @realDonaldTrump pledges $1M to #Harvey relief as rescue efforts continue. Join #Dobbs NOW on FBN7p #MAGA #TrumpTrain,rescue_volunteering_or_donation_effort,hurricane_harvey_2017,hurricane_harvey_2017_test
729,902654533356146690,Heard about our #TexasCares initiative? Donate directly to @RedCross #Harvey relief efforts &amp; join us on NBC/ABC:,rescue_volunteering_or_donation_effort,hurricane_harvey_2017,hurricane_harvey_2017_test
520,903744425440022528,"Meteorologists Say Hurricane Irma Could Be More Powerful, Destructive than Harvey #HurricaneHarvey #HurricaneIrma",caution_and_advice,hurricane_harvey_2017,hurricane_harvey_2017_test
1766,902024749899030533,Widespread devastation as tropical storm Harvey wrecks havoc on Texas. Two dead at least 30 unaccounted for as Harvey slams Texas. @NBCNews,injured_or_dead_people,hurricane_harvey_2017,hurricane_harvey_2017_test
561,903528186029506560,These Food and #BeverageBusinesses Are Providing Hurricane #Harvey Relief,rescue_volunteering_or_donation_effort,hurricane_harvey_2017,hurricane_harvey_2017_dev
472,903391020926119937,"New at 4 &amp; 5p, a look at how King Co. is helping after #Harvey plus how emergency managers are studying the disaster to prepare for our own",caution_and_advice,hurricane_harvey_2017,hurricane_harvey_2017_test
204,902653690632314880,@VicBeasley3 @miaminative53 #Houston Mayor Sylvester Turner has established the Hurricane Harvey Relief Fund,rescue_volunteering_or_donation_effort,hurricane_harvey_2017,hurricane_harvey_2017_dev
1108,902632948981268482,This is awesome! 100% is going to the relief efforts. #TexasStrong #SicEm,rescue_volunteering_or_donation_effort,hurricane_harvey_2017,hurricane_harvey_2017_test
776,903063705147121666,The Latest: Harvey death toll rises to 25 - The National Hurricane Center says Harvey is back on land after com,injured_or_dead_people,hurricane_harvey_2017,hurricane_harvey_2017_dev
1373,903359701747937281,#HurricaneHarvey damage to be among top 10 most costly” for #insurers  via @insureca4less,infrastructure_and_utility_damage,hurricane_harvey_2017,hurricane_harvey_2017_test
207,902848165036126212,"WATCH: Inside the rescue efforts to save 1,000s of animals from #Harvey flooding across Texas - @joefryer",rescue_volunteering_or_donation_effort,hurricane_harvey_2017,hurricane_harvey_2017_dev
83,903394127043190784,My heart and prayers are with the families affected by Hurricane Harvey💗 #HoustonStrong #PrayforTexas,sympathy_and_support,hurricane_harvey_2017,hurricane_harvey_2017_dev
1208,901679891455787008,"Two dead, at least 30 unaccounted for as Harvey slams Texas CLICK BELOW FOR FULL STORY",injured_or_dead_people,hurricane_harvey_2017,hurricane_harvey_2017_test
1715,902652896726192133,Newberry is accepting clothing donations for Hurricane Harvey victims,rescue_volunteering_or_donation_effort,hurricane_harvey_2017,hurricane_harvey_2017_test
64,901225616686673920,Yo before Hurricane Harvey kills me anybody wanna admit they got a crush on me.,injured_or_dead_people,hurricane_harvey_2017,hurricane_harvey_2017_test
1235,903762073783603206,Want to help little flood victims? Join the Hurricane Harvey Book Club  #books #Harvey #HarveyRelief,rescue_volunteering_or_donation_effort,hurricane_harvey_2017,hurricane_harvey_2017_test
1149,902646443630104586,@sassygayrepub @MarcyWin4D If you want to MAKE SURE your donations reach those in need #HurricaneHarvey  @SamaritansPurse,rescue_volunteering_or_donation_effort,hurricane_harvey_2017,hurricane_harvey_2017_test
41,902711226089787393,Before and After Photos Capture Devastating Flooding in Houston  #HurricaneHarvey #HelpforHouston #HarveyFlood,infrastructure_and_utility_damage,hurricane_harvey_2017,hurricane_harvey_2017_dev
517,903556066851598337,The death toll continues for those who cannot or could not leave the flooded areas. Evacuation is a privilege. #HurricaneHarvey,injured_or_dead_people,hurricane_harvey_2017,hurricane_harvey_2017_test
777,903719019752148993,US steel industry still assessing damage from Hurricane Harvey - Platts() #maritime #commodities #shipping,infrastructure_and_utility_damage,hurricane_harvey_2017,hurricane_harvey_2017_test
914,902651569509986304,"Our @Sprint Emergency Response teams are on the ground in Victoria, Corpus Christi and Rockport! #HurricaneHarvey",rescue_volunteering_or_donation_effort,hurricane_harvey_2017,hurricane_harvey_2017_dev
1309,902855575826046976,"Hours later, Osteens church became a distribution hub for supplies donated after people heard it was open Thread:",rescue_volunteering_or_donation_effort,hurricane_harvey_2017,hurricane_harvey_2017_test
1018,902655301853351953,Former @OregonMBB Pac-12 POY &amp; Houston native @JoeyBuckets3 is donating to Hurricane Harvey relief efforts:,rescue_volunteering_or_donation_effort,hurricane_harvey_2017,hurricane_harvey_2017_test
69,901759351681155074,RT @FoxNews: Catastrophic flooding expected in parts of Texas in wake of #HurricaneHarvey,caution_and_advice,hurricane_harvey_2017,hurricane_harvey_2017_dev
132,902858979071623168,"#ABCNEWS Volunteers rescue Hurricane Harvey victims, evacuation centers fill up: OPENN |",rescue_volunteering_or_donation_effort,hurricane_harvey_2017,hurricane_harvey_2017_test
34,902654086025281536,Texas-based @Teladoc to offer free general medical services to those affected by #Harvey. Call 855-220-4585 or visit,rescue_volunteering_or_donation_effort,hurricane_harvey_2017,hurricane_harvey_2017_dev
783,902656032668864513,#PhotosFromTheField: 36th CAB @36thInfantryDiv in action during rescue operations in #Texas. #Harvey #TMDHarvey @USNationalGuard,rescue_volunteering_or_donation_effort,hurricane_harvey_2017,hurricane_harvey_2017_dev
1737,901679592724992000,♞ Carriers waiving fees for areas affected by Hurricane Harvey  #310ei #Android,rescue_volunteering_or_donation_effort,hurricane_harvey_2017,hurricane_harvey_2017_test
239,903654978841141248,Vanessa Carlton offers to replace damaged piano after seeing mans heartbreaking video,infrastructure_and_utility_damage,hurricane_harvey_2017,hurricane_harvey_2017_dev
347,902842611823726593,Text SENDRELIEF to 41444 to aid the residents on the Texas coast who are impacted by the severe flooding from #HurricaneHarvey.,rescue_volunteering_or_donation_effort,hurricane_harvey_2017,hurricane_harvey_2017_test
439,903047546737745921,Were proud to partner with gyms around the country to support the all star community affected by Hurricane Harvey &gt;&gt;,rescue_volunteering_or_donation_effort,hurricane_harvey_2017,hurricane_harvey_2017_dev
544,903701004692140036,Most #Harvey damage sustained at @CyFairISDS Moore Elem students will be housed in Matzkes former campus #CFISDBoard,infrastructure_and_utility_damage,hurricane_harvey_2017,hurricane_harvey_2017_test
1372,902641829794992128,double page spread for hurricane harvey as 8 people are dead yet nothing on the mudslide killing thousands in Sierra Leone?Sad sad world,injured_or_dead_people,hurricane_harvey_2017,hurricane_harvey_2017_test
849,903587171222867968,This cart FULL of supplies was donated by ONE family w/8 kids who wanted 2 giv enuf 2 help a #Harvey family like them. #HumanKindness,rescue_volunteering_or_donation_effort,hurricane_harvey_2017,hurricane_harvey_2017_dev
569,903408766074462209,"Miley Cyrus Moved to Tears Over Hurricane Harvey and Donates $500,000 to Flood Relief Efforts  #celebritygossip #feed",rescue_volunteering_or_donation_effort,hurricane_harvey_2017,hurricane_harvey_2017_test
1232,901754106179715072,"#HurricaneHarvey: #rain, #flooding and one #death#experts are still #relieved  @voxdotcom #GulfCoast #Texas #damage",infrastructure_and_utility_damage,hurricane_harvey_2017,hurricane_harvey_2017_test
1743,901760191523414017,"Best place to donate for disaster relief!! 100% goes, no admin cost. #umcor #harvey",rescue_volunteering_or_donation_effort,hurricane_harvey_2017,hurricane_harvey_2017_test
809,902717070747590656,Ms. G just informed me that her sailboat was damaged in #HurricaneHarvey I dont know what to do with that info.,infrastructure_and_utility_damage,hurricane_harvey_2017,hurricane_harvey_2017_dev
1255,902641970400464896,Many organizations providing shelter and aid to families affected by #Harvey2017 @ShelterBox,rescue_volunteering_or_donation_effort,hurricane_harvey_2017,hurricane_harvey_2017_test
143,903585222263963648,Retweeted CBS This Morning (@CBSThisMorning): The confirmed death toll for #Harvey has jumped to 37. Helicopters,injured_or_dead_people,hurricane_harvey_2017,hurricane_harvey_2017_test
1046,903360102769590272,Many employees of OKOGA member companies have been impacted from the hurricane and flooding in Houston. #StandWithTexas #HurricaneHarvey,infrastructure_and_utility_damage,hurricane_harvey_2017,hurricane_harvey_2017_test
769,902647295174479895,Want to help our fellow @thecubscouts @boyscouts @venturingbsa that are in need after #Harvey? Donate via BSA,rescue_volunteering_or_donation_effort,hurricane_harvey_2017,hurricane_harvey_2017_test
667,902902271935213569,@realDonaldTrump EIGHTEEN PEOPLE DIED BECAUSE OF HURRICANE HARVEY AND YET YOU TWEET BULLSHIT!!!!!,injured_or_dead_people,hurricane_harvey_2017,hurricane_harvey_2017_test
398,902682468595224576,5 Reasons to use a Virtual Doctor during a Disaster  #RoweDocs #VirtualVisits #HurricaneHarvey,caution_and_advice,hurricane_harvey_2017,hurricane_harvey_2017_test
1646,901779356179103748,RT @bradentonherald: .@ManateeSheriff says tornado hit Samoset on Saturday night Damage reported,infrastructure_and_utility_damage,hurricane_harvey_2017,hurricane_harvey_2017_test
238,902646824707788800,"Jerry Jones just donated $100,000 to @1053thefans Salvation Army pledge drive for Hurricane Harvey relief. You can donate at: 214-525-7200",rescue_volunteering_or_donation_effort,hurricane_harvey_2017,hurricane_harvey_2017_test
159,903051564461457408,Hurricane Harvey death toll rises: Whole city now underwater,injured_or_dead_people,hurricane_harvey_2017,hurricane_harvey_2017_dev
531,901814158630498304,"As we keep everyone affected by Hurricane Harvey in our thoughts, here’s how  by #toysandtacos via @c0nvey",sympathy_and_support,hurricane_harvey_2017,hurricane_harvey_2017_test
312,901552605570056194,"At least 1 dead, 14 injured in Hurricane Harvey  #EMS",injured_or_dead_people,hurricane_harvey_2017,hurricane_harvey_2017_dev
383,902637328388288513,Delivering supplies to a neighbor that has taken in 15 affected by #Harvey. #MaydeForThis @mchs_yrbk @R_EdwardsMCHS @MaydeCreek2018,rescue_volunteering_or_donation_effort,hurricane_harvey_2017,hurricane_harvey_2017_dev
1132,903389954889449472,"Fire destroyed a familys home during #Harvey, but this Virgin Mary statue survived",infrastructure_and_utility_damage,hurricane_harvey_2017,hurricane_harvey_2017_test
64,903364418490179584,My condolences go out to all those affected by Hurricane Harvey. We can get through this! ❤️,sympathy_and_support,hurricane_harvey_2017,hurricane_harvey_2017_dev
756,902676487140241408,"WATCH: @GadiNBC talks with boaters who are going in and out of flooded areas to rescue people, pets - @MSNBC #Harvey",rescue_volunteering_or_donation_effort,hurricane_harvey_2017,hurricane_harvey_2017_dev
463,902857495424753665,Flood waters rising on Lakeside Estates north of Briar Forest from reservoir release into Buffalo Bayou. Measured at 6:30 am. @KPRC2 #harvey,caution_and_advice,hurricane_harvey_2017,hurricane_harvey_2017_test
895,903350140987158529,could yall please help out @_DoItLikeNe and her son out! during the #HurricaneHarvey her home was broken into.,rescue_volunteering_or_donation_effort,hurricane_harvey_2017,hurricane_harvey_2017_test
917,903448331317325825,Thanks to our friends at @CulliganMan we have been able to supply #HurricaneHarvey survivors with clean drinking water.,rescue_volunteering_or_donation_effort,hurricane_harvey_2017,hurricane_harvey_2017_test
1709,903465960857677825,"Update on Tropical Harvey: So far, Hurricane Harvey Has Killed at Least 40 People",injured_or_dead_people,hurricane_harvey_2017,hurricane_harvey_2017_test
907,902853612736479232,"With death toll at 18, posts, tweets spread widely as the Harvey missing are sought  #HurricaneHarvey",injured_or_dead_people,hurricane_harvey_2017,hurricane_harvey_2017_dev
1648,902633120285020161,Wanting to help the victims of #HurricaneHarvey? Read these tips to avoid scams and make sure your donation counts:,rescue_volunteering_or_donation_effort,hurricane_harvey_2017,hurricane_harvey_2017_test
1713,902648687511314432,HAPPENING NOW: Hunter Army Airfield soldiers leaving to head to #Texas to help with #HurricaneHarvey. Thank you for your service!,sympathy_and_support,hurricane_harvey_2017,hurricane_harvey_2017_test
1461,902626285850996736,More #flooding is forecasted as #HurricaneHarvey continues to affect the #Texas gulf coast.,caution_and_advice,hurricane_harvey_2017,hurricane_harvey_2017_test
613,902654764684648448,"wow, life can happen so fast and its scary everyone affected by hurricane Harvey please be safe ❤️",caution_and_advice,hurricane_harvey_2017,hurricane_harvey_2017_dev
337,902646293385895936,@Deanofcomedy Americans all over US are donating $ to help. Media should ask Trump how much of his personal $ he will donate. #Harvey #HelpHouston,rescue_volunteering_or_donation_effort,hurricane_harvey_2017,hurricane_harvey_2017_dev
711,902600718720389123,@KevinHart4real @RedCross Heres where donations will go DIRECTLY to people on the ground and in the water! #NoRedCross #RedCrossonly15%,rescue_volunteering_or_donation_effort,hurricane_harvey_2017,hurricane_harvey_2017_test
915,903414860662366208,"300 dead 600 missing in #SierraLeone. 1200 dead in India, Nepal, and Bangladesh. Where is the compassion and donations for them?",injured_or_dead_people,hurricane_harvey_2017,hurricane_harvey_2017_test
1368,903431868040830976,Adelphi student athletes gathered this morning to give away sports equipment to those affected by Hurricane Harvey.,rescue_volunteering_or_donation_effort,hurricane_harvey_2017,hurricane_harvey_2017_test
142,902896785588457472,".@WRAL Traffic moving in parts of Houston, people here are very relieved. Yet flood still here. 233 roads remain closed. #wral #Harvey2017",infrastructure_and_utility_damage,hurricane_harvey_2017,hurricane_harvey_2017_dev
1360,902886364055785472,"NOW: While America remains squarely fixated on #Harvey, a deadly monsoon season overseas has killed 1,200 people.",injured_or_dead_people,hurricane_harvey_2017,hurricane_harvey_2017_test
70,902859838245535745,Thoughts and prayers for those affected by hurricane Harvey. #diversepatriots #HarveyFlood #HarveyStorm #TexasStrong,sympathy_and_support,hurricane_harvey_2017,hurricane_harvey_2017_test
442,1001405735299887104,"Prayer warriors, please join me in praying for those impacted by these flash floods near Baltimore, MD.",sympathy_and_support,maryland_floods_2018,maryland_floods_2018_train
28,1001394082030252032,Please keep the residents of Ellicott City in prayer Im sure we will be hearing from the Southeast District of the Lutheran Church on the relief response,sympathy_and_support,maryland_floods_2018,maryland_floods_2018_test
307,1001156881220448256,Sending thoughts to Maryland today as they continue to deal with the aftermath of a flash flood that engulfed Ellicott City yesterday #news #flood,sympathy_and_support,maryland_floods_2018,maryland_floods_2018_train
116,1001526842233253889,"The Latest: Police say a body found in the Patapsco River has been identified as 39-year-old Eddison Hermond, the sole person reported missing following the torrential rains that prompted destructive flash flooding in a historic Maryland town.",injured_or_dead_people,maryland_floods_2018,maryland_floods_2018_train
267,1004322240589193217,"UNITED HELP, INCORPORATED McPeeks Helping Hands And Terri McPeeks Pet Rescue United Help, Incorporated, Is a Maryland Domestic 501(c)(3) Tax Status Youth Guidance Program Designed to Curb Drug Addiction and",rescue_volunteering_or_donation_effort,maryland_floods_2018,maryland_floods_2018_train
148,1001173967179218945,"Hope everyone in the Baltimore area stays safe, I cant believe how destructive this flood has been!",sympathy_and_support,maryland_floods_2018,maryland_floods_2018_train
301,1002992953617416193,Heavy rains possible aroiund Maryland today. Follow local forecasts.,caution_and_advice,maryland_floods_2018,maryland_floods_2018_train
390,1001366994271207424,"Significant damage in Ellicott City, Maryland after major floodwaters tore through the area this holiday weekend.",infrastructure_and_utility_damage,maryland_floods_2018,maryland_floods_2018_train
426,1003698295732965376,"WATCH LIVE: The bridge over the Little Patuxtent in Laurel, Maryland has been destroyed by the area flooding:",infrastructure_and_utility_damage,maryland_floods_2018,maryland_floods_2018_train
67,1002621363482329088,"In the aftermath of this weekends historic flooding in Ellicott City, Maryland, Verizon is waiving billing, bringing in additional network equipment, and offering free device charging. #IamVZ",rescue_volunteering_or_donation_effort,maryland_floods_2018,maryland_floods_2018_train
138,1003636085828665349,Prevention plans are key for cities at risk of natural disaster damage like flooding. Costly but worth it #flooding #mold #mould #health #news,infrastructure_and_utility_damage,maryland_floods_2018,maryland_floods_2018_test
194,1002332657576022018,"Flash floods ripped through Ellicott City, Maryland, on Sunday, toppling buildings and upending cars, as the nearby Patapsco River swelled to a record-breaking level. The devastation comes barely two years after the last flood that ravaged the city.",infrastructure_and_utility_damage,maryland_floods_2018,maryland_floods_2018_train
285,1001720687592202241,"#News via #FOX National Guardsmans body found after Maryland flooding, police say",injured_or_dead_people,maryland_floods_2018,maryland_floods_2018_train
430,1001170106347610113,"Flash floods again rip through Maryland  Two 1000 yr. floods in w years. The river rose 17.8 ft in 2 hours. I implore @CNN @MSNBC @CBSNews @Maddow, @ChrisHayes @ChadMeyers to explain why global warming &amp; evaporation causes these rain bombs #ClimateAction",infrastructure_and_utility_damage,maryland_floods_2018,maryland_floods_2018_train
337,1001773737413398528,"Ellicott City, Maryland was devastated by flash flooding from a massive rainstorm Sunday, just two years after a similar event forced the historic city in Howard County to rebuild much of its Main Street.",infrastructure_and_utility_damage,maryland_floods_2018,maryland_floods_2018_train
317,1001251398510612480,ATTN: #FloodNews #Raining State of emergency declared for Maryland flooding,caution_and_advice,maryland_floods_2018,maryland_floods_2018_train
68,1002709154711076866,"Unpopular opinion: no. People have died the past 2 floods and there is also no guarantee it won’t happen again. Sorry, EC. You were great, but this is goodbye.",injured_or_dead_people,maryland_floods_2018,maryland_floods_2018_test
96,1001289928385449984,"You can also donate to The Ellicott City Partnership! It helps cover damage to the small businesses in Ellicott City, which were hit very hard by the storm.",rescue_volunteering_or_donation_effort,maryland_floods_2018,maryland_floods_2018_test
137,1002164233449168897,@GetalongDRescue Maryland. Here is Dante a rescue from #Arkansas,rescue_volunteering_or_donation_effort,maryland_floods_2018,maryland_floods_2018_train
270,1003648875402547200,Female Injured After Grease Fire in Lexington Park | Southern Maryland News Net,injured_or_dead_people,maryland_floods_2018,maryland_floods_2018_train
97,1001154242273533953,I liked a @YouTube video  CRAZY MARYLAND FLOODING - Flash flood smashes into Ellicott City Maryland,infrastructure_and_utility_damage,maryland_floods_2018,maryland_floods_2018_test
73,1001544971554566144,"Lets take a moment away from our Tweet-inspired outrage du jour to pay respects to a serviceman who lost his life this Memorial Day weekend while responding to calls for help from the flood victims in #EllicottCity #RIP Sgt. Eddison A. Hermond, 39.",sympathy_and_support,maryland_floods_2018,maryland_floods_2018_dev
27,1002668848343023616,"Maryland weather: Flooding threats diminished, for now — but more rain still in forecast through Sunday - Baltimore Sun (blog)  via @yeahnoworries #sun",caution_and_advice,maryland_floods_2018,maryland_floods_2018_test
73,1001443716320579585,unbelievable - the damage flash flooding did here #komonews,infrastructure_and_utility_damage,maryland_floods_2018,maryland_floods_2018_test
459,1002255692777050113,"Our deepest condolences to those affected by the all too familiar, recent flooding in Ellicott City. If you are interested in helping those in need, look here:",sympathy_and_support,maryland_floods_2018,maryland_floods_2018_train
152,1001141769155891201,"Watch Live: Aerials of damage after historic flash flooding in Ellicott City, Maryland.",infrastructure_and_utility_damage,maryland_floods_2018,maryland_floods_2018_train
457,1002048883243929600,RT @feralmagick:  find a fundraiser to attend!! Help support our community #EllicottCity #EllicottCityFlood /,rescue_volunteering_or_donation_effort,maryland_floods_2018,maryland_floods_2018_train
40,1001168701406593025,"My heart and prayers go out to the family of this brave man!!! Ellicott City, Maryland flash floods leave National Guard member missing, devastate town recovering from 2016 deluge",sympathy_and_support,maryland_floods_2018,maryland_floods_2018_dev
277,1001482563880398850,Devastating floods in Maryland with one reported missing hero Prayers,sympathy_and_support,maryland_floods_2018,maryland_floods_2018_train
42,1001542264668217345,Body found of man who disappeared amid #Maryland flooding - May 29 @ 3:13 PM ET,injured_or_dead_people,maryland_floods_2018,maryland_floods_2018_test
498,1001778806699552769,"#EllicottCityFlood happened once again, killing one brave man and decimating businesses. @chrissyteigen please share to spread awareness for the community destroyed by a flash flood this past weekend. Supplies like gloves and trash bags would go a long way! #ECStrong #PleaseShare",injured_or_dead_people,maryland_floods_2018,maryland_floods_2018_train
129,1001904243505287169,"2 years ago, floods hit #EllicottCity, the same area in Maryland that flooded Sunday. That event was called a 1,000-year flood &amp; early reports say this year’s damage to infrastructure is far worse. How should #stormwater design prepare for atypical storms?",infrastructure_and_utility_damage,maryland_floods_2018,maryland_floods_2018_train
451,1001930543091601408,"An Exeter man was among those who had to be rescued from severe flooding in Ellicott City, Maryland:  #exeternh #flooding #EllicottCity #EllicottCityFlood",rescue_volunteering_or_donation_effort,maryland_floods_2018,maryland_floods_2018_train
327,1001307608291119104,Our hearts go out the many affected by the floods in #Maryland #EllicottCity #Baltimore #HOWARDcounty,sympathy_and_support,maryland_floods_2018,maryland_floods_2018_train
4,1002211982400020480,The swift water rescue team was dispatched to rescue stranded citizens in Howard County due to the recent flash flooding. Great job and stay safe!,rescue_volunteering_or_donation_effort,maryland_floods_2018,maryland_floods_2018_dev
441,1001704171685515264,"My god.. This man gave his life, the last full measure of devotion, to help a fellow American in need. The world has lost an incredible person. May you rest in paradise Eddison Hermond.",sympathy_and_support,maryland_floods_2018,maryland_floods_2018_train
404,1002957737024729088,Maryland weather: Flash flooding risks forecast again Saturday and into Sunday -  #eWeatherNews #LatestComments,caution_and_advice,maryland_floods_2018,maryland_floods_2018_train
170,1001171005673324544,"Maryland county grapples with devastation left behind by flash flood- County is falsely proud of rebuilding and new businesses put at risk of flooding, because the did nothing to address drainage issues! Malfeasance in part of government officials.",infrastructure_and_utility_damage,maryland_floods_2018,maryland_floods_2018_train
39,1001153524900749314,"In addition @MCFRS Swift Water Rescue crews assisted @HCDFRS during emergency response and other units were dispatched to fill-in at HCDFRS fire stations. Today, several MCFRS command staff are assisting w/ NCR-IMT (Incident Mgt)",rescue_volunteering_or_donation_effort,maryland_floods_2018,maryland_floods_2018_train
348,1001447221789908992,@MD_DLLR is just one of several #Maryland state agencies providing resources to the victims of recent flooding. Please share this post to help get the word out to your neighbors and friends.,sympathy_and_support,maryland_floods_2018,maryland_floods_2018_train
51,1001496552681111554,Prayers and thoughts. But infrastructure would do better and fund american jobs,sympathy_and_support,maryland_floods_2018,maryland_floods_2018_test
8,1001720092722376705,"‘Beyond rescue’: Ellicott Citys bizarre, rainless flood and its deadly 20-foot wall of water On July 24, 1868, the thunderstorm looming to the west never hit the Maryland mill town. But the raging waters of the Patapsco did, leaving at least 43 people dead.",injured_or_dead_people,maryland_floods_2018,maryland_floods_2018_dev
56,1001221314336706560,"Footage of flooding in Ellicott City, Maryland courtesy of Zach Landow.",infrastructure_and_utility_damage,maryland_floods_2018,maryland_floods_2018_train
58,1001232053893988359,Gut-wrenching devastation | An exclusive walk down Main Street in Ellicott City after catastrophic flooding (Via WUSA9),infrastructure_and_utility_damage,maryland_floods_2018,maryland_floods_2018_train
269,1001291522136932353,"Third, I will pray &amp; if you can as well pray that people in Ellicott City, Maryland will find Eddison Hermond alive if at all possible. He was a national guardsmen who was helping someone’s pet when he was swept away by torrential floods that—",sympathy_and_support,maryland_floods_2018,maryland_floods_2018_train
119,1001241378196803584,Prayers to all who are affected by this devastation.,sympathy_and_support,maryland_floods_2018,maryland_floods_2018_test
53,1001523591056379904,Very sad news. Eddison Hermond was attempting to rescue a shopkeeper when he got swept away and has now been found dead. He was also a National Guardsman and Air Force veteran. It seems he never stopped trying to help people and serve others.,injured_or_dead_people,maryland_floods_2018,maryland_floods_2018_train
109,1001387352542076929,Rain Rain Rain.☔ἲ7Ὂ7 has been horrendous in Maryland an surrounding areas flooding also hopefully it will ease up!,infrastructure_and_utility_damage,maryland_floods_2018,maryland_floods_2018_test
234,1002304331956277251,"@queenofspades00 We in Baltimore, Maryland are praying for sunshine. We have had floods all month long",sympathy_and_support,maryland_floods_2018,maryland_floods_2018_train
31,1001223365062004737,AP: RT APSouthRegion: Aerial footage shows damage after flash flooding rips through central Maryland city.,infrastructure_and_utility_damage,maryland_floods_2018,maryland_floods_2018_dev
182,1001141289323319300,"Ur in prayers evidently he was badass that lookd out 4 others. God Bless him yall Im so sorryEllicott City, Maryland flash floods leave National Guard member missing, devastate town recovering from 2016 deluge %s",sympathy_and_support,maryland_floods_2018,maryland_floods_2018_train
26,1001225932835905537,Thoughts &amp; prayers to The Hermond Family!,sympathy_and_support,maryland_floods_2018,maryland_floods_2018_train
51,1001413677722021888,No words to describe the devastation after Ellicott City flooding in Maryland  #EllicottCityMD #ECFlood #EllicottCity #FlashFloods #FlashFloodWarning #PublicSafety #PSA #Maryland #USNews #News #WeatherAdvisory #Floods #NWS,infrastructure_and_utility_damage,maryland_floods_2018,maryland_floods_2018_dev
46,1001177012512350209,Maryland’s governor has declared a state of emergency after raging floodwaters surge through the streets of Elliott City. The community was wracked by similar flooding in 2016.,caution_and_advice,maryland_floods_2018,maryland_floods_2018_test
401,1001260054748819456,Prayers for this man who serves our country and was helping someone during the flooding.,sympathy_and_support,maryland_floods_2018,maryland_floods_2018_train
48,1001148349364490246,My thoughts and prayers go out to those impacted by the flooding in Maryland ὢ5ὤF Crazy to think Im just an hour north of Baltimore and saw barely any rain.,sympathy_and_support,maryland_floods_2018,maryland_floods_2018_dev
475,1001528621641723904,"#USA - #Maryland - Grim News as National Guard member, Eddison Hermond, body found in Patapsco River, after his efforts to help during #EllicottCity #Flood #EllicottCityFlood - Condolences and prayers for family and loved ones",sympathy_and_support,maryland_floods_2018,maryland_floods_2018_train
70,1003665523773788160,"Flooding causes major damage to a Maryland bridge. @HellgrenWJZ is live with the latest, next at 12pm on WJZ.",infrastructure_and_utility_damage,maryland_floods_2018,maryland_floods_2018_dev
192,1001625086049300480,"Heartbreaking. Sgt. Eddison Hermond’s bravery and sacrifice to help someone in need is a testament to what wonderful, selfless man he must have been. My thoughts and prayers are with his family, friends, and community.",sympathy_and_support,maryland_floods_2018,maryland_floods_2018_train
287,1001213273340022785,This breaks my heart. This is the second major flood in the last two years. These business owners struggled to start again.,sympathy_and_support,maryland_floods_2018,maryland_floods_2018_train
296,1001866435268894722,Our Maryland state flag is at half-staff in honor of Sergeant Eddison Hermond for his heroic efforts during the Ellicott City flooding. Our thoughts and prayers go out to SGT Hermonds family and friends and the business owners and homeowners affected by the Ellicott City floods.,sympathy_and_support,maryland_floods_2018,maryland_floods_2018_train
11,1001215652097650690,"There has been terrible devastation after flood waters rushed through Ellicott City, Maryland, U.S., toppling buildings &amp; upending cars &amp; a months worth of rain has fallen in parts of the West Midlands, UK, in just an hour. Climate change is real. Weather patterns are changing.",infrastructure_and_utility_damage,maryland_floods_2018,maryland_floods_2018_dev
167,1001774767018598401,"DEVELOPING: Flash flooding, water rescues reported in Maryland as heavy rain soaks much of the state.  Video shows water rushing down Main Street in Ellicott City, just outside Baltimore. Its the same street devastated by flash flooding in July 2016.",rescue_volunteering_or_donation_effort,maryland_floods_2018,maryland_floods_2018_train
474,1001437660806860800,"For the second time in two years, flash floods rip through Ellicott City, Maryland",infrastructure_and_utility_damage,maryland_floods_2018,maryland_floods_2018_train
43,1001179661823508480,"WATCH: Officials give updates on Maryland flooding, say they have conducted around 300 rescues and are still trying to locate one missing man swept up in the floodwaters",rescue_volunteering_or_donation_effort,maryland_floods_2018,maryland_floods_2018_train
447,1001956900769075201,"Flags flew at half staff today in Maryland, in memory of Sgt Eddison Hermond, killed in #EllicottCityMD flooding earlier this week. #WJZ",injured_or_dead_people,maryland_floods_2018,maryland_floods_2018_train
495,1001561317453463552,"The National Guardman that was swept away by flood waters in Ellicott City, Maryland while trying to rescue a woman and her cat was found dead Tuesday in the Patapsco River, Howard County Police said.",injured_or_dead_people,maryland_floods_2018,maryland_floods_2018_train
387,1001482893028397056,Maryland flash flooding: Incredible images show historic Ellicott City ravaged by floodwaters  #Maryland,infrastructure_and_utility_damage,maryland_floods_2018,maryland_floods_2018_train
24,1003588963964088320,"BALTIMORE (WJZ) — Even though the rain stopped, Flood Warnings continue to be in effect for portions of Maryland. The National Weather Service warns many rivers may still be in danger of overflowing. The Flood Warning in west  via",caution_and_advice,maryland_floods_2018,maryland_floods_2018_train
34,1002667475308306438,"Rain and thunderstorms are forecast again Friday and Saturday across Maryland, sustaining the threat of more flooding.",caution_and_advice,maryland_floods_2018,maryland_floods_2018_train
6,1001519892468772864,"@OfficialTAZ Sadly, its now confirmed that one man has died. A Maryland National Guard soldier died trying to rescue someone in that flood.",injured_or_dead_people,maryland_floods_2018,maryland_floods_2018_dev
93,1001153932310216704,"Prayers for this city.I pray they find this man who was heroically working to help others. #EllicottCity #HonorOurVets #MemorialDay Ellicott City, Maryland flash floods leave National Guard member missing,devastate town recovering from 2016 deluge  #FoxNews",sympathy_and_support,maryland_floods_2018,maryland_floods_2018_test
415,1001620802301779968,Thoughts and prayers are with all affected. God bless &amp; comfort them.,sympathy_and_support,maryland_floods_2018,maryland_floods_2018_train
228,1001800651268087808,RT @TearsaSmith: Hero. Died trying to save a woman and her cat during flash flooding.,injured_or_dead_people,maryland_floods_2018,maryland_floods_2018_train
19,1001553270228357120,The body of a 39-year-old veteran was recovered in the Maryland floods. Police said he was last seen early Sunday evening trying to help a woman who had escaped through a window with her cat while seething brown waters surged through the downtown.,injured_or_dead_people,maryland_floods_2018,maryland_floods_2018_test
23,1001467861745917952,"COMING UP: @CBSThisMorning reports from Maryland with damage from flash flooding and along the Gulf Coast, where people are evacuating ahead of the first named storm of the season.",infrastructure_and_utility_damage,maryland_floods_2018,maryland_floods_2018_train
139,1001521366926086146,"Updating our previous story, the body found by searches in Marylands Patapsco River has been identified as Sgt. Eddison Hermond, who has been missing since Sundays flash flood in Ellicott City.",injured_or_dead_people,maryland_floods_2018,maryland_floods_2018_test
136,1001534344480153600,"True heroism is answering the call of duty whether or not you are in uniform. Maryland National Guardsman Eddie Hermond was as heroic as they come. His passing is a tragedy. Sgt. Hermonds family is in my thoughts, and I pray their grief is met with an outpouring of love.",sympathy_and_support,maryland_floods_2018,maryland_floods_2018_train
425,1003762832138268673,"Our hearts go out to all those who in the Ellicott City, Maryland community who have been affected by the devastating floods. We send positive energy and are helping to spread the word of how we can all help. Financial",sympathy_and_support,maryland_floods_2018,maryland_floods_2018_train
275,1001431019420086273,It just breaks your heart seeing the residents of historic #EllicottCity have to dig out from devastating #flooding for second time in recent years,sympathy_and_support,maryland_floods_2018,maryland_floods_2018_train
216,1001614473415876608,"We pray for those affected by flash floods in Ellicott City, Maryland, and all people facing extreme weather. May they receive protection and help. #BPTPrayer #TheFaceofPrayer",sympathy_and_support,maryland_floods_2018,maryland_floods_2018_train
39,1001551806806265858,RT @GwynethJones: My thoughts and prayers are with my #EllicottCityFlood &amp; #HoCoMd friends during this devastating time.,sympathy_and_support,maryland_floods_2018,maryland_floods_2018_test
201,1004057889705680896,"Thanks to our friends &amp; partners, we were able to help @GodsPitCrew purchase a new semi-truck! This will make it even easier to provide much-needed relief &amp; supplies following disasters. Currently, they are on site in Maryland helping the community &amp; those impacted by flooding!",rescue_volunteering_or_donation_effort,maryland_floods_2018,maryland_floods_2018_train
65,1002332072722255872,A flood watch across Central Maryland has been upgraded to a flash flood watch -- periods of intense rainfall of 2-4 inches are possible through 2 a.m.,caution_and_advice,maryland_floods_2018,maryland_floods_2018_dev
511,1001453284400484353,"Top story: Maryland floods: The city where roads turned to rivers - BBC News , see more",infrastructure_and_utility_damage,maryland_floods_2018,maryland_floods_2018_train
200,1001298205366280196,"After heavy rain and flooding across our region yesterday, please stay safe around flooded areas. Follow guidance from your local officials and stay away from flood waters",caution_and_advice,maryland_floods_2018,maryland_floods_2018_train
138,1001538479212367872,"#Maryland as you are clearing debris and cleaning up after flooding be sure to make #safety your first priority, some very good tips can be found below #DAFN #elderly #seniors #disabled #recovery",rescue_volunteering_or_donation_effort,maryland_floods_2018,maryland_floods_2018_train
140,1002134626993778689,"The Maryland Flooding Is a Warning: The Danger Is Rain, and We’re Making It Worse",caution_and_advice,maryland_floods_2018,maryland_floods_2018_train
105,1002208017083969543,#Alerts- Once again another #FlashFlood Watch is in place for much of central #Maryland and @Mountain_MD this evening. Flash flood guidance suggest 1-2 in a 1 to 3 hour period will cause flooding concerns. Stay #weather aware this evening. #mdwx @WMAR2Weather,caution_and_advice,maryland_floods_2018,maryland_floods_2018_test
88,1001449160774705152,"With a Roar, Flash Flood Smashes Into a Maryland Community Roaring flash floods struck a Maryland city Sunday that had been wracked by similar devastation two years ago, its main street turned into a raging river that reached the first floor of some buil",infrastructure_and_utility_damage,maryland_floods_2018,maryland_floods_2018_test
69,1001227403698540544,"@TheSarahDouglas My godI haven’t watched the news about Maryland but have been hearing about it. Certainly didn’t hear about heavy flooding in the Midlands. I have relatives living in the West Midlands - Birmingham, Solihull, Stratford, and Redditch.hope all is well.",sympathy_and_support,maryland_floods_2018,maryland_floods_2018_test
438,1001432268135698432,Video Footage Shows Devastation Left From Maryland Flooding,infrastructure_and_utility_damage,maryland_floods_2018,maryland_floods_2018_train
477,1002588813204643840,"Family, governor mourn death of Guardsman trying to rescue flood victim",injured_or_dead_people,maryland_floods_2018,maryland_floods_2018_train
130,1002964486448402432,"We are working with @i5CHURCH to provide necessary supplies for local businesses that are affected by the recent flooding in Maryland. Thanks to our friends and partners, we are able to be a #HandOfHope to those in need! #GiveHope #ShareChristLovePeople",rescue_volunteering_or_donation_effort,maryland_floods_2018,maryland_floods_2018_train
3,1003394133967306752,"Heavy rain, floods swamp Mid-Atlantic: Driving rain led to dangerous floods in the Mid-Atlantic on Sunday, adding to the weather misery across the sodden region. Flood warnings were in effect Sunday in Maryland, Virginia, West Virginia and Washington,",caution_and_advice,maryland_floods_2018,maryland_floods_2018_dev
362,1002537368207986689,"This week we pay tribute to Air Force and Maryland Army National Guard member, Sgt. Eddison Alexander Hermond. He died last weekend while helping a passerby caught in the Ellicott City, Maryland floods:",injured_or_dead_people,maryland_floods_2018,maryland_floods_2018_train
249,1001243460010115072,Thoughts and prayers are with you all. Ὁ4Ὁ4,sympathy_and_support,maryland_floods_2018,maryland_floods_2018_train
7,1001849741548965889,BREAKING: Police confirm the dead body found in Maryland river is Air Force veteran and National Guard member Eddison Hermond. His friends say he was swept away while trying to help a woman with her cat during the brutal flooding. - WJLA,injured_or_dead_people,maryland_floods_2018,maryland_floods_2018_test
142,1001568880941326336,VCA Animal Hospitals Offers Free Boarding for Pets Affected by Flooding in Maryland,rescue_volunteering_or_donation_effort,maryland_floods_2018,maryland_floods_2018_test
26,1001585879230672896,Body of Man Found After Maryland Flash Flooding,injured_or_dead_people,maryland_floods_2018,maryland_floods_2018_test
83,1001146463701872641,"Our thoughts &amp; prayers are with those in Ellicott City, Howard County, and the rest of the areas and people throughout Maryland who are suffering after yesterdays devastating floods.",sympathy_and_support,maryland_floods_2018,maryland_floods_2018_test
82,1001140461833150464,We are here for an update for @GMA Local officials made an announcement just a week ago to try and provide early warning for these flash floods.,caution_and_advice,maryland_floods_2018,maryland_floods_2018_test
16,1002978325269286917,"Temple Hills (Camp Springs), Maryland: 1 person killed and 1 person injured. Full report:",injured_or_dead_people,maryland_floods_2018,maryland_floods_2018_train
70,1004283209167745024,"3 Staff Hospitalized After Disturbance at Juvenile Facility: Three people were hospitalized, more were injured and eight young people are in police custody after a disturbance at a Maryland juvenile treatment center that the state has singled out for",injured_or_dead_people,maryland_floods_2018,maryland_floods_2018_train
2,1001211097620369409,RT @LLPOS: Floods in Maryland are devastating. Be careful and safe.,infrastructure_and_utility_damage,maryland_floods_2018,maryland_floods_2018_dev
142,1001164079187267585,"@DieRobinsonDie I just stumbled over you and followedomg, dude, I am soso sorry you got caught up in the flooding, but glad you are safe Im in Maryland, Cecil Co, near the Conowingo Dam, so we are familiar with crazy flooding when they open the gates..terrible",sympathy_and_support,maryland_floods_2018,maryland_floods_2018_train
50,1001942044829540353,At 6: latest on #EllicottCity flooding and cleanup. Residents and business owners assess damage and volunteers hand out donated supplies.,rescue_volunteering_or_donation_effort,maryland_floods_2018,maryland_floods_2018_test
158,1001221587008409610,Prayers going out to all the families affected by the floods in Maryland ὤFἿFὤFἿF,sympathy_and_support,maryland_floods_2018,maryland_floods_2018_train
481,1001532394950877187,Maryland is under a state of emergency after flash floods on Sunday. Parts of this bridge in Baltimore Co. washed away.,caution_and_advice,maryland_floods_2018,maryland_floods_2018_train
350,1002222046129029122,RT @dramatiq00: Praying for my fam and anyone out in #Maryland floods this past weekend.,sympathy_and_support,maryland_floods_2018,maryland_floods_2018_train
39,1001183184229359617,RT @_WiildRose_: Thoughts and prayers go out to the people of Maryland. Please stay safe. ὤF,sympathy_and_support,maryland_floods_2018,maryland_floods_2018_dev
133,1002454785923141632,"RT @APSouthRegion: Ellicott City, Maryland, is bracing for more rain and the possibility of more flooding as storms approach. /",caution_and_advice,maryland_floods_2018,maryland_floods_2018_train
340,1001499273719148544,Flash flooding leaves trail of damage in Maryland town - BBC News US. This. Is. #climatechange. Get it? @CorpCommAZ @tomforese @BobStump @WSJ @nytimes @NARUC @Edison_Electric @TwitterAPI @CHonorableEsq @CLaFleurFERC @WorkatFERC @FERCRPowelson @FERCAttack,infrastructure_and_utility_damage,maryland_floods_2018,maryland_floods_2018_train
44,1001839097131003904,RT @MD_Insurance: Affected by recent heavy rains and floods? Contact @MD_SDAT to see if you may qualify for tax relief.,rescue_volunteering_or_donation_effort,maryland_floods_2018,maryland_floods_2018_test
177,1001239391824736257,Praying for #MarylandFlooding victims.,sympathy_and_support,maryland_floods_2018,maryland_floods_2018_train
120,1001616612343107585,swept away while trying to rescue people during violent floods in Marylands Ellicott City  #TheResistance #Resistance #resist #altGov #AltFam #WeAreAltGov #FBR Angels bless his spirit. Possum Forest is very sad right now.,rescue_volunteering_or_donation_effort,maryland_floods_2018,maryland_floods_2018_test
395,1001144944717914113,RT @KCCINews: State of emergency declared in Maryland after heavy rain causes flooding,caution_and_advice,maryland_floods_2018,maryland_floods_2018_train
374,1001218726707060736,"Oh no! Sending positive thoughts and vibes, praying! Truly hope’s he will be found ok!",sympathy_and_support,maryland_floods_2018,maryland_floods_2018_train
205,1001515175609094145,"Please pray with us for the people of Ellicott City, Maryland who were impacted by devastating floods over the weekend. We are reaching out to local leaders at this time. #Pray #Maryland",sympathy_and_support,maryland_floods_2018,maryland_floods_2018_train
116,1003366984682233858,"Omg no more The National Weather Service warned of potential flooding throughout central Maryland on Sunday, including in Howard County, where heavy rain caused a devastating flood in Old Ellicott City last weekend.",caution_and_advice,maryland_floods_2018,maryland_floods_2018_test
239,1001243641820610560,This is my Town. Always the victim to natural forces while lacking the infrastructure changes and drainage re-direction and disbursement. My driveway was under a foot of raging water. Could not see the grass for the racing food water.,infrastructure_and_utility_damage,maryland_floods_2018,maryland_floods_2018_train
185,1001296492546658305,"RT @disasteraware: #FLOOD New Alert: Flooding - Maryland, United States, Severity: WARNING",caution_and_advice,maryland_floods_2018,maryland_floods_2018_train
368,1001205736268058630,Guardsman Hero Who Tried to Save Cat Feared Swept Away in Maryland’s Floods  via @TheDailyBeast,rescue_volunteering_or_donation_effort,maryland_floods_2018,maryland_floods_2018_train
125,1001477538525331456,"New aerial footage shows widespread devastation in Ellicott City, Maryland, after flash floods swept through the area, tearing through buildings and tossing cars as rescue workers desperate search for a missing National Guardsman.",infrastructure_and_utility_damage,maryland_floods_2018,maryland_floods_2018_test
408,1004373183137566720,"IOCC has deployed Emergency Action Teams to help clean up in the Baltimore, Maryland, area after recent flooding. Were calling on Orthodox Christians in the area to sign on as day volunteers. Theres no cost for local volunteers. Register now:",rescue_volunteering_or_donation_effort,maryland_floods_2018,maryland_floods_2018_train
46,1001206992684363785,Rescuers Seeking Army National Guard Member Still Missing In Maryland Flooding,rescue_volunteering_or_donation_effort,maryland_floods_2018,maryland_floods_2018_dev
363,1001318611116478469,"Ellicott City, MD got pummeled yesterday by flash flooding, again.",infrastructure_and_utility_damage,maryland_floods_2018,maryland_floods_2018_train
41,1001520226872291330,Salute to this heroic veteran who lost his life to help a civilian in need,sympathy_and_support,maryland_floods_2018,maryland_floods_2018_train
143,1001439980995178496,"RT @AMHQ: Were surveying the flooding damage in Ellicott, Maryland LIVE all morning:",infrastructure_and_utility_damage,maryland_floods_2018,maryland_floods_2018_train
487,1001768562858524672,Gov of #Maryland declares State of #Emergency for #catastrophic #flooding in #EllicottCity just west of #Baltimore. #BREAKING #mdwx #weather #rain,caution_and_advice,maryland_floods_2018,maryland_floods_2018_train
121,1001179909245587456,"CRAZY VIDEO. Roaring flash #floods struck a #Maryland city Sunday that had been wracked by similar devastation two years ago, its main street turned into a raging river that reached the first floor of some buildings and swept away parked cars, authorities and witnesses say.",infrastructure_and_utility_damage,maryland_floods_2018,maryland_floods_2018_test
69,1001454620747620354,Maryland Governor declares state of emergency after flash flooding HeatMap Column 4&gt;  #Flood #Flooding #Floods,caution_and_advice,maryland_floods_2018,maryland_floods_2018_train
146,1001480618981675008,"Sending my prayers to the people of Ellicott City, Maryland and all other areas devastated by the flooding and storms this Memorial Day Weekend. ὤFἿB  #EllicottCity #Maryland #FlashFloods #Flooding #Storms #prayer",sympathy_and_support,maryland_floods_2018,maryland_floods_2018_test
222,1001212543686279168,"Prayers for the people affected by the flooding in Ellicott City. We drove down this street every Sunday to go to St. Paul’s church, every Monday to go to my violin lessons, and fortunately less frequently to go to the dentist. My heart breaks for them.",sympathy_and_support,maryland_floods_2018,maryland_floods_2018_train
236,1001879962394050560,Eight tweets today. Zero about the heroic National Guardsman who died tried to save a woman during the Maryland floods.,injured_or_dead_people,maryland_floods_2018,maryland_floods_2018_train
99,1001548127567073281,"It’s heartbreaking to see the damage and our thoughts are with everyone who has been impacted by the flooding in Maryland,” said Bob Irvin, President of American Rivers. Ellicott City isn’t alone. Many communities across the country are struggling with",sympathy_and_support,maryland_floods_2018,maryland_floods_2018_test
19,1001530613692817408,"RT @AP: BREAKING: Police say body found in Patapsco River is Eddison Hermond, who was reported missing in Maryland flash floods.",injured_or_dead_people,maryland_floods_2018,maryland_floods_2018_train
76,1002198972709011456,"Whats going on? Maryland weather: More flooding risks through Saturday, with rain in forecast and ground already saturated - Baltimore Sun (blog)  Get found -&gt;",caution_and_advice,maryland_floods_2018,maryland_floods_2018_test
6,1001164907587538944,Ellicott City #FLOODING Pictures: Maryland Governor Declares State of Emergency After Severe Flash #FLOODS,caution_and_advice,maryland_floods_2018,maryland_floods_2018_test
11,1004036060542889990,".@Gr8rCatonsville is raising money for businesses (and soon, residents!) who have been hurt by the flooding.",rescue_volunteering_or_donation_effort,maryland_floods_2018,maryland_floods_2018_train
254,1001251366201937921,"39-year-old Eddison Hermond of Severn, Maryland, was last seen trying to help a woman rescue her cat behind a restaurant while churning, brown waters ripped through Ellicott City’s flood-prone downtown.",rescue_volunteering_or_donation_effort,maryland_floods_2018,maryland_floods_2018_train
78,1002754167172227072,Light to sometimes moderate rain finally moving into the Beltway areas and downtown DC between now and midnight. Heaviest storms are in northern Maryland moving into Pennsylvania.,caution_and_advice,maryland_floods_2018,maryland_floods_2018_train
513,1003623564262760449,"Still much flooding in Maryland, Virginia and West Virginia. Stay safe!",caution_and_advice,maryland_floods_2018,maryland_floods_2018_train
56,1001568190919512070,There is help for Maryland residents impacted by #ECFlood and other flooding over the weekend. Learn more about property assessments and tax relief from @MD_SDAT,rescue_volunteering_or_donation_effort,maryland_floods_2018,maryland_floods_2018_dev
4,1001462070267834373,Flash flooding in Maryland causes serious damage. READ MORE:,infrastructure_and_utility_damage,maryland_floods_2018,maryland_floods_2018_train
186,1002872971277553664,"Flooding And Rising Seas Threaten Americas Oldest Farmland  Some of the oldest farmland in America is on the Eastern Shore of Maryland. But as sea levels rise, saltwater is killing crops and threatening a way of life. June 02, 2018 at 03:58AM",infrastructure_and_utility_damage,maryland_floods_2018,maryland_floods_2018_train
12,1001532038330179586,"Join me in praying for this young mans family and all who knew and loved him. 39-year-old Eddison Hermond, a National Guardsman and Air Force veteran, lost his life while rescuing a shopkeeper during recent flash flooding in #EllicottCity, Maryland. #AHeroAmongUs",sympathy_and_support,maryland_floods_2018,maryland_floods_2018_test
220,1001231015275311105,RT @FriendEden100: Climate Change: Maryland Governor Declares State of Emergency After 6 Hours Of Heavy Rain Caused Severe Flash Floods htt,caution_and_advice,maryland_floods_2018,maryland_floods_2018_train
281,1001239112442109952,"RT @umterps: Sending our thoughts to the people of Ellicott City, Howard County and throughout the Maryland area after yesterday’s devastat",sympathy_and_support,maryland_floods_2018,maryland_floods_2018_train
384,1003650170054115330,Maryland state flag and flag of Howard County at half staff until the burial of National Guard Sgt. Eddison Hermond who was swept away by the Ellicott City floods while trying to help a pet store owner. @WTOP #ECStrong #ECFlood,injured_or_dead_people,maryland_floods_2018,maryland_floods_2018_train
155,1001173231062126592,#INPICTURES:Flash flooding in Maryland:,caution_and_advice,maryland_floods_2018,maryland_floods_2018_train
233,1002298700968972288,"JUST IN: Flash Flood Warning issued for Frederick, Washington counties in Maryland, and Fauquier and Loudoun counties in Virginia until 8:15 pm  #fox5dc",caution_and_advice,maryland_floods_2018,maryland_floods_2018_train
76,1001549662308810752,Just now seeing the floods in Maryland oh my god I hope you’re all in a safe dry place now!,sympathy_and_support,maryland_floods_2018,maryland_floods_2018_train
168,1001522378017595392,RT @JaimeMarieBerg: UPDATE: Body identified as missing veteran who was swept away in flash flooding in Maryland. #9news,injured_or_dead_people,maryland_floods_2018,maryland_floods_2018_train
250,1001259874360201217,The governor of Maryland declared a state of emergency after severe flash floods,caution_and_advice,maryland_floods_2018,maryland_floods_2018_train
4,1001154804658286597,"What is happening to the infrastructure in New England? It isnt global warming, its misappropriated funds being abused that shouldve been used maintaining their infrastructure that couldve protected them from floods! Like New Orleans. Their mayor went to ὄ7#Maryland #floods",infrastructure_and_utility_damage,maryland_floods_2018,maryland_floods_2018_test
88,1001211717836156928,"A flash flood emergency has been issued for Ellicott City in Howard County, Maryland. Severe flooding and water rescues have been reported in the area.",caution_and_advice,maryland_floods_2018,maryland_floods_2018_train
15,1003584734797148161,"FLOOD WARNING: Even though the rain stopped, Flood Warnings continue to be in effect for portions of Maryland.",caution_and_advice,maryland_floods_2018,maryland_floods_2018_train
1,1001243375755022337,Thoughts and prayers to everyone in Ellicott City where I grew up.,sympathy_and_support,maryland_floods_2018,maryland_floods_2018_dev
114,1001323223160471552,"RT @jwanyvette1: Prayers up for everyone affected by the floods in Ellicott City, Maryland ὤF",sympathy_and_support,maryland_floods_2018,maryland_floods_2018_test
31,1004602280849625089,"Maryland floods: The city where roads turned to rivers -  - The waters have receded after flash flooding in Maryland, revealing the trail of damage left behind.",infrastructure_and_utility_damage,maryland_floods_2018,maryland_floods_2018_test
64,1001270650462449665,"Rescue workers are searching for a National Guardsman who went missing after flash floods swept through Ellicott City, Maryland, on Sunday.",rescue_volunteering_or_donation_effort,maryland_floods_2018,maryland_floods_2018_train
489,1001514317831966720,#Flooding submerged parts of Maryland on Sunday prompting water rescues &amp; road closures -,infrastructure_and_utility_damage,maryland_floods_2018,maryland_floods_2018_train
77,1002142648390574080,FLASH FLOODS: A flash food watch goes into effects for parts of Maryland at 2:00 p.m. Thursday and continues throughout Thursday night. Rain is in the forecast throughout the weekend.,caution_and_advice,maryland_floods_2018,maryland_floods_2018_test
329,1001580385896026112,"The body of a National Guardsman who was swept away during massive flooding in Ellicott City, Maryland has been discovered authorities said Tuesday.",injured_or_dead_people,maryland_floods_2018,maryland_floods_2018_train
85,1003294137335066624,"MPD 0263 N &amp; E-CNTRL #VIRGINIA, #DC, #MARYLAND, #DELAWARE FLASH FLOODING POSS VALID TIL 0400 PM EDT COMBO OF DEEP TROPICAL MOISTURE, SURFACE FRONTAL BOUNDARY, &amp; LOW-LEVEL CIRCULATION WILL SUPPORT LOCALIZED AREAS OF FLASH FLOODING INTO THE AFTERNOON. #WRN",caution_and_advice,maryland_floods_2018,maryland_floods_2018_train
263,1001951204660965376,"Very sad story, but a reminder that the brave men &amp; women in our armed forces dont just battle enemies of the USA in foreign lands, they also work hard to help with disasters of all sorts like the flooding in Maryland and elsewhere. Thankful for their service.",sympathy_and_support,maryland_floods_2018,maryland_floods_2018_train
51,1001243755142266885,"Governor declares emergency as Maryland floods: May 28 (UPI) -- Maryland Gov. Larry Hogan declared a state of emergency after flash flooding ripped through Ellicott City, submerging the first floor of businesses.  - UPI",caution_and_advice,maryland_floods_2018,maryland_floods_2018_train
472,1001197273773215751,Marylands governor declared a state of emergency as flash flooding has devastated the town of Ellicott City #tictocnews,caution_and_advice,maryland_floods_2018,maryland_floods_2018_train
499,1001185594410582016,"Ellicott City, Maryland flooding: Dangerous flood #waters hit city still recovering from 2016 flood: CBS News  #ecology",caution_and_advice,maryland_floods_2018,maryland_floods_2018_train
274,1001280784261566464,"In Maryland, Ellicott City Gets Hit By Devastating Flash Floods, Again: People in Ellicott City, Md., are surveying the damage to their homes and businesses after a historic flash flood raged through the city — the second in as many years. NPRs Mary",infrastructure_and_utility_damage,maryland_floods_2018,maryland_floods_2018_train
315,1001442342639996928,"RT @Charvettebey: Good morning, please send love thoughts to Eddison Hermond’s family.",sympathy_and_support,maryland_floods_2018,maryland_floods_2018_train
226,1001894052759994368,"Authorizing the National Guard to respond to Ellicott City, Maryland tonight where flash floods have inundated the town. Residents should stay in their second stories until rescuers can safely respond. Video via @JeremyHarrisTV",rescue_volunteering_or_donation_effort,maryland_floods_2018,maryland_floods_2018_train
92,1001204629110247424,"RT @VAPolitical: Prayers to This Beautiful Maryland Town: Downtown Ellicott City, Md., destroyed by flooding",sympathy_and_support,maryland_floods_2018,maryland_floods_2018_train
377,1001252670051704833,"Prayers up for those individuals inside of Ellicott City Maryland. Here at TLT, we’re Praying for a safe and speedy recovery for those effected by this flooding. #Praying4Ellicott Video from: @abcnews",sympathy_and_support,maryland_floods_2018,maryland_floods_2018_train
81,1003016907916808192,Flash #flood warning in effect for parts of #Maryland - here’s a view of the heavy rain pounding #Baltimore- @MegWJZ is tracking the system @wjz #WJZ #weatheralert,caution_and_advice,maryland_floods_2018,maryland_floods_2018_test
302,1001562295426744320,"This is so sad -- this man, Eddison Hermond, was out in that terrible storm trying to help people -- and he was killed, swept away. . . May G-d rest his soul.",injured_or_dead_people,maryland_floods_2018,maryland_floods_2018_train
54,1002279312312229891,"#Pennsylvania had the highest average number of deaths per year from #carbonmonoxide with 75 fatalities in the 2011-2015 period of any state. This number was 10 in #Maryland, 8 in #Virginia, and 6 in WestVirgina. @eparegion3  #fatalities #healthyhomes",injured_or_dead_people,maryland_floods_2018,maryland_floods_2018_train
160,1001432796978667520,Memorial Day weekend floods ravage Maryland town,infrastructure_and_utility_damage,maryland_floods_2018,maryland_floods_2018_train
326,1001397894983962624,EXTREME WEATHER. Desperate search for a National Guardsman now underway after he was swept away helping with rescues in the Maryland floods,rescue_volunteering_or_donation_effort,maryland_floods_2018,maryland_floods_2018_train
204,1002846361941770240,"Following the devastating flash floods in Maryland, weve created a centralized hub for the verified GoFundMes that are providing relief. Heres how to help:",rescue_volunteering_or_donation_effort,maryland_floods_2018,maryland_floods_2018_train
35,1001189263373979649,"Two cars lodged against a building because of the recent flooding in Ellicott City, Maryland.",infrastructure_and_utility_damage,maryland_floods_2018,maryland_floods_2018_test
510,1001554965997936640,Clean up operation continues after floods rip through Maryland,rescue_volunteering_or_donation_effort,maryland_floods_2018,maryland_floods_2018_train
54,1001171081145798661,"Flood waters often carry a lot of debris, which can be dangerous for anyone caught in the water. Debris-clogged culverts are also a common problem.",caution_and_advice,maryland_floods_2018,maryland_floods_2018_dev
109,1001285055786967040,"Please pray for The Maryland people involved in the flash floods today. ὤFὤFὤFὤF From all off us in our state groups, we are all family.",sympathy_and_support,maryland_floods_2018,maryland_floods_2018_train
98,1001182906130280448,"Thank you to the first responders who are taking swift action to aid the Ellicott City community. The entire Maryland Delegation is working with @FEMA to bring in federal resources. If you’re in the area, please follow the guidance of local authorities and @MDMEMA.",rescue_volunteering_or_donation_effort,maryland_floods_2018,maryland_floods_2018_test
359,1002026233490796544,"REST IN PEACE: Sgt. Eddison Hermond, a member of the Maryland National Guard and an Air Force veteran, was helping rescue a woman and her cat when the rushing waters swept him away during Sundays flooding in Ellicott City, MD",rescue_volunteering_or_donation_effort,maryland_floods_2018,maryland_floods_2018_train
311,1001199521228042245,Indiana County woman critically injured in jet ski collision in Maryland,injured_or_dead_people,maryland_floods_2018,maryland_floods_2018_train
255,1002964603213496320,"⚠️Storms and downpours are forecast to develop across #Maryland from Tomorrow morning, creating more risks of dangerous flash #flooding less than a week after a deluge killed one person and caused widespread damage from #EllicottCity to #Baltimore.",injured_or_dead_people,maryland_floods_2018,maryland_floods_2018_train
463,1001438641800056832,WATCH: Massive Flooding in Maryland. Joining Many Other Recent Natural Phenomena - @IsraelVideos,infrastructure_and_utility_damage,maryland_floods_2018,maryland_floods_2018_train
95,1001172243605610496,National Guardsman swept away by flash floods in Maryland after trying to rescue others: ▶  #EllicottCity,rescue_volunteering_or_donation_effort,maryland_floods_2018,maryland_floods_2018_train
49,1001624006485688320,God bless the hero who lost his life trying to help people in the Maryland flooding. God bless his soul and give strength to his family. He is a true hero,sympathy_and_support,maryland_floods_2018,maryland_floods_2018_test
84,1001254722093895680,.@concernedhigh PRAYERS FIR A NEIGHBORING MARYLAND CITY Ellicott City awash in flood waters as heavy rain drenches the Baltimore region,sympathy_and_support,maryland_floods_2018,maryland_floods_2018_train
61,1001176730068029440,"PRAYERS FOR OUR FRIENDS Today the flooding in Maryland has reached terrible levels, and many in our MAGA family have been impacted. Please take a moment from your celebration of Memorial Day to say a prayer for our friends, along with your remembrances of our fallen heroes.",sympathy_and_support,maryland_floods_2018,maryland_floods_2018_train
517,1001540545695682566,A body was discovered in a Maryland river Tuesday afternoon while authorities were searching for a National Guardsman who was reported missing hours after flash floods devastated Maryland’s Ellicott City on Sunday.,injured_or_dead_people,maryland_floods_2018,maryland_floods_2018_train
318,1001651686845251586,"I ask everyone to continue to pray for our nation &amp; the people of Ellicott City, Maryland &amp; the family of Eddison Hermond, whose body was recovered to today from the floods. Also I will pray and encourage prayers for the people of the Big Island of Hawaii &amp; for the migrant",sympathy_and_support,maryland_floods_2018,maryland_floods_2018_train
27,1001295567291650048,"My brother, sis-in-law, niece, nephew, their spouses and kids are all in Ellicott City. Sending good thoughts for all to stay safe Ὁ7",sympathy_and_support,maryland_floods_2018,maryland_floods_2018_dev
181,1001528524396777475,Whoa. I’m just now getting to check out the videos from all the flooding in Maryland ὣ3 my thoughts are with everyone in the area.,sympathy_and_support,maryland_floods_2018,maryland_floods_2018_train
473,1002189162412376064,"Maryland weather: More flooding risks through Saturday, with rain in forecast and ground already saturated -  #eWeatherNews #LatestComments",caution_and_advice,maryland_floods_2018,maryland_floods_2018_train
229,1003768371484286976,RAIN IMPACTING CROPS: The Maryland Secretary of Agriculture says hes been receiving reports of crop damage from nearly every shore county.,infrastructure_and_utility_damage,maryland_floods_2018,maryland_floods_2018_train
37,1001280102074847237,14 Shocking Photos of Marylands Destructive Flooding This Weekend My thoughts and prayers for those affected by weather in Maryland and elsewhere ..,sympathy_and_support,maryland_floods_2018,maryland_floods_2018_train
131,1001215935338827778,Also I ask that everybody keep the people of Ellicott City Maryland in your prayers given the torrential floods that have devastated the area.,sympathy_and_support,maryland_floods_2018,maryland_floods_2018_train
21,1001522132457807872,"JUST IN: Howard County police say the body of Eddison Alexander Hermond, who went missing during destructive flash flooding in Maryland after trying to help a woman rescue her cat, was found by searchers",injured_or_dead_people,maryland_floods_2018,maryland_floods_2018_dev
219,1001310918800748544,@FoxNews Donate the proceeds to clothing of the people in Maryland whove lost everything in floods.,rescue_volunteering_or_donation_effort,maryland_floods_2018,maryland_floods_2018_train
57,1001409689974902784,"RT @KATVKaila: Flash flooding caused devastation in the streets of Ellicott City, Maryland.",infrastructure_and_utility_damage,maryland_floods_2018,maryland_floods_2018_test
130,1001718532458057728,Terrible damage--by the roaring river--caused to swell by 8 inches of rain in 2 hours--BBC News - Maryland flooding: Water rages through Ellicott City streets,infrastructure_and_utility_damage,maryland_floods_2018,maryland_floods_2018_test
450,1001168312796106752,We pray for victims and survivors of great deluges. Are our many different disasters increasing? Or are we just more aware?,sympathy_and_support,maryland_floods_2018,maryland_floods_2018_train
454,1001445113523068928,Hope for a #Hero ὠ7 in #EllicottCity #Flood #Donate #Volunteer  Your #CentralMaryland #RealEstate Connection #mmmarylandhomes,rescue_volunteering_or_donation_effort,maryland_floods_2018,maryland_floods_2018_train
49,1001220219413630976,Wow! We thought our flash flooding was bad in the Midlands yesterday. This is #FlashFlooding in Maryland USA where a state of Emergency has been declared. @GMB,caution_and_advice,maryland_floods_2018,maryland_floods_2018_train
490,1001148569863237633,AdvantaClean of Frederick is available to help mitigate the damages to homes and businesses in Ellicott City and surrounding areas. Call 877-800-2382 toll free to connect with our office to get the job done right.,infrastructure_and_utility_damage,maryland_floods_2018,maryland_floods_2018_train
497,1001427400540946434,"RT @RickeySmiley: Praying for the people of #EllicottCity, #Maryland as they battle the horrible #flooding in their city:",sympathy_and_support,maryland_floods_2018,maryland_floods_2018_train
63,1001530842055753728,followme - Body Found of Man Who Disappeared Amid Maryland Flooding - U.S. News &amp; World Report: U.S. News &amp; World Report Body Found of Man Who Disappeared Amid Maryland Flooding U.S. News &amp; World Report Searchers scouring a riverbed  - followforfollow,injured_or_dead_people,maryland_floods_2018,maryland_floods_2018_dev
381,1001579615192846336,Tax Relief May Be Available For Maryland Property Owners Impacted By Heavy Rain and Flood Damage:  #ECFlood,infrastructure_and_utility_damage,maryland_floods_2018,maryland_floods_2018_train
23,1001264974323367936,"OMG - my thoughts and prayers to people in Maryland and particularly Baltimore and Howard counties. CNN: Flash floods again rip through Ellicott City, Maryland; 1 missing @CNNI",sympathy_and_support,maryland_floods_2018,maryland_floods_2018_test
16,1001394889974743042,#Maryland flash floods sweep away National Guard member who was helping woman rescue her cat,rescue_volunteering_or_donation_effort,maryland_floods_2018,maryland_floods_2018_dev
149,1001241227818405888,"An Army national guard volunteered to help a woman during a flood in Maryland. Now, he’s missing.",rescue_volunteering_or_donation_effort,maryland_floods_2018,maryland_floods_2018_train
176,1001821646007697413,"A lot of businesses in Maryland were heavily impacted by the heavy rain and flood damage from last weeks storms. Tax relief may be available, MD SDAT encourages residents to apply. For more information visit",rescue_volunteering_or_donation_effort,maryland_floods_2018,maryland_floods_2018_train
431,1003497317062696961,"ELLICOTT CITY, Md. (WJZ)– Last Sunday, heavy down pours caused major flooding in both Howard and Baltimore Counties. Main Street in Ellicott City was slammed by the deluge that led to the death of a Maryland National  via",injured_or_dead_people,maryland_floods_2018,maryland_floods_2018_train
396,1001530803413770240,"The body of 39-year-old Eddison Hermond, a National Guard member and @usairforce vet, was found by searchers scouring the Patapsco River. He was last seen early Sunday evening trying to help a woman while seething brown waters surged through Ellicott City.",injured_or_dead_people,maryland_floods_2018,maryland_floods_2018_train
86,1001278310142234625,"The ministry is praying for Ellicott City, Maryland, where flash floods have raged through the city.",sympathy_and_support,maryland_floods_2018,maryland_floods_2018_train
105,1001630164424376320,"Huge thanks to @turntospartan for their donation towards our Kibble Connection program. Nearly two tons of pet food were donated to help @mealsonwheelsmd clients. But not only did they donate food, they also helped the Maryland SPCA rescue two 4-week-old kittens! #MDSPCA",rescue_volunteering_or_donation_effort,maryland_floods_2018,maryland_floods_2018_train
246,1001456447245336576,Flash Flooding Wreaks Havoc In Ellicott City¸ Maryland,infrastructure_and_utility_damage,maryland_floods_2018,maryland_floods_2018_train
347,1001410837075111937,I liked a @YouTube video  Roads submerged as severe flash flooding hits Maryland,infrastructure_and_utility_damage,maryland_floods_2018,maryland_floods_2018_train
29,1002556228390871040,"6-1-18 Maryland weather: Flooding threats diminished, for now — but more rain still in forecast Friday, Saturday",caution_and_advice,maryland_floods_2018,maryland_floods_2018_dev
161,1001136950345109510,State of emergency declared for Maryland flooding:  via @YouTube,caution_and_advice,maryland_floods_2018,maryland_floods_2018_train
209,1001550919056740352,"I have lived there and have so many great memories of the city and Main Street. Two 1,000 year floods in two yearsheartbreaking.",sympathy_and_support,maryland_floods_2018,maryland_floods_2018_train
75,1001432993012035585,"Thoughts and prayers for him, and all those searching for him!",sympathy_and_support,maryland_floods_2018,maryland_floods_2018_test
113,1001915701546881024,All the news I see of the floods in Ellicott city breaks my heart. Sending all my love and prayers. Stay strong my Maryland ὤFἿB♥️ #PrayForEllicottCity #ECStrong,sympathy_and_support,maryland_floods_2018,maryland_floods_2018_test
187,1001141041926492161,"Floods in Maryland oh my,lets hope everyone and all the animals are safe,objects can be replaced,people and animals cannot.",sympathy_and_support,maryland_floods_2018,maryland_floods_2018_train
147,1001444960053415936,"My thoughts and prayers go out to the citizens of Ellicot City, Maryland, especially the Entire @cwsynergy FamilyIt just occured to me that they are affected by the devastation caused by the flooding.Sending you all Blessings, Prayers and a Speedy Recovery.",sympathy_and_support,maryland_floods_2018,maryland_floods_2018_train
241,1001302933521170432,Historic city in Maryland is devastated by extreme flash floods,infrastructure_and_utility_damage,maryland_floods_2018,maryland_floods_2018_train
25,1001229776240201729,Rescuers seek 1 man still missing   H  #EllicottCity #Floods #HowardCountyMDNews #LatestNews #LocalNews,rescue_volunteering_or_donation_effort,maryland_floods_2018,maryland_floods_2018_test
268,1001515377938092032,Body found in Patapsco River days after Ellicott City flooding  via @WUSA9,injured_or_dead_people,maryland_floods_2018,maryland_floods_2018_train
112,1001323647695507457,"People in Ellicott City, Md., are surveying the damage to their homes and businesses after a historic flash flood raged through the city — the second in as many years. NPR’s Mary Louise Kelly talks with Mark Hemmis, whose restaurant Phoenix Emporium was",infrastructure_and_utility_damage,maryland_floods_2018,maryland_floods_2018_train
29,1002346244583419905,Catastrophic flash floods hit outside Baltimore; crews conduct water rescues (Source ) A state of emergency was declared in Maryland on Sunday as catastrophic flash floods and,rescue_volunteering_or_donation_effort,maryland_floods_2018,maryland_floods_2018_test
214,1001155973187162112,"Maryland Hit By Catastrophic Flash Flooding, Second Time in Two Years  via @YouTube",infrastructure_and_utility_damage,maryland_floods_2018,maryland_floods_2018_train
20,1001242001331949574,Mean while in the world of things that’s actually happened A State of Emergency Has Been Declared as Flash Floods Strike a Maryland City - TIME,caution_and_advice,maryland_floods_2018,maryland_floods_2018_test
297,1001250899719835648,US FLASH FLOODS 7  DRAMATIC VIDEO - Drone footage reveals extent of flood damage to Maryland city. STORY #4155985,infrastructure_and_utility_damage,maryland_floods_2018,maryland_floods_2018_train
164,1001554055917916161,Maryland will always be my home. Thoughts and prayers to those impacted by the flooding and to the heroes working to help them.,sympathy_and_support,maryland_floods_2018,maryland_floods_2018_train
22,1001195058392109056,"BREAKING: Maryland governor declares state of emergency in response to heavy rain, severe flooding in Ellicott City and areas across the state - ABC",caution_and_advice,maryland_floods_2018,maryland_floods_2018_dev
91,1001215486745612288,"Devastating aftermath of historic flooding in Ellicott City, Maryland • • • • • #drones #dronesdaily #dronephotography #aerialphotography #dronegear #dronefly #dronelife #instadrone #dronestagram #droneoftheday #fromwhereidrone #airvuz #drone #dj",infrastructure_and_utility_damage,maryland_floods_2018,maryland_floods_2018_test
12,1003658845892333568,"The rain has stopped (for now), but flooding still shut down roads across Central Maryland this morning",infrastructure_and_utility_damage,maryland_floods_2018,maryland_floods_2018_dev
17,1001486280025411585,Latest: Maryland flooding: Drone footage shows extent of damage in Ellicott City,infrastructure_and_utility_damage,maryland_floods_2018,maryland_floods_2018_train
83,1001654989088022531,Our prayers go out to everyone in Elliott City No words to describe the devastation after Ellicott City flooding in Maryland @jmbacon @Journo_Christal @USATODAY  ὏8 Jim Lo Scalzo,sympathy_and_support,maryland_floods_2018,maryland_floods_2018_train
19,1003065011995111424,"Rain fell in Elllicott City as a congregation led by Baltimore Archbishop William Lori gathered for Mass at St. Paul Catholic Church, where they prayed for victims of last weekend’s flood",sympathy_and_support,maryland_floods_2018,maryland_floods_2018_dev
306,1001843211940384768,"[ WATCH IT ] Flash floods struck a Maryland community wracked by similar flooding in 2016, authorities said, and water rescues were being carried out. Video on social media showed raging water rushing down Main Street in Ellicott City, west of Baltimore.",rescue_volunteering_or_donation_effort,maryland_floods_2018,maryland_floods_2018_train
299,1001200767427072000,"Here is a live look of the damage that was caused by the flooding in Ellicott City, Maryland. Live video courtesy of Fox 5 DC.",infrastructure_and_utility_damage,maryland_floods_2018,maryland_floods_2018_train
28,1001472578354077696,"For Phi Mu sisters impacted by the flooding in Maryland this weekend, you are in our thoughts and prayers. If you need assistance, we are here for you:",sympathy_and_support,maryland_floods_2018,maryland_floods_2018_dev
279,1002331628369215489,#Alerts-Flash Flood Warning until 9:30pm for portions of #Baltimore &amp; #Howard counties in Maryland. The worst of the rain has been south of the warning area. Plus the storms are moving east at 30 mph and not sitting in place. #mdwx @WMAR2Weather @WMAR2News,caution_and_advice,maryland_floods_2018,maryland_floods_2018_train
70,1001522082822410241,RIP Hero ❤️,sympathy_and_support,maryland_floods_2018,maryland_floods_2018_test
14,1001622957318393857,"#Donating my #Birthday, with a #Fundraiser for Rescue Angels of Southern Maryland.  #Rescue #Donate #Fundraiser #Kitty #Kittens #FeralCats #Cats #Cat #Maryland",rescue_volunteering_or_donation_effort,maryland_floods_2018,maryland_floods_2018_dev
118,1004392129391747073,The aR team has been in touch with the ground team in Ellicot City(and surrounding area) who has experienced extensive flooding. We are ACTivating a team. Stay tuned for reACTion news and how you can help! You got this Maryland! ὊA,rescue_volunteering_or_donation_effort,maryland_floods_2018,maryland_floods_2018_train
367,1002733994306351105,"Flood Warning for parts of #Loudoun: SOME LOCATIONS THAT MAY EXPERIENCE FLOODING INCLUDE LEESBURG, LANSDOWNE, PURCELLVILLE, MIDDLEBURG, OATLANDS, BELMONT, HAMILTON, SAINT LOUIS, PAEONIAN SPRINGS, GLEEDSVILLE, WATERFORD, LUCKETTS, ALDIE, PHILOMONT, LINCOLN AND HUGHESVILLE.",caution_and_advice,maryland_floods_2018,maryland_floods_2018_train
74,1004033164086562816,"@GodsPitCrew, who we partnered with heavily after Hurricane Harvey, is on site in Maryland to provide much-needed relief and supplies! Continue to pray for the communities impacted by this recent flooding. #HandOfHope #GiveHope #ShareChristLovePeople",rescue_volunteering_or_donation_effort,maryland_floods_2018,maryland_floods_2018_dev
57,1002006761795129344,"Marylands Democratic candidates for governor focused much of their second televised debate Wednesday on painful recent events in the state, including the death of a Baltimore County police officer and devastating flooding in Ellicott City.",injured_or_dead_people,maryland_floods_2018,maryland_floods_2018_train
77,1001166109771431936,"Watch Video Severe flooding in Ellicott City, Maryland, has submerged vehicles, forced residents to evacuate and caused major damage to homes and businesses. Newsys partners at WMAR",infrastructure_and_utility_damage,maryland_floods_2018,maryland_floods_2018_train
464,1004577932210327553,This is the 2nd time in 2 years that Ellicott City has suffered through a devastating flood. Nothing was done by Hogan after the first to mitigate possible recurrent damage and a Maryland National Guardsman lost his life. #MDGov #MDpolitics,injured_or_dead_people,maryland_floods_2018,maryland_floods_2018_train
304,1001216547241779201,"Rescuers are searching for a 39-year-old National Guard member Monday who was reported missing a day after he was swept away by fast-moving floodwaters in Maryland’s Ellicott City while attempting to rescue people during devastating floods, family and of",rescue_volunteering_or_donation_effort,maryland_floods_2018,maryland_floods_2018_train
357,1001270952829779969,"RT @VoteCarrigan: My thoughts are with the people of Maryland, as they deal with devastating floods.",sympathy_and_support,maryland_floods_2018,maryland_floods_2018_train
282,1001165784016674817,"Its even worse: Ellicott City, Maryland, recovering from 2016 flood, hammered again  #flooding 25- to 30-ft-wide hole N of Main Street, ground and road buckled. utilities off, water ran thru bldgs, Patapsco River up 17.8 ft in 2 hrs, Sunday, record level",infrastructure_and_utility_damage,maryland_floods_2018,maryland_floods_2018_train
153,1002184395334275073,".@HoCoGovExec, @HoCoGov holding press conference today on how theyre preparing #EllicottCity to deal with possible new flooding given new threats of heavy rain #ECFlood",caution_and_advice,maryland_floods_2018,maryland_floods_2018_train
128,1001258896462372866,"This hurts my heart. A lot of places just reopened from the last flood. Keeping Ellicott City in my thoughts, I love this place.",sympathy_and_support,maryland_floods_2018,maryland_floods_2018_test
330,1002739498118270976,Severe T-storm Warning for Frederick County in Maryland. Damaging winds and flash flooding are the main threats. Get ready Libertytown. #wusa9weather @wusa9 @melissanordwx,caution_and_advice,maryland_floods_2018,maryland_floods_2018_train
392,1003383724027842560,"A Bat fan friend of mine lost 80% of his possessions in the Ellicott City, Maryland flooding a week ago. This area was declared a national disaster area. His renters insurance isnt going to cover the tens of thousands of",infrastructure_and_utility_damage,maryland_floods_2018,maryland_floods_2018_train
300,1002650883979694085,Today begins the 2018 Hurricane Season for Maryland and our team is focused on supporting recovery efforts from two recent severe flooding events. @MDMEMA #partofthesolution,rescue_volunteering_or_donation_effort,maryland_floods_2018,maryland_floods_2018_train
349,1003433356418256897,"Maryland Department of Transportation (MDOT) State Highway Administration (SHA) reports all eastbound and westbound lanes on US-50 at Kenilworth Avenue (MD-201) in Prince George’s County, MD are closed due to flooding.",caution_and_advice,maryland_floods_2018,maryland_floods_2018_train
466,1001147515360677890,JUST IN: Governor Larry Hogan has declared a state of emergency for the entire state of Maryland after extreme flooding.,caution_and_advice,maryland_floods_2018,maryland_floods_2018_train
339,1001896052562198528,While trying to rescue a cat. #Hero,rescue_volunteering_or_donation_effort,maryland_floods_2018,maryland_floods_2018_train
38,1001244884160966656,WEATHER WATCH: Tuesday at 7:20 AM ET on #FaultLines - Emmy Award Winning Meteorologist Zach Daniel (@ZachDanielCBS6) talks #Flooding in #Baltimore/#Maryland and #Hurricane season kicking off with subtropical storm #Alberto.,caution_and_advice,maryland_floods_2018,maryland_floods_2018_train
106,1001274907156795392,"If I lived in Maryland and went through 2 floods like these in a just a couple years, I would get the hell out of there so goddamn fast. How devastating. My heart goes out to everyone affected. #Maryland #floodaware",sympathy_and_support,maryland_floods_2018,maryland_floods_2018_test
323,1001514826198220800,"»MGN-AFRICA® pin:263789F4 » Missing Natl Guardsman tried to rescue woman when swept away in flood: Hes a hero: As rushing floodwaters quickly filled the small-town streets of Ellicott City, Maryland, a National Guardsman jumped into »  @wizkidayo",rescue_volunteering_or_donation_effort,maryland_floods_2018,maryland_floods_2018_train
486,1001456243670683648,"In Maryland, Elliot City was devastated by floods over the weekend. Will this town choose to rebuild or retreat in the face of disastrous climate change?",infrastructure_and_utility_damage,maryland_floods_2018,maryland_floods_2018_train
38,1001152643497119744,RT @juicelessdre: 2 floods = an infrastructure problem,infrastructure_and_utility_damage,maryland_floods_2018,maryland_floods_2018_dev
32,1001138374923579393,"Catastrophic Flooding Slams Ellicott City, Maryland; Water Rescues Reported - The Weather Channel  via @GoogleNews",rescue_volunteering_or_donation_effort,maryland_floods_2018,maryland_floods_2018_test
334,1001522168193343489,"Missing national guardsman Eddison Hermond has been found after being swept away in a flash flood in Maryland. Unfortunately, he didn’t survive. My thoughts and prayers are with his family.",injured_or_dead_people,maryland_floods_2018,maryland_floods_2018_train
471,1002895177751511041,"Must-watch videos of the week: A man scales an apartment building in hopes of rescuing a child, floods send cars floating down Maryland streets, and a young boys question makes the White House press chief emotional. These are the videos you dont want",rescue_volunteering_or_donation_effort,maryland_floods_2018,maryland_floods_2018_train
273,1001336319732277249,"Flash floods again rip through Ellicott City, Maryland. Maryland Gov. Larry Hogan declared a state of emergency Sunday in Howard County. Alberto could contribute additional flooding in the next few days.",caution_and_advice,maryland_floods_2018,maryland_floods_2018_train
293,1003347134031257600,FLOODING: #MontgomeryCounty #Maryland I-495 at Route 29 end of the ramp merge lane to 495 flooded causing vehicles to swerve out onto 495 Without merging,caution_and_advice,maryland_floods_2018,maryland_floods_2018_train
15,1003632699431501825,"Weekend Flooding Closes Roads in Virginia, Maryland; State of Emergency in 8 West Virginia Counties - The Weather Channel",caution_and_advice,maryland_floods_2018,maryland_floods_2018_test
25,1001209760585306112,"Goodevening Friends It certainly was a blessing to share in our invitation campaign 4 our upcoming Regional Convention, we had inside territory thanks to Jehovah as the weather is not good. Im asking for your prayers for the friends in Baltimore Maryland they had dangerous floods",sympathy_and_support,maryland_floods_2018,maryland_floods_2018_dev
251,1001547832598417410,"Oh no! May my thoughts, praying, condolences goes to him, his family and friends. So terribly sorry!",sympathy_and_support,maryland_floods_2018,maryland_floods_2018_train
55,1001338686376525824,"Flash floods ravage Maryland town: A state of emergency was declared in Howard County, as a massive storm drenched the Baltimore region, triggering flash floods in Ellicott City and leaving one person missing.",caution_and_advice,maryland_floods_2018,maryland_floods_2018_test
40,1001253451257516032,DML TV: Aerial footage shows damage after flooding rips through Maryland city  via @realDennisLynch,infrastructure_and_utility_damage,maryland_floods_2018,maryland_floods_2018_train
38,1003442050652626945,"Route 50 remains closed for high water in Cheverly, Maryland. A rescue team was on its way to help a person stuck in a car in the westbound lanes.",rescue_volunteering_or_donation_effort,maryland_floods_2018,maryland_floods_2018_test
110,1004035240384499717,"Lothian, Maryland: 1 person injured. Full report:",injured_or_dead_people,maryland_floods_2018,maryland_floods_2018_test
488,1002585471166369792,Were you affected by storms? Need help making your insurance payment ? Another round of storms has brought more flooding and unwelcome disruption to the lives of additional Maryland policyholders. The Maryland,sympathy_and_support,maryland_floods_2018,maryland_floods_2018_train
178,1003159305959428096,"MPD 0261 SE #PENNSYLVANIA, N #DELAWARE INTO #MARYLAND, #DC &amp; CNTRL/E #VIRGINIA FLASH FLOODING POSSIBLE VALID TIL 0510 AM EDT ADDITIONAL FLASH FLOODING WILL BE POSSIBLE OVER THE NEXT FEW HOURS. AN ADDITIONAL 2-4 IN WILL BE POSSIBLE ON TOP OF SATURATED SOILS",caution_and_advice,maryland_floods_2018,maryland_floods_2018_train
479,1001307181675896833,RT @DBoboshie_: I’m trying to understand what rain did all that damage in Maryland !!,infrastructure_and_utility_damage,maryland_floods_2018,maryland_floods_2018_train
397,1001574250673836033,Truly a sad outcome. My thoughts and prayers go out to his friends and family.,sympathy_and_support,maryland_floods_2018,maryland_floods_2018_train
259,1002580599054503938,This cow couldnt mooooove after getting stuck in a swimming pool in Maryland. Firefighters came to the rescue:,rescue_volunteering_or_donation_effort,maryland_floods_2018,maryland_floods_2018_train
92,1001158902686404608,thoughts and prayers go to my hometown :(,sympathy_and_support,maryland_floods_2018,maryland_floods_2018_test
383,1001506483849359360,Authorities in Marylands Howard County have issued what theyre calling a precautionary health alert after a sewage main broke following torrential rains that prompted destructive flash flooding.,infrastructure_and_utility_damage,maryland_floods_2018,maryland_floods_2018_train
103,1002038007082442757,"My thoughts and heart go out to Ellicott City, MD. So much destruction. So fast. They’ve been through this before, and they are tough and compassionate people who always have each other’s backs. I hope they get more help and aid which they need right now.",sympathy_and_support,maryland_floods_2018,maryland_floods_2018_train
63,1001430342094422016,As a local Howard County based business we stand with everyone effected buy this horrific storm. Is your house flooded? Broken Sump Pump? Our 7 day a week emergency response unit is always,sympathy_and_support,maryland_floods_2018,maryland_floods_2018_test
111,1002322285192245248,@KevinRothWx Flash floods in Maryland Ellicott City destroyed again People have to be on roads to get to gm Me thinks ppd,infrastructure_and_utility_damage,maryland_floods_2018,maryland_floods_2018_train
91,1001269150600212480,‘Catastrophic’ flash floods rip through Maryland toppling building and turning high streets into rivers #Topbuzz,infrastructure_and_utility_damage,maryland_floods_2018,maryland_floods_2018_train
198,1002988319159005184,WEATHER ALERT: Flood Warning issued for parts of Prince Georges and Charles counties in Maryland. Flash flooding reported in PG County,caution_and_advice,maryland_floods_2018,maryland_floods_2018_train
10,1001510914368069632,My prayers go out to the people and families in Maryland affected by the flash floods ὤFὉ5,sympathy_and_support,maryland_floods_2018,maryland_floods_2018_train
291,1001552253990391808,Real heroes abound. We lose a man like this and have to keep Trump. Life is so unfair. A National Guard Member Died While Trying To Help Rescue Someone During The Maryland Flash Floods  via @talalnansari,rescue_volunteering_or_donation_effort,maryland_floods_2018,maryland_floods_2018_train
80,1002630093775269888,"UNITED HELP,INCORPORATED McPeeks Helping Hands And Terri Jean McPeek Merrills Pet Rescue 9000 Briarcroft Lane Apt 124 Laurel, Maryland 20708-1363 301-490-3333 United Help, Incorporated, is a 501(c)(3) Tax Status Youth",rescue_volunteering_or_donation_effort,maryland_floods_2018,maryland_floods_2018_test
0,1113315370532777984,"900,000 doses of #cholera vaccine arrived in#Mozambique today:a massive immunization campaign needed to prevent infection.Cholera treatment centers &amp; oral rehydration points also critical to lower mortality in people affected.This is top priority for @IFRC",rescue_volunteering_or_donation_effort,cyclone_idai_2019,cyclone_idai_2019_dev
335,1115642227332612096,@CanEmbZimbabwe is pleased that we could support women and girls affected by #cycloneidai with this donation of sanitary products,rescue_volunteering_or_donation_effort,cyclone_idai_2019,cyclone_idai_2019_dev
519,1106777109123530752,Most of the tropical cyclones in the Southwest Indian Ocean are generated in the mid ocean and dissipate without landfall. Cyclone Idai is among rare ones to make landfall and produce large damage #CycloneIdai #Idai #Mozambique #Malawi #SevereWeather,infrastructure_and_utility_damage,cyclone_idai_2019,cyclone_idai_2019_test
124,1107689021747200001,Very sad to see the shocking pics &amp; videos of the areas &amp; families affected by the devastation of #CycloneIdai ὢ2 My heart is with you! ὤFἿC,sympathy_and_support,cyclone_idai_2019,cyclone_idai_2019_test
231,1109043215297101829,Our Drone Africa team is on the ground and have started search &amp; rescue efforts to locate people in inaccessible areas affected by #CycloneIdai in #Chimanimani.,rescue_volunteering_or_donation_effort,cyclone_idai_2019,cyclone_idai_2019_test
712,1113340926150287361,"Two metric tons of food items (High Energy Bars, oil, sugar, canned tomatoes) being unloaded from a @UN UNHAS helicopter for survivors of the post-#CycloneIdai flooding in Mozambiques Gorongosa district.",rescue_volunteering_or_donation_effort,cyclone_idai_2019,cyclone_idai_2019_test
496,1107077598595739649,"I had never heard of a cyclone in Africa, this severe and very strong cyclone has led to the death of several people in the areas its passing through, especially the coastal Mozambique town of Beira, parts of Zimbabwe and",injured_or_dead_people,cyclone_idai_2019,cyclone_idai_2019_test
341,1108268787294453761,#Rescue and #relief to #CycloneIdai affected populations in #Mozambique. The first helicopter Ὠ1 rescued people from #Buzi bringing them to #Beira airport yesterday. They received high energy biscuits on arrival.,rescue_volunteering_or_donation_effort,cyclone_idai_2019,cyclone_idai_2019_dev
134,1108117447536795649,"#CycloneIdai : #EU releases additional €3.5 million in emergency aid to #Mozambique , #Malawi and #Zimbabwe  #Idai #CicloneIdai",rescue_volunteering_or_donation_effort,cyclone_idai_2019,cyclone_idai_2019_dev
484,1110427100006285314,"@NewsDayZimbabwe They will keep you hungry &amp; when you get some food your brother will be your enemy. We donated to this cause as a united nation, why then do you let the aid recipients suffer #CycloneIdai #CycloneIdaiZW",rescue_volunteering_or_donation_effort,cyclone_idai_2019,cyclone_idai_2019_test
351,1108816327651876865,"Botswana is latest Country to provide assistance to Mozambique, Malawi and Zimbabwe following Cyclone Idai. The Govt have urged members of the public to support efforts by donating non-perishable goods, blankets &amp; water purifying solutions (Tanzania was first to send supplies)",rescue_volunteering_or_donation_effort,cyclone_idai_2019,cyclone_idai_2019_test
77,1109021212951396352,#UKaid is reaching people affected by #CycloneIdai in Mozambique. @WFP_UNHAS helicopters are delivering UK-funded @WFP food and helping the rescue efforts,rescue_volunteering_or_donation_effort,cyclone_idai_2019,cyclone_idai_2019_test
39,1109433371355172864,RT @ChinaDaily: Mozambique cyclone death toll has climbed to 417. #CycloneIdai,injured_or_dead_people,cyclone_idai_2019,cyclone_idai_2019_dev
177,1106921145926864898,Photos: Death toll mounts after Cyclone Idai makes damaging strike on central Mozambique. #Mozambique #CycloneIdai,injured_or_dead_people,cyclone_idai_2019,cyclone_idai_2019_test
748,1108049727407439873,"Mozambique’s president says Cyclone Idai may have killed as many as 1,000 people as recovery efforts underway.",injured_or_dead_people,cyclone_idai_2019,cyclone_idai_2019_test
5,1106925539976204289,RT @kwirirayi: Drop off point for those who want to assist with #CycloneIdai disaster relief. #CycloneIdaiZW #cycl,rescue_volunteering_or_donation_effort,cyclone_idai_2019,cyclone_idai_2019_dev
97,1106596294527799296,Tropical Cyclone Idai displaces 1.5 million across Mozambique and Malawi Lots of local as well as international efforts underway to respond to the flood crisis. Dont forget to pray for the needs that the camera cant take a picture of too.,sympathy_and_support,cyclone_idai_2019,cyclone_idai_2019_dev
236,1110120473025761281,"Lets hit the $200,000 mark today! We are so close &amp; every contribution matters! Help those affected by the #cyclone rebuild their lives &amp; find a sense of normalcy after this disaster - Donate via @EcoCash Biller Code 320041 #ReachOut ᾑD἟F἟CᾑD #CycloneIdai",rescue_volunteering_or_donation_effort,cyclone_idai_2019,cyclone_idai_2019_test
109,1110234432261316608,.@CARE is delivering aid to #CycloneIdai survivors in #Malawi and #Mozambique and setting up community groups to protect women and girls from abuse.,rescue_volunteering_or_donation_effort,cyclone_idai_2019,cyclone_idai_2019_test
348,1112302443927388160,"Beira being a city of 0.5 million people and setup bellow the sea level, waterborne disease will always be a problem after any floods. The problem now is compounded with destruction of infraestructures",infrastructure_and_utility_damage,cyclone_idai_2019,cyclone_idai_2019_test
148,1107733321591734278,@SibandaSibbs @CharityMaodza President @edmnangagwa has a full cabinet with ministers &amp; deputy ministers who were attending to cyclone affected communities while he did what he was doing. This is why you saw Chasi doing his bit. Govt did this.ὄ7,rescue_volunteering_or_donation_effort,cyclone_idai_2019,cyclone_idai_2019_test
420,1113443864013156353,"This used to be our home; we now stay at a local school. -Terrance, Ngangu, Chimanimani. The devastation caused by #CycloneIdai will continue to affect children for months to come. Donate to support our work on the ground ὄ9  ὏7 WFP/2019/Tatenda Macheka",rescue_volunteering_or_donation_effort,cyclone_idai_2019,cyclone_idai_2019_test
80,1108981511066406913,"Ngangu township, Chimanimani. Destroyed. Flattened by rocks and mudslide. Villagers here will try rebuild their shattered lives. Pic credit @shingainyoka #cycloneidai",infrastructure_and_utility_damage,cyclone_idai_2019,cyclone_idai_2019_test
244,1110459097776832514,USAID announces additional $3.4 million in aid for #CycloneIdai victims,rescue_volunteering_or_donation_effort,cyclone_idai_2019,cyclone_idai_2019_dev
378,1116824438572494848,"Cassava, Econet &amp; Higherlife Foundation are in it for the long haul with the victims of #CycloneIdai  Change begins with us! @cycloneidaifund @econetzimbabwe @CassavaSmartech @HigherLifeFDN",rescue_volunteering_or_donation_effort,cyclone_idai_2019,cyclone_idai_2019_dev
285,1108846223233089536,"#CycloneIdai has killed hundreds and affected millions in #Mozambique, #Malawi &amp; #Zimbabwe. CARE is joining @decappeal members in launching an emergency appeal. Please donate to help us provide urgently needed shelter, food and health assistance:",injured_or_dead_people,cyclone_idai_2019,cyclone_idai_2019_test
626,1111139779561689089,The ZNA assisting in the transportation and distribution of food relief to victims of #CycloneIdai in the remote parts of Chimanimani #ThePeoplesArmy,rescue_volunteering_or_donation_effort,cyclone_idai_2019,cyclone_idai_2019_test
418,1109518509132996608,Sincerely hoping the $$ donations for #CycloneIdai victims isnt misused! Remember #Haiti?,rescue_volunteering_or_donation_effort,cyclone_idai_2019,cyclone_idai_2019_test
410,1110582025499627521,"The mission would like to express solidarity with the Mozambican people in the aftermath of Cyclone Idai that hit hard central Mozambique, causing significant loss of life and damage – IMF’s Velloso",sympathy_and_support,cyclone_idai_2019,cyclone_idai_2019_test
498,1106995681691136010,The network also commends the action taken by government of declaring #CycloneIdai a national disaster and further calls for all stakeholders to get involved in rescue operations @ZIMCODD1 @zimlandrights @ctzibo #Zimbabwe,rescue_volunteering_or_donation_effort,cyclone_idai_2019,cyclone_idai_2019_test
352,1108361646999777281,GET FIT WITH US! As #IssuesPaneNyaya @ChengetoAfrica weve partnered with #ThomsonFitness among other organisations to raise donations to take to #CycloneIdai Manicaland victims. Play your role and let not this opportunity of giving pass you. BESIDES ITS GOING TO BE F.U.N!,rescue_volunteering_or_donation_effort,cyclone_idai_2019,cyclone_idai_2019_test
694,1107162296571318277,"While mourning the victims of the terror attack in #NewZealand, let us spare at least a thought for #Zimbabwe, #Malawi and #Mozambique where 150 people have been killed due to #Cyclone #Idai. Lets say a special #prayer for them too. #ChristchurchTerrorAttack #CycloneIdaiZW",sympathy_and_support,cyclone_idai_2019,cyclone_idai_2019_test
549,1108135570050551808,"A cyclones the same as a hurricane but has a different name in different places. 920,000 people have been affected in Malawi alone. Were in a position to help, both as a family and as a church, so pray that we do so generously, wisely and compassionately",rescue_volunteering_or_donation_effort,cyclone_idai_2019,cyclone_idai_2019_test
392,1108075893518467072,"We are talking about a massive disaster right now. The full scale of the devastation caused by #CycloneIdai in Mozambique is becoming clearer, aid teams say &amp; warn that the emergency is getting bigger by the hour. @UNOCHA, @UNICEF, @WMO, @WHO @WFP, @ifrc provide updates.",caution_and_advice,cyclone_idai_2019,cyclone_idai_2019_test
218,1109821106477826048,Way to go #GoWarriorsGo and the money yakabhadharwa going to the victims of #CycloneIdaiZW #CycloneIdai ndapota kumambavha eZanu dont screw up @zenzele @nelsonchamisa #Zimbabwe @tudzaa @AssistantTutu @nickmangwana @bruiseddemocrat @4our_Zw #dontjudgeme,rescue_volunteering_or_donation_effort,cyclone_idai_2019,cyclone_idai_2019_dev
35,1117274805743566848,@ZANUPF_Official observes a moment of silence for victims of #CycloneIdai disaster,sympathy_and_support,cyclone_idai_2019,cyclone_idai_2019_dev
767,1107719372318101505,Prayer of strength and comfort to the families affected by #CycloneIdai. We pray for the injured and those still to be rescued. We can do our part by sending help to @EcoCashZW Biller Code 320041 @CassavaSmartech,sympathy_and_support,cyclone_idai_2019,cyclone_idai_2019_test
609,1110493362702962688,Roads may be reopening in Mozambique in the aftermath of #CycloneIdai – but the #humanitarian crisis is far from over Hundreds of people remain stranded and the death toll continues to rise Here are some of the latest updates,injured_or_dead_people,cyclone_idai_2019,cyclone_idai_2019_test
313,1110591964142026752,"This is Courage. In the aftermath of #CycloneIdai, he says I am glad to see the helicopter, it’s so big.” With emergency funding from @eu_echo, this @WFP_UNHAS chopper is saving lives in #Zimbabwe and inspiring others to do the same! Ὠ1",rescue_volunteering_or_donation_effort,cyclone_idai_2019,cyclone_idai_2019_test
524,1107811265181818880,"Our hearts are with #Mozambique, #Zimbabwe, #Malawi, our staff, colleagues and partners. Many people lost everything. #Gorongosa staff evacuated. #Chitengo, Vila Gorongosa, #Chimilo teams are fine. #Gorongosa relief fund:  #CycloneIdai.",sympathy_and_support,cyclone_idai_2019,cyclone_idai_2019_test
174,1107174251277225984,Our thoughts and prayers go out to all those who have lost their lives .its time for Zimbabweans to be together and prevent loss of lives in all areas affected by #CycloneIdai,sympathy_and_support,cyclone_idai_2019,cyclone_idai_2019_dev
386,1116011393742987264,"Each $ counts! The ἞8἞6 government will match each dollar donated to support @humcoalition &amp; partners assist those in dire need of food, water, shelter and medicine. #CycloneIdai",rescue_volunteering_or_donation_effort,cyclone_idai_2019,cyclone_idai_2019_dev
128,1107179941052010498,Well done #ChimanimaniHotel coming through for #CycloneIdai victims opening your doors to provide assistance.  @ThreeMenOnABoat @METHI_Zimbabwe @tourism_council @WITZim @ZtaUpdates @Destination_Zim @MoHCCZim @InfoMinZW @ZBCNewsonline @trucilamutasa @263Chat,rescue_volunteering_or_donation_effort,cyclone_idai_2019,cyclone_idai_2019_test
570,1110111422376230912,"Thursday’s distribution in Mutare rural in #Zimbabwe has to date reached 384 households with buckets, jerrycans soap &amp; aqua tabs. By today, a total of 561 HH will be reached with the essential supplies to cope during crisis. #cycloneidai",rescue_volunteering_or_donation_effort,cyclone_idai_2019,cyclone_idai_2019_test
463,1108655435693936640,"United Nations humanitarian chief Mark Lowcock yesterday allocated US$20 million from the UNs’ Central Emergency Response Fund (CERF) to ramp up the humanitarian response to tropical #Cyclone-Idai in #Mozambique, #Zimbabwe and #Malawi.  via @NewsDayZimbabwe",caution_and_advice,cyclone_idai_2019,cyclone_idai_2019_test
36,1111578377134243840,"@Cycloneidai As we stand in solidarity with those affected by Cyclone Idai ,donations can be made into Steward Bank Account 1004771423",rescue_volunteering_or_donation_effort,cyclone_idai_2019,cyclone_idai_2019_test
186,1110231109395251203,"As the official death toll from Cyclone Idai rises sharply, the BBCs @Pumza_Fihlani witnesses the trail of destruction that has left thousands in Mozambique stranded and homeless [tap to expand]",injured_or_dead_people,cyclone_idai_2019,cyclone_idai_2019_dev
35,1106879581737365505,#CycloneIdai Lets keep praying for our neighbouring country and accummulate any form of aid we can to assist in the process @UNOCHA @UN #TropicalCycloneIdai #Mozambique #MozambiqueFloods2019 #panenyaya #kulendabala,sympathy_and_support,cyclone_idai_2019,cyclone_idai_2019_test
173,1116326233921458176,CYCLONE RESPONSE - ἟8἞A Ambassador Sofia Calltorp in #Chimanimani w/ World Food Programme - WFP to deliver supplies to people still cut off by #CycloneIdai and to get first hand impression of the damages,rescue_volunteering_or_donation_effort,cyclone_idai_2019,cyclone_idai_2019_dev
395,1110996877288325122,The death toll from Cyclone Idai is now at least 761 people across Southern Africa. - 446 killed in Mozambique - 259 dead in Zimbabwe - 56 killed in Malawi Mozambique officials now worry that diseases like cholera will emerge from camps where 228k displaced people are staying.,injured_or_dead_people,cyclone_idai_2019,cyclone_idai_2019_test
520,1108565671288455173,"We very much welcome &amp; support @DFID_UK commitment last night of £6m from HMG’s crisis reserve to Malawi &amp; Mozambique. UN estimates 900k people in #Malawi affected by #malawifloods2019. UK aid providing urgently needed food, shelter &amp; clean water",rescue_volunteering_or_donation_effort,cyclone_idai_2019,cyclone_idai_2019_test
279,1107197778642563072,"@Eskom_SA Both HVDC lines (1420 km, total capacity 1400 MW) from the Cahora Bassa hydro plant between Tsongo substation in Mozambique &amp; Apollo substation in Gauteng are down due to the tropical cyclone. Damaged lines inaccessible, Extent of damage unknown. Time to restore lines unknown.",infrastructure_and_utility_damage,cyclone_idai_2019,cyclone_idai_2019_dev
326,1106864476215746560,"We pray for the safety of all citizens especially in areas most affected by #CycloneIdai FOLLOW ZimCitizenNews on Instagram, Twitter and Facebook. To send News or join our Official",sympathy_and_support,cyclone_idai_2019,cyclone_idai_2019_dev
382,1107338202887716865,"1/2 SITREP: #CycloneIdai hitherto Sunday 17 March 2019 16:00 hrs ἟F἟Ctime Cde Hon July Moyo, Minister of Local Government Public Works And National Housing: * Official death toll has risen to 64. * A Zimbabwean Fuel Mogul has donated 10 000L of Fuel",injured_or_dead_people,cyclone_idai_2019,cyclone_idai_2019_dev
306,1117891530503655426,"I’m in Mozambique with @khalsa_aid working on providing much needed aid in villages affected by #CycloneIdai It’s been 4 weeks since the cyclone hit, one of the worst tropical cyclones on record to affect Africa. Partnering with local groups to see how best Khalsa Aid can help",rescue_volunteering_or_donation_effort,cyclone_idai_2019,cyclone_idai_2019_dev
307,1109344132978409472,Rescue efforts analysis @cycloneidai catastrophy.@BBCAfrica visited rescue sites and interviewed the affected @BBCAfrica @Wamagaisa @misazimbabwe #CycloneIdai #Chimanimani #Zimbabwe,rescue_volunteering_or_donation_effort,cyclone_idai_2019,cyclone_idai_2019_dev
338,1108992317015449600,"#CycloneIdai response in #Mozambique: arrived yesterday,@WFP_UNHAS MI-8 helicopter already making a difference in #rescue and #relief. Moving food from #INGC center of operations in Caia, to assist people in #Beira.",rescue_volunteering_or_donation_effort,cyclone_idai_2019,cyclone_idai_2019_dev
294,1109341394668318720,"My heart goes out to all the victims of the #CycloneIdai disaster. It’s sad that more lives have been lost , this is the time we need each other the most. Zimbabweans we can do it. #letsact #togetherwecan",sympathy_and_support,cyclone_idai_2019,cyclone_idai_2019_test
293,1108340956321980417,Donations continue pouring in for the #Cycloneidai relief. Big thank you to Mega Snacks for donating and supporting the cause. #Zifmcares,rescue_volunteering_or_donation_effort,cyclone_idai_2019,cyclone_idai_2019_test
720,1109509509083529216,15 boxes + 6 sacks= 1544kg of food and essential medicines for Young Africa hostel students and on-campus residents ἟2἟F #CycloneIdai,rescue_volunteering_or_donation_effort,cyclone_idai_2019,cyclone_idai_2019_test
100,1107641669829177345,Lets help those in need #CycloneIdaiFeel free to come by at Impact Hub Harare to drop off any donations.Your efforts will go a long in assisting the victims #FutureLeadersHarare #Impactpeople,rescue_volunteering_or_donation_effort,cyclone_idai_2019,cyclone_idai_2019_test
162,1117275807070736385,"Thank You @RwandaGov for cheque donation of USD $200,000 for disaster relief. #Malawi appreciates your kind #African brotherly gesture. #WeWillNotForget @MwNewsAgency @APMutharika @PaulKagame #MalawiFloods2019 #CycloneIdai",rescue_volunteering_or_donation_effort,cyclone_idai_2019,cyclone_idai_2019_dev
65,1117650373165162497,"Tomorrow marks 1 month since #CycloneIdai struck. As we look back on the horrific days that followed, lives continue to be at risk from disease, lack of food, clean water &amp; shelter. Thanks to donors - please continue to stand w/the people of #Mozambique, #Zimbabwe &amp; #Malawi.",rescue_volunteering_or_donation_effort,cyclone_idai_2019,cyclone_idai_2019_test
42,1113341146447712257,@Refugees staff are distributing solar lamps to those affected by #CycloneIdai in #Beira ἟2἟F ὒ6☀️ provide security by giving light at night or when walking home after sunset essentially reducing the risk of assaults. They also enable the youth to study when it gets dark. ᾝ2ἿEὒ6ὍA,rescue_volunteering_or_donation_effort,cyclone_idai_2019,cyclone_idai_2019_dev
183,1108432465503367173,Dear World Leaders: Please make sure all donations for the victims of #CycloneIDAI in Zimbabwe are channelled through reputable charities and NGOs. Our govt uses food &amp; charitable donations for political reasons and it’s already happening now @UNHumanRights @Refugees,rescue_volunteering_or_donation_effort,cyclone_idai_2019,cyclone_idai_2019_dev
774,1109426619624706051,"The situation will get worse before it gets better,” says @unicefchief Aid agencies are barely beginning to see the scale of the damage.” #CycloneIdai #Mozambique",infrastructure_and_utility_damage,cyclone_idai_2019,cyclone_idai_2019_test
69,1108465414638579712,"RT @ShawnGBarber: Canada pledges an initial C$400,000 to help victims of the Cyclone Idai in Mozambique.",rescue_volunteering_or_donation_effort,cyclone_idai_2019,cyclone_idai_2019_test
676,1109745269489438720,"A Chinese rescue team set off from Beijing on Sunday for Mozambique to help with search, rescue, medical care and epidemic prevention efforts in the aftermath of Cyclone Idai, which tore through southern Africa more than a week ago. (file pic: )",rescue_volunteering_or_donation_effort,cyclone_idai_2019,cyclone_idai_2019_test
678,1106832666324860928,"Areas adjacent to this brdge has been completely drowned overnight including a police camp,houses and shops #CycloneIdai",infrastructure_and_utility_damage,cyclone_idai_2019,cyclone_idai_2019_test
495,1106862537260314625,"#CYCLONEIDAI: Trail of destruction in Chipinge FOLLOW ZimCitizenNews on Instagram, Twitter and Facebook. To send News or join our Official ZimCitizenNews WhatsApp group",infrastructure_and_utility_damage,cyclone_idai_2019,cyclone_idai_2019_test
103,1111496349088993282,#CycloneIdai Dead bodies continue to be found. Two of them were today uncovered from this house in Ngangu residential area.@InfoMinZW @parliamentzim @UNZimbabwe @euinzim @NewsDayZimbabwe @DailyNewsZim @HeraldZimbabwe @ZBCNewsonline @ZLHRLawyers @ZimNgo @ZimRights1,injured_or_dead_people,cyclone_idai_2019,cyclone_idai_2019_test
107,1115634961892237312,Gvnt confirms 3.8 magnitude earthquake struck Manicaland shortly before #CycloneIdai ravaged Zimbabwe,caution_and_advice,cyclone_idai_2019,cyclone_idai_2019_test
261,1106882378969112576,"19 killed, Beira city shut off as tropical cyclone slams #Mozambique  #Idai",injured_or_dead_people,cyclone_idai_2019,cyclone_idai_2019_test
422,1106994784219119616,"Why is it each time the president flies out, people die? September 2018 to China - (Cholera Outbreak) November - December 2018 on Annual holiday - (Doctors Strike) 14 January 2019 to Russia, Belarus, etc - (Innocent civilians during Fuel Protests) And now to UAE - #CycloneIdai",injured_or_dead_people,cyclone_idai_2019,cyclone_idai_2019_test
217,1107321964316815360,We are deeply saddened by the tragic loss of lives &amp; injuries caused by #cycloneIdai. #MSF teams have left for #Chimanimani to conduct an assessment to establish the nature of support needed @HeraldZimbabwe @NewsDayZimbabwe @DailyNewsZim @StarFMNews @capitalkfm @healthtimeszim,sympathy_and_support,cyclone_idai_2019,cyclone_idai_2019_test
213,1110693497273806848,A few days ago Tanya’s home was destroyed..their possessions ruined by the mud/rain etc  friends at school gave her some of their old uniforms.. some books &amp; school supplies..as if in defiance today she woke up &amp; went to school to learn ὤFἿE #CycloneIdai #SeeTheInvisible,infrastructure_and_utility_damage,cyclone_idai_2019,cyclone_idai_2019_dev
176,1113108830769082373,"#CycloneIdai Silverstream aid distribution camp co-Director Christine Chideme, is appealing for more vehicles to assist in transportation of aid to victims. Chideme says they have been relying on helicopters and army trucks, but more heavy duty vehicles are required.",rescue_volunteering_or_donation_effort,cyclone_idai_2019,cyclone_idai_2019_test
775,1112704164486959106,"@afreximbank has announced a donation of $1,5 million to victims of #CycloneIdai which recently devastated Mozambique, Zimbabwe and Malawi.  #NewsDayZim @HStvZim",rescue_volunteering_or_donation_effort,cyclone_idai_2019,cyclone_idai_2019_test
10,1117126329370140672,"Post #CycloneIdai there are some smiles and there is hope in the eyes of those affected, giving us even more reason to run #thenextmile to help them recover and build better lives. Donate today:",rescue_volunteering_or_donation_effort,cyclone_idai_2019,cyclone_idai_2019_dev
366,1107501351024631808,Bodies of #CycloneIdai victims pile up at Ngangu Roman Catholic as they wait for burial orders.,injured_or_dead_people,cyclone_idai_2019,cyclone_idai_2019_dev
77,1107350725053595655,"RT @Independent: Cyclone causes deaths of at least 157 people across Mozambique, Malawi and Zimbabwe",injured_or_dead_people,cyclone_idai_2019,cyclone_idai_2019_dev
234,1111653193115668480,BREAKING!!! Army truck runs over people awaiting aid distribution at skyline in Chimanimani. 5 confirmed dead. MTDSRIP. They survived #CycloneIdai only to have their lives taken away in such a grisly manner!!! I wish the injured a quick recovery!!!,injured_or_dead_people,cyclone_idai_2019,cyclone_idai_2019_test
308,1110217449734111233,The Commander-in-Chief of the South African National Defence Force President @CyrilRamaphosa has deployed our national defence force to conduct a search and rescue operation in Mozambique and Malawi following #CycloneIdai - we salute them for their efforts ✊ἿF❤️἟F἞6,rescue_volunteering_or_donation_effort,cyclone_idai_2019,cyclone_idai_2019_dev
15,1109812365132849152,Clothes donations being packed at Highlands Presbyterian Church in Harare today. This is the 26th truck thats left from here! #CycloneIdaiUPDATE #CycloneIdaiZW #CycloneIdai,rescue_volunteering_or_donation_effort,cyclone_idai_2019,cyclone_idai_2019_test
551,1107154685121695744,[#CycloneIdaiUPDATE] The death toll from the #CycloneIdai has risen to 31 in Zimbabwe. PhotoCredit:,injured_or_dead_people,cyclone_idai_2019,cyclone_idai_2019_test
651,1107379286036701185,My thoughts and prayers are with all those affected.,sympathy_and_support,cyclone_idai_2019,cyclone_idai_2019_test
504,1107979075992338433,Major African city 90% destroyed by massive cyclone. The people whove done the least to change the climate suffer the most.,infrastructure_and_utility_damage,cyclone_idai_2019,cyclone_idai_2019_test
346,1109359570097303552,RT @tictoc: Ongoing rescue missions are being carried out in the flood-hit areas of Cyclone Idai in Mozambique,rescue_volunteering_or_donation_effort,cyclone_idai_2019,cyclone_idai_2019_test
84,1111730073361674246,Lets all come and rally behind @ZimCricketv as we take on @EmiratesCricket in 4 ODIs at Harare Sports Club this April. All proceeds from one of the matches will go towards #CycloneIdai disaster relief efforts #ZIMvUAE #FillUpHSC,rescue_volunteering_or_donation_effort,cyclone_idai_2019,cyclone_idai_2019_test
414,1107862386940223488,"Looking at images of how Cyclone Idai has destroyed places in Mozambique (90% of Beira covered in water) and Zimbabwe, i have a new appreciation of life and a remainder of how temporary material things are",infrastructure_and_utility_damage,cyclone_idai_2019,cyclone_idai_2019_test
465,1110428752402620416,RT @tictoc: Rescue missions are continuing in the flood-hit areas of #CycloneIdai in Mozambique,rescue_volunteering_or_donation_effort,cyclone_idai_2019,cyclone_idai_2019_test
565,1113152935930855425,"Proud of the work @USAIDs Disaster Assistance Response Team (DART) is accomplishing on the ground in #Mozambique post #CycloneIdai. Humanitarian aid, including these @WFP vehicles, arrived in #Beira, where theyll transport aid to affected communities.἟A἟8἟2἟F",rescue_volunteering_or_donation_effort,cyclone_idai_2019,cyclone_idai_2019_test
115,1116706649912348673,"Students &amp; community at #YoungAfrica #Beira #Mozambique received cholera vaccinations at our centre. Please, keep supporting our Learn, Work and Rebuild programme. Help our #youths to reconstruct their country. Donate here:",rescue_volunteering_or_donation_effort,cyclone_idai_2019,cyclone_idai_2019_test
39,1113418180356190208,Partisan(Unfair) Food Distribution in Chimanimani - #CycloneIdai (WATCH) -,rescue_volunteering_or_donation_effort,cyclone_idai_2019,cyclone_idai_2019_test
92,1107014450777870342,"DEADLY CYCLONE IDAI category 3 intensity upon landfall in Mozambique. Dangerously high seas, extreme flooding, strong, damaging winds, storm surges &amp; significant rainfall #Mozambique #cyclone #CycloneIdai CLICK LINK FOR VIDEO UPDATE:",caution_and_advice,cyclone_idai_2019,cyclone_idai_2019_test
769,1106983704516313089,#CycloneIdai In Bikita so many huts have collapsed. Dont build cardboard boxes only strong when dry,infrastructure_and_utility_damage,cyclone_idai_2019,cyclone_idai_2019_test
121,1108021558604374016,"God bless all that have donated to other fellow Zimbabweans ἟F἟C in dire need of food, clothing etc . Honestly, together we stand !!!",sympathy_and_support,cyclone_idai_2019,cyclone_idai_2019_dev
292,1115981673496285185,The CARE Zimbabwe team has been working tirelessly with partners to bring #aid to those hit by #CycloneIdai - no matter the challenges. Donate and help CARE support communities in need.  @abesimba @UNICEFZIMBABWE @gatesfoundation @theOFDA @DFID_UK,rescue_volunteering_or_donation_effort,cyclone_idai_2019,cyclone_idai_2019_dev
196,1108361416724103168,"Everything we had has been destroyed. - Chrissy Nyombolowa, mother of 5 living in #Malawi Plan International is on the ground delivering aid to the #CycloneIdai affected areas. #MalawiFloods2019 @PlanMalawi",infrastructure_and_utility_damage,cyclone_idai_2019,cyclone_idai_2019_dev
764,1113541252262313985,"JUST ANNOUNCED: @USAID is providing ~$33 million in additional humanitarian aid for people in #Mozambique &amp; #Zimbabwe affected by #CycloneIdai. Our DART will work with @WFP to provide &gt;17,000 metric tons of emergency food assistance to families in need.",rescue_volunteering_or_donation_effort,cyclone_idai_2019,cyclone_idai_2019_test
345,1106928476018348032,"Our hearts are with the people of Chimanimani who have been affected by #CycloneIdai. Our prayers are with them, and we pray that life will be preserved. We encourage our friends, partners and colleagues who can, to contribute in any way possible to assist the affected. ὤFἿF",sympathy_and_support,cyclone_idai_2019,cyclone_idai_2019_test
232,1108948865426706433,Mozambican’s are mobilising a huge effort to support those affected. #Cycloneidai,rescue_volunteering_or_donation_effort,cyclone_idai_2019,cyclone_idai_2019_test
34,1110991391755255808,If they can steal aid donations imagine what they can do to forex @RBZ. Gold @fidelity &amp; diamonds kwamarange. Azvina kusiyana nekuba chema parufu,rescue_volunteering_or_donation_effort,cyclone_idai_2019,cyclone_idai_2019_dev
255,1110249335697145858,Thank you so much for the massive response to the #CycloneIDAI relief fund which is being run by Freeman Chari and the team. By 2000hrs last night it had hit 78K. I believe 100K is possible. Let’s do it. Please Spread the word:,rescue_volunteering_or_donation_effort,cyclone_idai_2019,cyclone_idai_2019_test
362,1113511253769695233,Fundraising for #cycloneidai survivors by #CooperateZimbabwe underway. ὄFἿDὄFἿDὄFἿD,rescue_volunteering_or_donation_effort,cyclone_idai_2019,cyclone_idai_2019_test
2,1109101203387019265,"The latest official death toll from Cyclone Idai in Mozambique is 293, according to government disaster management agency INGC (via )",injured_or_dead_people,cyclone_idai_2019,cyclone_idai_2019_dev
137,1111312125849415680,#TheCoca-ColaCompany joins #CycloneIdai relief efforts with a US$mln pledge,rescue_volunteering_or_donation_effort,cyclone_idai_2019,cyclone_idai_2019_dev
241,1115996776912248836,"A line of people waiting to see the medical team. They line up and stand in line all day. The team could only see about 100 patients per day, but 200 or more would be waiting in line. @MobileMedicsInt #cycloneidai #malaria #cholera #careforlife #Mozambique #beira",rescue_volunteering_or_donation_effort,cyclone_idai_2019,cyclone_idai_2019_test
643,1107653777287454720,"Almost everything has been affected by the calamity, the governor of Mozambiques Sofala province has said. Cyclone Idai brought devastation to Mozambiques city of Beria, killing at least 150 people across southern Africa. #CycloneIdai updates ➡️:",injured_or_dead_people,cyclone_idai_2019,cyclone_idai_2019_test
21,1110911330020659201,"Outspoken pastor Talent Chiwenga said in an event of national disaster, former President Mugabe expressed his heartfelt condolences through his mouth. Meanwhile, Pres Mnangagwa expressed his condolences to #CycloneIdai victims through written speeches. Whats your take?",sympathy_and_support,cyclone_idai_2019,cyclone_idai_2019_dev
28,1110838088207663104,"Around 55 health facilities in #Mozambique are severely damaged. Essential equipment in the major hospital in #Sofala province, especially in surgical theatre and nursery were completely damaged and unable to receive patients during this crucial time #CycloneIdai",infrastructure_and_utility_damage,cyclone_idai_2019,cyclone_idai_2019_dev
506,1116253072370671617,Meet the women’s football team in Mozambique helping the #CycloneIdai emergency response! ⚽️ @Banyana_Banyana @Janinevanwyk5 @caster800m @SimplyCarol8 @ThatoMoeng @M_Letsholonyane @BafanaBafana @descaptain,rescue_volunteering_or_donation_effort,cyclone_idai_2019,cyclone_idai_2019_test
114,1110595020124549121,What could be more beautiful than Zimbabweans helping other Zimbabweans? #SpiritofUbuntu. A big thank you to Hospitality Association of Zimbabwe (HAZ) for championing collections of the #CycloneIdai disaster donations. Help &amp; unity in times like this is what builds nations.,rescue_volunteering_or_donation_effort,cyclone_idai_2019,cyclone_idai_2019_test
396,1106955852068605954,#CycloneIdai update: Chimanimani Rural District Council chief executive officer Mr Nehemiah Deure says they have set up a district Civil Protection Command Centre at Lydia Chimonyo Girls High School to coordinate rescue efforts.,rescue_volunteering_or_donation_effort,cyclone_idai_2019,cyclone_idai_2019_dev
578,1110155744362541056,"UNICEF supplies are being distributed in areas affected by ⚡️ #CycloneIdai, bringing a measure of relief to children and their families living in the affected region. Special thanks to our partners and donors. ὏7UNICEF/2019/Tsvangirayi Mukwazhi",rescue_volunteering_or_donation_effort,cyclone_idai_2019,cyclone_idai_2019_test
612,1110216793874927617,Mozambican authorities said that the bodies of 446 victims killed in the disaster caused by Cyclone Idai have been found in the central region of the country. #CycloneIdai,injured_or_dead_people,cyclone_idai_2019,cyclone_idai_2019_test
180,1108989026688790530,"Aerial footage from Mozambique shows the devastation from Cyclone Idai — which officials fear has killed up to 1,000 people and left thousands more missing",injured_or_dead_people,cyclone_idai_2019,cyclone_idai_2019_dev
211,1107899288741470208,"Devastating: More than 1,000 people are feared dead in a devastating cyclone #idai that hit Mozambique on Friday as 1.6+ million children went on #climatestrike  Ὁ4",injured_or_dead_people,cyclone_idai_2019,cyclone_idai_2019_test
682,1110456683774595072,"Over 865,000 people have been affected by #CycloneIdai in Malawi. @undpmalawi is providing US$500,000 toward early recovery to assist affected communities, made possible with aid from our Emergency fund financed by ἞9἟0἞9἞A἟1἟A ἟3἟4἟5἟9἟0἟7἟8἟0἟8἞A἞8἞D:",rescue_volunteering_or_donation_effort,cyclone_idai_2019,cyclone_idai_2019_test
275,1111079214135025664,This cyclone destroyed everything we built for more than 100 years.” Daviz Simango Mayor of Mozambique #CycloneIdai #ClimateAction,infrastructure_and_utility_damage,cyclone_idai_2019,cyclone_idai_2019_dev
566,1109422090921353216,"MOZAMBIQUE FLOODS:: 557 DEAD, 1.7 MILLION STRANDED, CHOLERA OUTBREAK REPORTED A week after the flooded Mozambican port of Beira was hit by Cyclone Idai, cases of cholera have been recorded, a humanitarian aid group",injured_or_dead_people,cyclone_idai_2019,cyclone_idai_2019_test
371,1108728350401544194,No to looting of #CycloneIdai donations - Bulawayo24 News,rescue_volunteering_or_donation_effort,cyclone_idai_2019,cyclone_idai_2019_dev
125,1108370223671988229,"Ireland will provide €400,000 for relief effort to help people meet basic needs while assessing best ways to support current efforts in coordination with Mozambique’s Gov, UN agencies &amp; development partners #CycloneIdai #MozambiqueFloods2019 #Working4IRL @Irish_Aid @dfatirl",rescue_volunteering_or_donation_effort,cyclone_idai_2019,cyclone_idai_2019_dev
616,1108698484281167873,"GOAL UPDATE: Working to assess needs of those affected by #CycloneIdai alongside partners &amp; assistance from donors. We are supporting local Govt &amp; people affected in both #Malawi &amp; #Zimbabwe. In Zim, reports of over 100 deaths, +200 injured, +200 missing ὄ9",injured_or_dead_people,cyclone_idai_2019,cyclone_idai_2019_test
232,1107595699686912001,The truth..Beira needs help,sympathy_and_support,cyclone_idai_2019,cyclone_idai_2019_dev
469,1106981180837117952,@edmnangagwa declares #cycloneidai a #StateOfDisaster.More than 23 people have died while hundreds are unaccounted.#Zimbabwe,injured_or_dead_people,cyclone_idai_2019,cyclone_idai_2019_test
191,1106958884923686914,"RT @tbsena04: ALA is collecting food and clothes. We are at No. 2 Princess Drive, Newlands, Harare. Call 0782001880 #CycloneIdai .",rescue_volunteering_or_donation_effort,cyclone_idai_2019,cyclone_idai_2019_test
108,1110906600791912450,"Amb. Brian A. Nichols had a great meeting yesterday with Minister of Social Welfare @SekaiNzenza, discussing food security, disaster relief and labor rights. The U.S. is committed to assisting Zimbabweans affected by #CycloneIdai &amp; will continue coordinating efforts.",rescue_volunteering_or_donation_effort,cyclone_idai_2019,cyclone_idai_2019_test
259,1116249622341726208,"The Sherps are here! @WFP amphibian vehicles made it to #Buzi district with much-awaited bags of rice, for the people in need, in the aftermath of #CycloneIdai in central #Mozambique. We do not strain or haggle means, in our quest. #Savinglives",rescue_volunteering_or_donation_effort,cyclone_idai_2019,cyclone_idai_2019_test
237,1108300408861220864,A huge thank you to all those that have given at this time. Faith in humanity restored. But we can still do more. Look around you and lets help those affected by the cyclone. #Zimbabwe #cycloneIdai,sympathy_and_support,cyclone_idai_2019,cyclone_idai_2019_dev
126,1108076386290413570,"Fears for 500,000 people as 90% of #Mozambique city of Beira destroyed by #CycloneIdai. Mozambique president Filipe Nyusi says death toll already likely 1,000. The cyclone also swept thru #Malawi, killing 56 people and injuring 600, and in #Zimbabwe it has left 98 people dead.",injured_or_dead_people,cyclone_idai_2019,cyclone_idai_2019_test
106,1113510644089802753,"My thoughts &amp; Prayers remain with the people of Zimbabwe, Mozambique &amp; Malawi that lost their homes &amp; loved ones due to cyclone Idai. We have not forgotten about yall. God is with you all. #CycloneIdai",sympathy_and_support,cyclone_idai_2019,cyclone_idai_2019_dev
397,1108312925092098048,"Ropafadzo and Kojo, students at Rock Of Ages Junior School In Mutare spoke to @MercyNgwebvu about their schools donation towards #CycloneIdai relief efforts.",rescue_volunteering_or_donation_effort,cyclone_idai_2019,cyclone_idai_2019_dev
668,1111279117608071169,"Today, USAID’s Disaster Assistance Response Team, in partnership with the U.S. military and the Government of #Mozambique, commenced air operations to deliver humanitarian assistance to communities affected by #CycloneIdai.",rescue_volunteering_or_donation_effort,cyclone_idai_2019,cyclone_idai_2019_test
318,1111246315961442304,"50 people mercilessly murdered in the New Zealand terror attack More than 700 lives lost to Cyclone Idia in Mozambique, Malawi and Zimbabwe and hundreds are still missing 157 brutally killed in a village in Mali, many of the victims women and children Pray for our Ummahὢ2ὉB",injured_or_dead_people,cyclone_idai_2019,cyclone_idai_2019_test
101,1110529637497606146,RT @NewsDayZimbabwe: The package is worth $140 000 of the total $500 000 #Zimplats pledge committed towards relief for #Cycloneidai victims,rescue_volunteering_or_donation_effort,cyclone_idai_2019,cyclone_idai_2019_dev
168,1116185912029982720,"Our aid has arrived in #Malawi ready to help families who have lost so much after #CycloneIdai. Were working with @WFP_Malawi, who are storing our aid, and well soon be delivering essential aid items to families who need it the most. All made possible because of your support!",rescue_volunteering_or_donation_effort,cyclone_idai_2019,cyclone_idai_2019_test
99,1107153946773258241,Our prayers go out to all affected by #CycloneIdai This is the time for all to come together to assist those in need.,sympathy_and_support,cyclone_idai_2019,cyclone_idai_2019_test
155,1108318393629839361,Im in love with how Zimbabweans have come together to help people who have been affected by @cycloneidai. If we unite as a people there is no problem we can overcome. @zimababwe,sympathy_and_support,cyclone_idai_2019,cyclone_idai_2019_test
144,1111609902114529280,"Pres @edmnangagwa tells @ZANUPF_Official Central Committee that despite criticism, he will not stop re-engagement efforts with other countries. Says Zim cant continue to be isolated. Says massive support received after #CycloneIdai also an offshoot of re-engagement efforts",rescue_volunteering_or_donation_effort,cyclone_idai_2019,cyclone_idai_2019_test
13,1108002521866518529,"My thoughts are with those affected by Cyclone Idai, which has caused devastating loss in Mozambique, Malawi &amp; Zimbabwe. It is important that we increase climate change adaptation efforts. @UNEnvironment stands ready to support in any way possible.",sympathy_and_support,cyclone_idai_2019,cyclone_idai_2019_dev
731,1108126731905445889,1. Zimbabweans have come together in a great show of community spirit in the face of #CycloneIDAI. There’s a massive effort at Highlands Presbyterian Church in Harare where goods have been received for transmission to affected areas. Volunteers needed THIS afternoon to pack bags.,rescue_volunteering_or_donation_effort,cyclone_idai_2019,cyclone_idai_2019_test
601,1110229496102375427,"The donations were joint efforts by entities falling under @METHI_Zimbabwe which include ZTA,@Zimparks,@forestrycom, @EMAeep &amp; #AlliedTimbers supported by @tourism_council representing the tourism industry, they will be taken to #Chimanimani early tomorrow morning. #CycloneIdai",rescue_volunteering_or_donation_effort,cyclone_idai_2019,cyclone_idai_2019_test
713,1115909327146106883,"Indian Navy says INS Magar, an amphibious warfare vessel, has sailed for Port Beira in Mozambique from Mumbai with relief material for the cyclone-hit country.",rescue_volunteering_or_donation_effort,cyclone_idai_2019,cyclone_idai_2019_test
119,1117375458671091712,"Cyclone Idai: UN appeals international community to help 1.6 mln children: United Nations, Apr 14 (UNI) One month after Cyclone Idai devastated parts of Mozambique, Malawi and Zimbabwe, the United Nations Childrens",rescue_volunteering_or_donation_effort,cyclone_idai_2019,cyclone_idai_2019_test
328,1109784779073966081,"Mozambique death toll rises to 446 after cyclone: minister . A woman washes clothes in a river of water running across a road that was created after Cyclone Idai in Chimanimani, Zimbabwe, March 24, 2019. REUTERS/Philimon Bulawayo 6 minutes ago 53 View. SULAIMANI The death",injured_or_dead_people,cyclone_idai_2019,cyclone_idai_2019_dev
41,1109520091283099648,"@Wamagaisa this is why there is so much more heartbreaking effects and damage is yet to be realised. According to these guys, 200+/- bodies of those that ddnt use the rope to leave ths Police base were washed away. But #zbc is saying 98 pple died.",injured_or_dead_people,cyclone_idai_2019,cyclone_idai_2019_dev
212,1109088313435148293,"While donor assistance is welcome, it can never be the main source of funding for such critical institutions as the CPU. We cannot, as a country, outsource our own existence. #CycloneIdai",rescue_volunteering_or_donation_effort,cyclone_idai_2019,cyclone_idai_2019_dev
133,1108268426068459520,"As we donate let us also remember to check where we donate is credible, the intention may be authentic but the channel may not always reach those it was intended for. I chose #celebrationhealth for my donation @celebrationmin donations still needed #cycloneidai #zimbabwe",rescue_volunteering_or_donation_effort,cyclone_idai_2019,cyclone_idai_2019_test
233,1110191634472415234,"Powerful video. Believers in Mozambique ἟2἟F worshipping God after the cyclone destroyed their building. even if you don’t feel like it, always worship God” #cycloneidai #Praises #JesusChristIsLord",infrastructure_and_utility_damage,cyclone_idai_2019,cyclone_idai_2019_dev
581,1112721092416811015,"She gives an account of how #cycloneidai destroyed all she had. She describes the day as unforgettable. Help us expand #psychosocialsupport services for vulnerable women in Chipinge. Together, we can. Donate to support our cause. Please contact +263 242 754124; +263 785 001772",rescue_volunteering_or_donation_effort,cyclone_idai_2019,cyclone_idai_2019_test
187,1107001529725304832,Very sad to hear of the many victims by #CycloneIdai hitting #Zimbabwe &amp; #Mozambique. My thoughts go out to the families and friends of the victims and all those affected by this disaster.,sympathy_and_support,cyclone_idai_2019,cyclone_idai_2019_test
151,1107712674786361345,"The full $50 million disbursement by Zimbabwes government towards Cyclone Idai relief effort $2 million reconciled, its going towards borehole drilling and rehabilitation. #Zimbabwe #CycloneIdai #CycloneIdaiZW",rescue_volunteering_or_donation_effort,cyclone_idai_2019,cyclone_idai_2019_test
228,1108245505186893824,RT @tonganaiw: Its #OneTime as I play my part using @OneMoneyZw to contribute to efforts to assist those affected by #CycloneIdai /,rescue_volunteering_or_donation_effort,cyclone_idai_2019,cyclone_idai_2019_test
52,1106892554790932480,Praying for the people in our Eastern Highlands and #Mozambique affected by #CycloneIdai Things looks really bad. May God bless all who have been able to assist in this time of crisis and comfort the families of those who lost their loved ones. #GodBlessZimbabwe,sympathy_and_support,cyclone_idai_2019,cyclone_idai_2019_dev
54,1107202404930514944,"Following Mozambique and Malawi, Zimbabwe the latest target of #CycloneIdai which has turned into the worst extreme weather event of 2019 so far in terms of loss of life and damage to critical infrastructure #ResilienceForAll #/news/world-africa-47595863",infrastructure_and_utility_damage,cyclone_idai_2019,cyclone_idai_2019_test
214,1108298740979376128,I condole and pass my message of encouragement to the victims of cyclone Idai in Zimbabwe and Mozambique . An injury to one is an injury all,sympathy_and_support,cyclone_idai_2019,cyclone_idai_2019_test
10,1107644427311423489,CYCLONE IDAI UPDATE: The latest information we are receiving as at 1530pm is that the #CycloneIdai death toll in Zimbabwe has increased to 89.,injured_or_dead_people,cyclone_idai_2019,cyclone_idai_2019_test
302,1107301087596425216,At least 48 people have been killed in Mozambique and 39 in neighbouring Zimbabwe after tropical cyclone Idai tore through the two southern African countries. @afp,injured_or_dead_people,cyclone_idai_2019,cyclone_idai_2019_test
749,1106875491892506624,"Amid all the horrific news in the world the last few days, you probably havent heard of the deadly #Cyclone causing massive destruction in #Mozambique &amp; #Malawi, Cyclone #Idai",infrastructure_and_utility_damage,cyclone_idai_2019,cyclone_idai_2019_test
60,1110473100578172928,"The Pan African Union expresses solidarity with the people of Zimbabwe, Mozambique and Malawi affected shattered by #CycloneIdai. We pray that God comforts meets all those affected at their points of need. The AU should rise to the occasion. ENDS. Toon by @chrisatuk",sympathy_and_support,cyclone_idai_2019,cyclone_idai_2019_test
233,1112352879824773120,"἞6἟4Angola ἞7἟CBotswana ἞7἟7Brazil ἞E἟3India ἞E἟9Italy ἟2἞6Morocco ἟5἟9Portugal ἟F἞6South Africa ἞A἟8Spain ἟9἟FTanzania ἟9἟7Turkey ἞C἞7UK ἟A἟8USA Without their help, this operation wouldnt have been possible. Thanks for your support with 100 military assets to respond to #CycloneIdai in #Mozambique.",rescue_volunteering_or_donation_effort,cyclone_idai_2019,cyclone_idai_2019_test
300,1111185035040821248,Pple have bn saying a lot of nonsense about @edmnangagwas trip to UAE. He spent whatever $ in travel costs but the trip has paid dividends. Here is a plane that brought assortments of aid for the #CycloneIdai victims. Its better to spend a dollar on a trip that will give you $5,rescue_volunteering_or_donation_effort,cyclone_idai_2019,cyclone_idai_2019_dev
5,1108451832534368257,"More than 922,900 have been affected in 14 areas of Malawi by flooding caused by tropical #CycloneIdai. We’re on the ground delivering essential supplies and our top priority is helping children and families who have lost their homes. #Malawifloods @MalawiUNICEF",rescue_volunteering_or_donation_effort,cyclone_idai_2019,cyclone_idai_2019_test
288,1108652088756707328,RT @PrafullaChowdh5: Mozambique’s Cyclone: Mapping the Destruction of Idai,infrastructure_and_utility_damage,cyclone_idai_2019,cyclone_idai_2019_dev
759,1113521068805906432,"At Silverstream on way to #Chimanimani: distribution depot in a field, met Christine (in charge), saw lorry with @DFID_UK buckets etc loaded for Ngangu, and heard Lois talk about trauma of families affected by #CycloneIdai @UKinZimbabwe",rescue_volunteering_or_donation_effort,cyclone_idai_2019,cyclone_idai_2019_test
454,1109622009892401152,People have been forced onto rooftops or into trees for hours on end to escape flooding in Mozambique. UNICEF is on the ground providing life-saving support to families affected by #CycloneIdai.,rescue_volunteering_or_donation_effort,cyclone_idai_2019,cyclone_idai_2019_test
290,1110671595301941249,Here is a satellite image comparison of #Chimanimani before &amp; after #CycloneIdai using @NASAs #Landsat8. The veins show the distribution of the flooding &amp; the areas affected. #Chimanimani was the hardest hit &amp; an estimate of more than 300 residents were killed. @InfoMinZW,injured_or_dead_people,cyclone_idai_2019,cyclone_idai_2019_dev
290,1106856188443017216,"My prayers with all those affected by floods in Mozambique, Malawi &amp; Zimbabwe as a result of Cyclone Idai. There is no better time to unite &amp; respond to the disastrous effects of these floods. — feeling heartbroken",sympathy_and_support,cyclone_idai_2019,cyclone_idai_2019_test
724,1107830563984019456,Relief for Chimanimani #CycloneIDAI survivors begin to trickle as aid agencies and the Zimbabwe National Army slowly manage to access affected areas. Humanitarian assistance has been slow due to damaged roads and bad weather.,rescue_volunteering_or_donation_effort,cyclone_idai_2019,cyclone_idai_2019_test
485,1108730123308724224,My daughter has mobilised some donations from her uni &amp; want to send them to Zimbabwe for #CycloneIdai victims. Where can the donations be send? Anyone with contacts of charitable organisation(s) in Harare but preferably in Mutare or better still Chimanimani? @jekanyika_kenji,rescue_volunteering_or_donation_effort,cyclone_idai_2019,cyclone_idai_2019_test
381,1106784913519452160,@BrendanTaylor86 You just forgot to mention victim’s of @cycloneidai in Mozambique,injured_or_dead_people,cyclone_idai_2019,cyclone_idai_2019_dev
267,1113129083053932545,#Idai and #floods : Accommodation centres dismantled in Manica province – #Mozambique  #CycloneIdai #CicloneIdai,infrastructure_and_utility_damage,cyclone_idai_2019,cyclone_idai_2019_dev
282,1111239623529975809,[Pictures] Cyclone Idai survivor Tanya back in school a few days after home is destroyed by floods  #Tanya #Zimbabwe #Mozambique #CycloneIdai,infrastructure_and_utility_damage,cyclone_idai_2019,cyclone_idai_2019_test
74,1108082060097261568,4/4 Here is how you can also donate through Miracle Missions trust @MM_Trust_Zim . We are our own brothers keeper #cycloneIdai,rescue_volunteering_or_donation_effort,cyclone_idai_2019,cyclone_idai_2019_dev
70,1108829294741065736,"I am in a lot of farmers groups. The death toll being reported is not adding up with the horrific pictures, videos and voice notes we are hearing. Very disturbing. #cycloneidai",injured_or_dead_people,cyclone_idai_2019,cyclone_idai_2019_dev
531,1110836890075348992,"Ambassador Timo Olkkonen has joined the #CycloneIdai relief operation in the Eastern Highlands today for assessment and coordination with other partners. After a meeting with the Manicaland Minister of State,",rescue_volunteering_or_donation_effort,cyclone_idai_2019,cyclone_idai_2019_test
198,1117731036111278081,RT @GvanMontfort: @UNDP early recovery efforts in #CycloneIdai affected areas in Zimbabwe - with communities for communities,rescue_volunteering_or_donation_effort,cyclone_idai_2019,cyclone_idai_2019_test
350,1107552194335784960,As to how #CycloneIdai ended up being a debate on how Ed or Chamisa reacted boggles the mind. Seriously believe our energy should be focused on donations and rescue efforts.,rescue_volunteering_or_donation_effort,cyclone_idai_2019,cyclone_idai_2019_dev
586,1108312861057732608,"Thank you to all the volunteers all over Zimbabwe working so hard to contribute to relief efforts. Volunteers through their involvement reflect a nations compassion, unselfish caring, patience, and love one for another. Erma Bombeck @unvzimbabwe",rescue_volunteering_or_donation_effort,cyclone_idai_2019,cyclone_idai_2019_test
557,1107260011070349313,RT @zanupf_patriots: #CycloneIdai Update:‼️ According to Chimanimani East MP Joshua Sacco 65 have been confirmed dead.,injured_or_dead_people,cyclone_idai_2019,cyclone_idai_2019_test
778,1108027434702647297,"Thank you #Zimbabwe for joining hands together to raise support for our brothers and sisters affected by #CycloneIdai. Despite our continued oppression by ZANU PF and the hardships we face, our spirit remains unbroken. #WeAreZimbabwe",sympathy_and_support,cyclone_idai_2019,cyclone_idai_2019_test
97,1108396088019599362,Please help us support those affected by #CycloneIdai. Find out how to donate below.,rescue_volunteering_or_donation_effort,cyclone_idai_2019,cyclone_idai_2019_test
134,1108074896641441794,Brandsfresh Mutare today dropped off 1 tonne of butternuts and 1 tonne of potatoes at the @ManicaPostZim building as part of donations towards #CycloneIdai relief efforts.,rescue_volunteering_or_donation_effort,cyclone_idai_2019,cyclone_idai_2019_test
155,1109406575289139200,Chipped in by unloading a truck of donations from #Botswana ἞7἟C for #cycloneidai survivors with the @FreshInABox team today. The ❤️ and generosity I’ve witnessed is unbelievable. Thank you all for donating time and resources to help our family in need! #zimbabwe #FridayFeeling,rescue_volunteering_or_donation_effort,cyclone_idai_2019,cyclone_idai_2019_dev
175,1108678140740677632,The #Bulawayo community has been generous and volunteers have worked hard to get relief supplies packed for the victims of #CycloneIdai . A Colbro 30 tonne rig is leaving now for Chipinge packed to the gunnels. Amhlophe Bulawayo,rescue_volunteering_or_donation_effort,cyclone_idai_2019,cyclone_idai_2019_test
322,1107782036662730752,@GlbRecyclingDay Making soap from recycled cooking oil to donate to the victims of #Cycloneidai ὤF,rescue_volunteering_or_donation_effort,cyclone_idai_2019,cyclone_idai_2019_test
144,1107114541035540482,Good morning #Zimbabwe let us pray to the #Allmighty so that no more deaths again in this tragic #CycloneIdai. God bless #Zimbabwe let us help our brothers and sisters affected by this #Idai please,injured_or_dead_people,cyclone_idai_2019,cyclone_idai_2019_dev
624,1107339009305518081,#CycloneIdai death toll now @65 Lord help us,injured_or_dead_people,cyclone_idai_2019,cyclone_idai_2019_test
127,1107896356352466945,"On Saturday 16 March, WFP Aviation airlifted 2,000 boxes὎6 of high-energy biscuits from Kenya to Beira, #Mozambique as food assistance to those affected by tropical #CycloneIdai. @WFPLogistics @WFP_Africa",rescue_volunteering_or_donation_effort,cyclone_idai_2019,cyclone_idai_2019_test
61,1107706544110661632,We are putting people and equipment into Mozambique to help those affected by the terrible cyclone. Our hearts are with them. Distributions began before #CycloneIdai hit and we rushed 4 metric tons of high-energy biscuits there today.,rescue_volunteering_or_donation_effort,cyclone_idai_2019,cyclone_idai_2019_test
6,1111253334353162241,We are now moving the Reproductive Kits from #Lilongwe to nine districts. The kits will ensure clean delivery to prevent maternal and neonatal deaths among women and girls affected by floods #CycloneIDAI #MalawiFloods2019 @youngwhong @Esaro_unfpa,rescue_volunteering_or_donation_effort,cyclone_idai_2019,cyclone_idai_2019_test
158,1108996785870114816,@ZB_Bank is running collections of donations at the banks branches and are appealing to customers to contribute and drop off at any branch #Tinokudai #263chat #CycloneIdai,rescue_volunteering_or_donation_effort,cyclone_idai_2019,cyclone_idai_2019_dev
150,1108201666686476289,"#Mozambique declares state of emergency, three days of national mourning as cyclone death toll surges to more than 200  #CycloneIdai #Idai #CicloneIdai",injured_or_dead_people,cyclone_idai_2019,cyclone_idai_2019_test
383,1116254426925289472,@MultiChoice @mcafrikazim Donations can be made at all MultiChoice Branches nationwide and will be collected and delivered to the Highlands Presbyterian Church in Harare for on-going distribution by the Miracle Missions Trust. #DonateSaveALifeZW #CycloneIdai,rescue_volunteering_or_donation_effort,cyclone_idai_2019,cyclone_idai_2019_test
188,1106950472563335168,Thoughts and prayers are with the families affected by the cyclone in #Zimbabwe and #Mozambique. 2019 has been rough thus far #CycloneIdai #disaster,sympathy_and_support,cyclone_idai_2019,cyclone_idai_2019_dev
172,1109364647650643968,JUST IN: ZIFA president @FeltonKamambo has just announced that all the gate takings from the forthcoming Warriors match will be channelled towards the #CycloneIdai victims. ὄFὄFὄF @263Chat @online_zifa,rescue_volunteering_or_donation_effort,cyclone_idai_2019,cyclone_idai_2019_dev
247,1108084227432763403,RT @Olwethu_45: My prayers go out to everyone in Mozambique affect by the tropical cycloneὤFἿE,sympathy_and_support,cyclone_idai_2019,cyclone_idai_2019_test
250,1107223108728041473,"#CycloneIdai: Chipinge - Mutare road badly damaged by the cyclone. Several buses are stuck at Rutengenye area after the road gave in. FOLLOW ZimCitizenNews on Instagram, Twitter and",infrastructure_and_utility_damage,cyclone_idai_2019,cyclone_idai_2019_dev
543,1107188752693239808,Our thoughts and prayers are with all those affected by Cyclone Idai. Let us all come together in these trying times to save lives and give hope. Trying times. #CycloneIdai @CHICKENINNFC1 @BackpostZ @BulawayoChiefs @HighlanderBosso @capsunitedfczw @NetOneCellular,sympathy_and_support,cyclone_idai_2019,cyclone_idai_2019_test
355,1110493647756234752,"Govt of Mozambique say official death toll of Cyclone Idai stands at 446 and is expected to increase. Acc to U.N. 58,600 homes destroyed. 110,000 ppl sheltering in sites across Sofala. Save the Children say many children left traumatised as they saw parents being swept away.",injured_or_dead_people,cyclone_idai_2019,cyclone_idai_2019_dev
81,1108779905809113089,Sanitation and hygiene supplies (buckets and soap) are loaded for delivery to communities affected by #cycloneidai. All made possible with support from DFID - UK Department for International Development . UNICEF,rescue_volunteering_or_donation_effort,cyclone_idai_2019,cyclone_idai_2019_dev
245,1107966556112326656,"This is the shocking video done by our team in #Beira, #Mozambique. Almost everything is destroyed by #CycloneIdai. @ifrc released its Emergency Fund as an initial response effort for about 7,500 people. More resources may be needed soon.",infrastructure_and_utility_damage,cyclone_idai_2019,cyclone_idai_2019_dev
380,1112816244313522177,@cycloneidaifund Hi! you can read it here: Thread by @cycloneidaifund: We spent the week in finding out how your food donations get to those who need them. Food parcels are dropped [] #Zimbabwe #CycloneIdai  Enjoy :) ᾑ6,rescue_volunteering_or_donation_effort,cyclone_idai_2019,cyclone_idai_2019_test
169,1111708011163205635,I felt the love Zimbabwe received from @AbsaSouthAfrica as a result of a terrible #CycloneIdai in #Chimanimani it provided 60 million rands. Thank you very much @Absa @AbsaSouthAfrica,rescue_volunteering_or_donation_effort,cyclone_idai_2019,cyclone_idai_2019_test
534,1108444260943253504,On location to lend a helping hand – Acting CCR @mainassara_z and some @CIMMYT Southern Africa Regional Office staff spent part of the morning at the Highlands Presbyterian Church drop-off center where they delivered their donations to #CycloneIdai ἟F἟Csurvivors,rescue_volunteering_or_donation_effort,cyclone_idai_2019,cyclone_idai_2019_test
123,1108914420112084998,"As we struggle to come to terms with what has befallen our country, please remember those in Malawi and Mozambique. This young lady Tabia Kazembe asked me how she cld help her pple in Malawi. She was hesitant but I encourage her to raise whatever she can.",sympathy_and_support,cyclone_idai_2019,cyclone_idai_2019_dev
136,1108454763945967617,"Cyclone Idai destroyed or damaged 90% of Mozambique’s port city Beira: - Thousands of homes destroyed - Power, communication and fuel supplies all heavily damaged - Aid groups say major roads have been washed away and they are struggling to get food and medicine to residents",infrastructure_and_utility_damage,cyclone_idai_2019,cyclone_idai_2019_test
314,1106492033269747712,Just In: Communications cut after Cyclone #Idai lashes Beira: city flooded and infrastructure damaged – preliminary reports #Mozambique,infrastructure_and_utility_damage,cyclone_idai_2019,cyclone_idai_2019_test
21,1108000355638538240,Houses destroyed in Chimamimani after Cyclone Idai floods in the Manicaland province of Zimbabwe - 18 March 2019 #Zimbabwe #Chimanimani #CycloneIdai,infrastructure_and_utility_damage,cyclone_idai_2019,cyclone_idai_2019_test
286,1110475035985305601,"We spoke about this and we were called names. It’s devilish to use food aid as a political weapon to especially if this was donated by Zimbabweans from all political spheres. @ZANUPF_Official @edmnangagwa. Please fix this. These are our mothers ,sisters , brothers &amp; fathers.",rescue_volunteering_or_donation_effort,cyclone_idai_2019,cyclone_idai_2019_test
164,1110184602872791046,"Hi, I am Hjalte. I am part of the team of Danish rescue specialists deployed to #Mozambique from the Danish Emergency Management Agency. We are helping the locals with fresh water. I will be manning this profile for the coming weeks and keep you updated on our work. #CycloneIdai",rescue_volunteering_or_donation_effort,cyclone_idai_2019,cyclone_idai_2019_test
122,1113492622436335616,Mozambique woman gives birth in mango tree during floods while escaping floods caused by #CycloneIdai. The family was rescued two days later. #StrongAfricanWomen.,rescue_volunteering_or_donation_effort,cyclone_idai_2019,cyclone_idai_2019_dev
334,1108719550462345220,"The size of the flooded area in #Mozambique is 3,000 square km, roughly the size of the US state of Rhode Island! Thousands of people have lost everything after #CycloneIdai. Our #RedCross volunteers are on the field providing humanitarian aid in #Beira",rescue_volunteering_or_donation_effort,cyclone_idai_2019,cyclone_idai_2019_test
642,1109402277046046721,@energymutodi How Zimbabwe can have more victims than Mozambique where the cyclone perhaps started? Poor rescue efforts in Zimbabwe have worsened the situation,rescue_volunteering_or_donation_effort,cyclone_idai_2019,cyclone_idai_2019_test
229,1110852951269101573,"URGENT APPEAL Millions have been affected by #CycloneIdai &amp; remain at severe risk. Families lack basic supplies incl food, clean water &amp; sanitation facilities. Please donate to @UNICEF_uk now to help them reach every child needing life-saving supplies:",rescue_volunteering_or_donation_effort,cyclone_idai_2019,cyclone_idai_2019_test
320,1107206195519979520,"Cyclone ravages Mozambique, Malawi and Zimbabwe, killing at least 140: Cyclone Idai made contact with land on Thursday in the countries of Malawi, Mozambique and Zimbabwe, leaving a devastating path of destruction in",injured_or_dead_people,cyclone_idai_2019,cyclone_idai_2019_dev
692,1110166977576947713,RT @Wamagaisa: The rescue operation continues #CYCLONEIDAI #Mozambique,rescue_volunteering_or_donation_effort,cyclone_idai_2019,cyclone_idai_2019_test
178,1110555356030255105,The so-called solidarity ship carrying different donations has already reached the port of Beira. Another victory in favor of the cyclone victims IDAI. #CycloneIdai #Beira #Donations #Mozambique,rescue_volunteering_or_donation_effort,cyclone_idai_2019,cyclone_idai_2019_test
284,1108347145629954048,"OCHA Rosea team is in Beira, #Mozambique, supporting the coordination of the humanitarian response in the aftermath of the #CycloneIdai. Needs are dire and the full extent of the damage is yet to be known.",rescue_volunteering_or_donation_effort,cyclone_idai_2019,cyclone_idai_2019_test
677,1107020151810125825,Our thoughts and prayers are with the people in the Eastern Zimbabwe. May Jah have mercy on us,sympathy_and_support,cyclone_idai_2019,cyclone_idai_2019_test
274,1107661374811971584,"#CycloneIdai has destroyed families, #villages and lives. Let us pray for #Gods relief",sympathy_and_support,cyclone_idai_2019,cyclone_idai_2019_test
675,1112742144106741760,"At the weekend, I wondered how our villages would have turned out after #CycloneIdai, despite the destruction of many relatives homes. Mr Gvt, fwd with new models of housing",infrastructure_and_utility_damage,cyclone_idai_2019,cyclone_idai_2019_test
279,1107909078918070272,"As @RenditeZW we join the Christian community and the rest of the nation in praying for our parents, brothers and sisters affected by #CycloneIdai. No food, no shelter, missing children. God save Zimbabwe. #cycloneidaizw",sympathy_and_support,cyclone_idai_2019,cyclone_idai_2019_test
670,1110185317418614785,"In the wake of the debilitating tropical #cycloneidai an elderly woman from Highfields, Harare made headlines after she walked from her residence to the Highlands Presbyterian Church to drop off assorted relief items to cyclone victims.",rescue_volunteering_or_donation_effort,cyclone_idai_2019,cyclone_idai_2019_test
386,1108731048467288066,"Cyclone #Idai s impact overview for Mozambique, Zimbabwe, which left over 250 people dead in both countries.. #EU humanitarian aid released for emergency needs @wfp_mozambique @CopernicusEMS @euinzim",injured_or_dead_people,cyclone_idai_2019,cyclone_idai_2019_test
646,1108371310487523329,"#CycloneIdai flood waters, heavy rain &amp; damage to roads, bridges and communications hamper aid effort. Oxfam is there:  For interviews pls contact: Stewart Muchapera +263772426952 #Idai",infrastructure_and_utility_damage,cyclone_idai_2019,cyclone_idai_2019_test
129,1110738341710962689,"#CycloneIdai Emergency Response Update Ὢ8 Chlorine, tents, electricity kits and antibiotics are just some of the items in a massive emergency shipment that we are sending to #Beira, #Mozambique.",rescue_volunteering_or_donation_effort,cyclone_idai_2019,cyclone_idai_2019_dev
390,1107982173259382784,90% OF BEIRA DESTROYED BY CYCLONE: In Mozambique close to 1000 people are feared dead in what could be Southern Africas deadliest cyclone to date. Rescuers are still searching for survivors. The Mozambiquen President @FilipeNyusi said more help is on the way.,infrastructure_and_utility_damage,cyclone_idai_2019,cyclone_idai_2019_test
313,1108599662238404608,What happens to #animals during natural disasters? Rescue missions and evacuations should focus on both humans and animals #CycloneIdai @MoveTheWorldCA @AuraFreeman @RoarWN @WildlifeAtRisk @action4ifaw @PESLawyers @zimellies @funky_blondie,rescue_volunteering_or_donation_effort,cyclone_idai_2019,cyclone_idai_2019_dev
44,1110499193775443968,"People here died in the trees because there was no support. Even today, there were dead bodies in the trees because there is no support. The residents of a remote village in Mozambique are still waiting for help, ten days after Cyclone Idai devastated the country",injured_or_dead_people,cyclone_idai_2019,cyclone_idai_2019_dev
130,1108725101120372736,"Many displaced people whose houses were damaged or destroyed by #ClycloneIdai are taking shelter in schools around Beira. Access to basic needs, like food, is limited as the city remains cut off from main supplies. More on the situation in #Mozambique:",infrastructure_and_utility_damage,cyclone_idai_2019,cyclone_idai_2019_test
197,1108348481725497346,"We are grateful to the donations whether in cash or kind that you have given thus far. Thank you so much for assisting our brothers, sisters, fathers and mothers through our disaster relief department. together we can make a difference #CycloneIdaiZW #CycloneIdai #humanitarian",rescue_volunteering_or_donation_effort,cyclone_idai_2019,cyclone_idai_2019_test
152,1110850707245187075,RT @DairibordLtd: The Dairibord Team handing over #cycloneidai donations.,rescue_volunteering_or_donation_effort,cyclone_idai_2019,cyclone_idai_2019_dev
210,1107617045200416774,We all can make a difference towards the #cycloneidai disaster relief #cycloneidai #chimanimanicyclone #cyclonezw,rescue_volunteering_or_donation_effort,cyclone_idai_2019,cyclone_idai_2019_dev
47,1111128396459896837,#CycloneIDAI Current state of a Detour Road to Chimanimani making it challenging for Food Items and Non-Food items to reach those in need of #assistance. #HumanitarianAssistance #Cycloneidai,rescue_volunteering_or_donation_effort,cyclone_idai_2019,cyclone_idai_2019_dev
157,1107419813855617026,Donate donate donate #3mob #cycloneIdai,rescue_volunteering_or_donation_effort,cyclone_idai_2019,cyclone_idai_2019_test
156,1106829885807448065,Our hearts and thoughts with the people of #Beira #Mozambique following the devastation of #CycloneIdai❤️ #moçambique #cyclone #thoughtsandprayers,sympathy_and_support,cyclone_idai_2019,cyclone_idai_2019_test
238,1107898987619729408,"#GetUpAndDoSomething on #TheIgnition this morning with @TeeKayZim @ChrissGreyZW and @MarcPoz. Remember we are kindly appealing to members of the public to drop off your donations for the #CycloneIDAI Disaster Relief effort at 7 Kenilworth Road, Newlands, Harare. #ZiFMCares",rescue_volunteering_or_donation_effort,cyclone_idai_2019,cyclone_idai_2019_test
500,1111704528263380992,Please thank the @UKinZimbabwe @UKinMozambique @UKinMalawi teams who have been working flat out to bring relief after #CycloneIdai @DFID_UK too &amp; @decappeal and everyone else #Teamwork,rescue_volunteering_or_donation_effort,cyclone_idai_2019,cyclone_idai_2019_test
644,1108978725805309952,"Rescue, Relief Efforts Underway in Cyclone-Hit Mozambique  #NBSUpdates #NxtRadioUg",rescue_volunteering_or_donation_effort,cyclone_idai_2019,cyclone_idai_2019_test
385,1110916095760887809,Calling South African business to join us in supporting relief efforts following the devastating effects of Cyclone Idai. See how to contribute here: . #CycloneIdai #Naspers #DIRCO #GiftoftheGivers #CycloneIdaiHumanitarian2019,sympathy_and_support,cyclone_idai_2019,cyclone_idai_2019_dev
202,1113148162104004608,"Wow, thanks to your donations the DEC and its 14 member charities have now raised £25 million to help people affected by #CycloneIdai. Thank you! Ἴ5 Its going to take a huge effort to help the region recover, and you can still donate here:",rescue_volunteering_or_donation_effort,cyclone_idai_2019,cyclone_idai_2019_dev
771,1110451733845688320,The cargo ship filled with donations mobilized by Unidos pela Beira has arrived in Beira. Solidariedade - juntos somos mas.,rescue_volunteering_or_donation_effort,cyclone_idai_2019,cyclone_idai_2019_test
424,1110829489381093376,Not to Ὀ1ἿB‍♀️ and anyways I couldn’t because I’m actually exhausted but please do donate - help us help the most vulnerable people recover from this terrible tragedy! #CycloneIdai #SavingLivesChangingLives,rescue_volunteering_or_donation_effort,cyclone_idai_2019,cyclone_idai_2019_test
375,1107521435008929792,"Romans 12:15 - mourn with those who mourn. We pray for the victims of #CycloneIdai, for the bereaved &amp; the displaced families. We pray for the rescue efforts to come to fruition. Oh Lord we cry to you in the Name of Jesus, amen!",sympathy_and_support,cyclone_idai_2019,cyclone_idai_2019_test
359,1111709190798610432,"I know this place very well, what it looked like before &amp; the limitations of accessing water &amp; sanitation” Norman works for @DFID_UK ἟F἟C &amp; is from Chimanimani.He is helping to coordinate the response to #CycloneIdai, &amp; seeing the difference that #UKaid is making #HometownHero",rescue_volunteering_or_donation_effort,cyclone_idai_2019,cyclone_idai_2019_test
274,1111187024172716032,"Today in #Mutare, #TeamTourism &amp; partners handed over donations for survivors of #CycloneIdai to the Minister of State for #Manicaland Province Dr E Gwaradzimba &amp; Deputy Min of Local Gvt J Mhlanga. ZTAs Mr R Machigere led the delegation. #CycloneIdai #EasternHighlands",rescue_volunteering_or_donation_effort,cyclone_idai_2019,cyclone_idai_2019_dev
363,1107606637060214785,#CycloneIdai: President Emmerson Mnangagwa says the country’s special forces are doing all they can to carry out rescue operations in areas affected by Cyclone Idai. He said the country is deeply grieved by the loss of lives and the destruction left by Cyclone Idai,rescue_volunteering_or_donation_effort,cyclone_idai_2019,cyclone_idai_2019_test
51,1106839592228016128,#CycloneIdai The is some real damage in my area (Villages around Nyika GP) so far I know 2 huts collapsed no one was hurt.,infrastructure_and_utility_damage,cyclone_idai_2019,cyclone_idai_2019_test
718,1107081941533290497,"If youre here, b grtful. Each and everyday Im reminded of Gods grace. Theres someone out there whod kill to have what u have. Theyd give it all to swap lives with you. Asokuhlakanipha kwethu but Gods favour Lets pray for #CycloneIdai victims. Blessed Sunday yallὤFἿD",sympathy_and_support,cyclone_idai_2019,cyclone_idai_2019_test
423,1109056155932856320,"My heart goes out to all the people across Mozambique, Zimbabwe &amp; Malawi who have been affected by Cyclone Idai. This is a wake up call for governments to take urgent action to stop climate change. We need leaders to do their job and protect us.",sympathy_and_support,cyclone_idai_2019,cyclone_idai_2019_test
40,1108366623948374016,"Cyclone Idai has compromised clean water supplies in the affected areas. This is why we are making a donation of mineral water, soap and sanitary pads to assist relief efforts.Our thoughts and prayers go out to those affected by this natural disaster. #cycloneidai",rescue_volunteering_or_donation_effort,cyclone_idai_2019,cyclone_idai_2019_test
264,1109072506391064577,@PTChimusoro look at these fellas helping. I hope for more of the same and I am sure this means the world to the victims,rescue_volunteering_or_donation_effort,cyclone_idai_2019,cyclone_idai_2019_dev
554,1107488466676391938,RT @ZiFMStereo: #CycloneIDAI Delay travel where heavy rains are forecast.,caution_and_advice,cyclone_idai_2019,cyclone_idai_2019_test
83,1109745562604195840,"Today, President @edmnangagwa attended a church service at the Mabelreign #Methodist Church in Zimbabwe as he paid homage to the victims of #CycloneIdai. #IdaiCyclone @InfoMinZW",sympathy_and_support,cyclone_idai_2019,cyclone_idai_2019_test
466,1110616267264876544,Ha ha hano opportunity for real looters. They cant even mobolise jecha to build new houses and infrastructure destroyed by #cycloneIdai,infrastructure_and_utility_damage,cyclone_idai_2019,cyclone_idai_2019_test
719,1107191508199829505,My heart goes out to those whove lost loved ones and those who are missing. Strength to all the brave people already involved in rescue missions today in very difficult conditions in Eastern Zimbabwe.,sympathy_and_support,cyclone_idai_2019,cyclone_idai_2019_test
137,1111229566020972544,#sabcnews : Mining magnate and @MotsepeFoundtn founder Patrice Motsepe and Dr Precious Moloi-Motsepe have also jetted into #Mozambique for #CycloneIdai relief aid donations #cyclonedonations,rescue_volunteering_or_donation_effort,cyclone_idai_2019,cyclone_idai_2019_test
133,1113345733846020096,"Great @skynews piece about the aid, being provided to the #cycloneIdai Survivors. The ἞C἞7 is one of the biggest contributors to the relief response to #cycloneidai in Mozambique. @skynews @dfid_uk @cateturton @WFP_mozambique @tvmiranar",rescue_volunteering_or_donation_effort,cyclone_idai_2019,cyclone_idai_2019_dev
161,1107870402112557056,"A cyclone killed at least 84 people in Mozambique and 89 in Zimbabwe. Mozambique’s president predicts the death toll could rise to 1,000 and says he saw bodies floating in rivers while flying over the town of Beira. (Photo: AFP/Mission Aviation Fellowship/Rick Emenaket)",injured_or_dead_people,cyclone_idai_2019,cyclone_idai_2019_test
351,1107388130854948864,"For those who doubted @nickmangwana’s video of the bus stuck in #Chipinge I saw it, it’s stuck in mushy tar, the road is broken so it’s gonna be stuck for a while &gt;&gt;&gt; Zimbabweans struggle with storm floods | Al Jazeera #CycloneIdai",infrastructure_and_utility_damage,cyclone_idai_2019,cyclone_idai_2019_dev
321,1110103073647742977,Extremely heavy rains in lower Shire River districts of Chikwawa &amp; Nsanje in #Malawi’s far south has been compounded by further rains from last week’s #CycloneIdai. The rain has caused severe flooding in 14 of Nsanje’s 28 districts.- Relief Web,caution_and_advice,cyclone_idai_2019,cyclone_idai_2019_test
57,1108606939255263232,RT @ZiFMStereo: Big thank you to our very own @iMisred for donating and supporting the #Cycloneidai relief. #ZiFMCares,rescue_volunteering_or_donation_effort,cyclone_idai_2019,cyclone_idai_2019_dev
216,1108433888408494089,Please pray &amp; Help out people in Southern Africa in any way possible now after #CycloneIdai has affected over 1.5 Million people! ❤️,sympathy_and_support,cyclone_idai_2019,cyclone_idai_2019_dev
598,1111192823414616065,"Restoring access to safe drinking water for Beira’s 500,000 inhabitants was a top priority,” said Chris Cormency, UNICEF’s water, sanitation and hygiene (WASH) specialist. &gt;&gt;  #CycloneIdai",infrastructure_and_utility_damage,cyclone_idai_2019,cyclone_idai_2019_test
666,1108416152437514241,"This is the destruction caused by Cyclone Idai in Mozambique. There are fears it may have killed more than 1,000 people. More on the storms destruction here:",injured_or_dead_people,cyclone_idai_2019,cyclone_idai_2019_test
311,1111867528765153280,#StCharlesLuwanga boarding pupils are all refusing to return after a #CycloneIdai induced landslide killed two of their colleague and a school staffer. 52 students and 4 teachers have died across #Chimanimani @ZimExplorer @InfoMinZW @normatsopo,injured_or_dead_people,cyclone_idai_2019,cyclone_idai_2019_test
253,1108398869904273408,Great that our partners in Zimbabwe pull together and coordinate effort to support victims of the Cyclone @UNFPA_Zimbabwe @SwedeninZW @verena_bruno @UNZimbabwe,rescue_volunteering_or_donation_effort,cyclone_idai_2019,cyclone_idai_2019_test
331,1107624897566650370,"Prisoners at Mutimurefu , also victims of #CycloneIdai, as the winds blew off the roofs of four cells at the prison",infrastructure_and_utility_damage,cyclone_idai_2019,cyclone_idai_2019_dev
247,1107975648952360960,⚠️UPDATE: We stand at RTGS$207.49 as of 1000Hrs this morning #CycloneIdai. Thank You to EVERYONE who has managed to donate! One Dollar Can Save A Life! #WeAreUnited CASHOUT Code: 98799 Name: Manchester United Supporters #MUFC #GGMU #ManUtdZim,rescue_volunteering_or_donation_effort,cyclone_idai_2019,cyclone_idai_2019_dev
263,1107254663081066496,@bmusonza In Mozambique everyone saw the level of damage the cyclone caused so common sense shld jst hv told him tht t aint no joke stop defending wats wrng is wrng simple ths bootlickng wl nt get us anywhere in Zim..pfungwa ngadzishande zvadzakasikirwa,infrastructure_and_utility_damage,cyclone_idai_2019,cyclone_idai_2019_dev
193,1112883653741248512,"Pontagea Health Centre in Beira, #Mozambique, was partially destroyed by #CycloneIdai, with many services such as paediatrics and full maternity no longer available. Many medical supplies were lost or damaged.",infrastructure_and_utility_damage,cyclone_idai_2019,cyclone_idai_2019_test
450,1109741671720386560,Day 2 of National mourning. Being Sunday my prayers and thoughts with victims of #cycloneidai My thanks goes to all well wishers who let out a helping hand not just for ἟F἟C but for sister countries ἟2἟C἟2἟F,sympathy_and_support,cyclone_idai_2019,cyclone_idai_2019_test
688,1110896579999920128,1/2 Its sad @mdczimbabwe are politicising the distribution of relief items for victims of #CycloneIdai by issuing political statemetnts to the affected. Their covert mouth piece @PacheduZW twitter frenzy discrediting everything is very saddening,rescue_volunteering_or_donation_effort,cyclone_idai_2019,cyclone_idai_2019_test
122,1108089863809699841,Our thoughts and prayers are with all the families that have suffered the devastating effects of #CycloneIdai .#Mozambique #Malawi #Zimbabwe @vsomozambique. May the spirit of #volunteering observed in the last few days continue in our nation. @VSOPeople @VSO_Intl,sympathy_and_support,cyclone_idai_2019,cyclone_idai_2019_test
150,1108475861613903872,Nutrition Action Zimbabwe is calling out for donations for the #cycloneIdai victims. Donate and save #263chat,rescue_volunteering_or_donation_effort,cyclone_idai_2019,cyclone_idai_2019_dev
412,1113500694735200259,"Cyclone Idai killed at least 843 people across Mozambique, Malawi and Zimbabwe. Almost 2 weeks after the disaster: - 112,000 homes destroyed or damaged - Tens of thousands still in camps - Up to 5,000 children separated from families - 1.8M people in urgent need",injured_or_dead_people,cyclone_idai_2019,cyclone_idai_2019_test
421,1107501914227384320,My thoughts and prayers are with those affected by Cyclone Idai. #cycloneidai,sympathy_and_support,cyclone_idai_2019,cyclone_idai_2019_test
224,1110254946836975617,"Just arrived at Harare, Zimbabwe. On the way to #Chimanimani, Mutare to see the devastating impact post #CycloneIdai, where WFP started providing life saving support to around 250K people who are in desperate needs of emergency food and shelters",rescue_volunteering_or_donation_effort,cyclone_idai_2019,cyclone_idai_2019_test
311,1107948884041613312,"Press release 19th March, 2019 UK to provide up to £6 million of UK aid to support victims of deadly cyclone in Malawi, Mozambique and Zimbabwe DFID will provide up to £6 million of UK aid to send humanitarian",rescue_volunteering_or_donation_effort,cyclone_idai_2019,cyclone_idai_2019_dev
409,1107593919263576065,RT @chengem75: Donations for victims of #CycloneIdai are coming in. PLEASE SEND YOUR DONATIONS TO @ZiFMStereo,rescue_volunteering_or_donation_effort,cyclone_idai_2019,cyclone_idai_2019_test
271,1112640767967797248,Destruction caused by #CycloneIdai bares ruinous impacts of disasters on #Landlocked #LCDs. #Malawi is running out of #FamilyPlanning supplies after floods that destroyed Beira Port in #Mozambique. @UNFPAMalawi @UNFPA_ESARO @UNOHRLLS @GirlGuidesMw @MalawiGovt @FPAM_ @MalawiUNICEF,infrastructure_and_utility_damage,cyclone_idai_2019,cyclone_idai_2019_test
19,1106821429608226816,"#CycloneIdai hits Chimanimani, destroying and sweeping away over 10 houses at Ngangu high density suburb Friday midnight. Rusitu valley also affected by floods, with proceeding to higher ground for their safety.",infrastructure_and_utility_damage,cyclone_idai_2019,cyclone_idai_2019_test
206,1110486960655794177,"Its a sad story, my college mate died together with his wife and two children #cycloneidaiὢ2ὢ2ὢ2. Its painful. We have been robbed!",injured_or_dead_people,cyclone_idai_2019,cyclone_idai_2019_test
399,1107648876901818368,"We have packed the stuff and now waiting for a truck to pick the stuff at 2PM. Thanks to @citezw staff for helping. We received about 15 bales of clothes, medical gloves, 2x boxes of Glocose Meter , 10x 10kg meal meal, sugar beans, water, mazoe , Mahawu. #Asakhe #cycloneidai",rescue_volunteering_or_donation_effort,cyclone_idai_2019,cyclone_idai_2019_test
661,1106905689107169280,Another serious disaster in Zimbabwe #CycloneIdai 40 people confirmed dead @InfoMinZW @ndiL3O @myzimbabwenews @MathandaNcube @263Chat @NewZimbabweCom,injured_or_dead_people,cyclone_idai_2019,cyclone_idai_2019_test
141,1107553697381449728,"We are deeply saddened by the tragic loss of lives, injuries &amp; destruction caused by #cycloneIdai. Afrosoft Holdings is calling for all well-wishers to donate towards the natural disaster through the Organizations detailed below. Our Prayers go out to all the people affected.",sympathy_and_support,cyclone_idai_2019,cyclone_idai_2019_test
115,1106514364608200705,RT @UlrichJvV: My deep thoughts are with people of Mozambique. May you please be safe. ὤF #CycloneIdai,sympathy_and_support,cyclone_idai_2019,cyclone_idai_2019_dev
462,1113068685189476353,"FAWUZ salutes Zambian on the donation of $400K worth of medical supplies and medicines to cyclone IDAI hit areas of Mozambique, Malawi and Zimbabwe. Humanitarian aid is a symbols of our humanity and compassion in times of grief, loss and trouble. FAWUZ&amp; Zambia Mourns with you",rescue_volunteering_or_donation_effort,cyclone_idai_2019,cyclone_idai_2019_test
26,1110237231502057480,"The EU has provided a helicopter for the #CycloneIdai relief effort - and today, it started its three week operation under the auspices of the World Food Programme to move relief goods, injured survivors and",rescue_volunteering_or_donation_effort,cyclone_idai_2019,cyclone_idai_2019_test
132,1108241975084490752,I am proud of @MSF_Zimbabwe. We worked so well together in Tsholotsho after the area was affected by Cyclone Dineo. Your efforts are well appreciated.,sympathy_and_support,cyclone_idai_2019,cyclone_idai_2019_test
521,1111164098325172224,RT @JonalphKadurira: #CycloneIdai Who should distribute the Relief Aid?,rescue_volunteering_or_donation_effort,cyclone_idai_2019,cyclone_idai_2019_test
597,1112292437161099264,"Crops have been devastated. Some 670,000 hectares thought to have been destroyed. Food was already scarce before #CycloneIdai. It came just before the harvest was due. Real risk of famine in the region in the months ahead.",infrastructure_and_utility_damage,cyclone_idai_2019,cyclone_idai_2019_test
283,1108293102589104128,1/3Victoria Falls rafting guides leaving this evening for Chimanimani and surrounding areas to assist with the ongoing rescue efforts following the devastation caused by cyclone Idai. These brave men are trained to work in turbulent water. #VictoriaFalls #CycloneIdai #Zimbabwe,rescue_volunteering_or_donation_effort,cyclone_idai_2019,cyclone_idai_2019_test
755,1109040666712199170,"#Mozambique: #Tussana Ngome, #Manica province - flash floods from #CycloneIdai killed at least 24 and displaced 220 families 1/3",injured_or_dead_people,cyclone_idai_2019,cyclone_idai_2019_test
544,1109454892576452609,"As the sun sets, a 2nd truck is loaded and ready to head out! Thank you to everyone who donated goods help those affected by #CycloneIdai Lets continue to mobilise our efforts and support our fellow Zimbabweans ἟F἟CᾑDἿD",rescue_volunteering_or_donation_effort,cyclone_idai_2019,cyclone_idai_2019_test
280,1109155724096081921,Government says the death toll in the Kampepuza accident has risen to 19 Culled from Malawi24 #Malawi #CycloneIdai #FridayFeeling,injured_or_dead_people,cyclone_idai_2019,cyclone_idai_2019_test
276,1107982314607394816,"Today, I express my gratitude all the members of the police and army as well as other partners involved in the rescue efforts. We never know your names, but we understand the risk you are taking to save our fellow countrymen and women #CycloneIdai #HopeSpringsEternal #Ngiyabonga",sympathy_and_support,cyclone_idai_2019,cyclone_idai_2019_test
9,1109455275835224064,#CycloneIdai @NAYOZimbabwe mobilising youth to assist #LeaveNoYouthBehind,rescue_volunteering_or_donation_effort,cyclone_idai_2019,cyclone_idai_2019_dev
121,1023739545878228992,RT @CTVMontreal: Montrealers raising funds for those affected by wildfires in Greece,rescue_volunteering_or_donation_effort,greece_wildfires_2018,greece_wildfires_2018_test
105,1024034173433143296,"Athenians hold vigil at Syntagma Sq to honour the victims of the dearly wildfire in #Mati, #Greece. ἞C἟7 Photo by @fdespo | #πυρκαγιες #Ματι",sympathy_and_support,greece_wildfires_2018,greece_wildfires_2018_dev
294,1022538299364270080,#Seajets to Support #Attica #Fire Victims with Funds  #Greecewildfires #wildfires #travel #ttot #Greece,rescue_volunteering_or_donation_effort,greece_wildfires_2018,greece_wildfires_2018_test
27,1021799419681878017,Ὥ1Please DONATE to support those who suffered an unprecedented catastrophe: Ὥ1Municipality of Rafina-Pikermiou created a Bank Account. Ὥ1IBAN: GR20 0172 1860 0051 8609 2291 418 #πυρκαγια #PrayforGreece #PrayForAthens #φωτιές #πυρκαγιες,rescue_volunteering_or_donation_effort,greece_wildfires_2018,greece_wildfires_2018_test
157,1023162028528201730,"Another tragic story from #GreeceFires: the twin girls, whose father initially thought he’d seen them alive on TV, are found among the dead, their bodies locked in an embrace with their grandparents.",injured_or_dead_people,greece_wildfires_2018,greece_wildfires_2018_test
190,1021742694299852800,Our thoughts and prayers are with all of Greece,sympathy_and_support,greece_wildfires_2018,greece_wildfires_2018_test
178,1022746412428218369,RT @TheSun: Brit mum’s tearful call home as she swam for her life from Greece wildfires,sympathy_and_support,greece_wildfires_2018,greece_wildfires_2018_test
133,1021843810140213250,Greece wildfires: 74 dead in unspeakable tragedy Tragedy beyond words ὢ2,injured_or_dead_people,greece_wildfires_2018,greece_wildfires_2018_test
58,1021742620249403392,More than 60 people dead officials say nowmany children died in their mothers arms No words to describe this devastating loss ὢ2 #Πυρκαγια #Greece #Greecefires #Grecia,injured_or_dead_people,greece_wildfires_2018,greece_wildfires_2018_dev
181,1022958973123788801,"SPREAD THE WORD/RETWEET! Join @Unboxholics fundraiser live on #Twitch ( @Twitch ) as they raise money for the victims of the Attica Wildfires in Greece! #PrayForGreece #PGI #PUBG #Charity Every donation counts, make a difference! @ChocoTaco @THEvsnz @I_Am_Halifax @PUBG",rescue_volunteering_or_donation_effort,greece_wildfires_2018,greece_wildfires_2018_test
56,1025564805040467968,"Hey #CryptoTwitter, We can help those affected by the Greek Fires with Ohmcoins new AOK (Acts of Kindness) #Campaign Check out this short article for more info.  Our Hearts with #Greece and the tragedies of the #Greecefires",rescue_volunteering_or_donation_effort,greece_wildfires_2018,greece_wildfires_2018_dev
17,1022592305709154305,RT @SkyNews: #Greece wildfires: Thanos Katsardyirs believes his father perished inside a car whilst trying to escape the blaze,injured_or_dead_people,greece_wildfires_2018,greece_wildfires_2018_test
148,1022392612853088256,"#MATI #WILDFIRES #GREECE #PrayForGreece Before and after.nature will heal itself and in 15 years the picture will be prettier.but the loss of people, children, infants is something I wish we do not live again. This pain and their stories must not be forgotten.",sympathy_and_support,greece_wildfires_2018,greece_wildfires_2018_dev
67,1026128604697165824,Greek fire death toll rises,injured_or_dead_people,greece_wildfires_2018,greece_wildfires_2018_test
217,1025047204740907008,The #wildfire situation at Geraneia in #Greece on 30 July is assessed in these latest maps from @CopernicusEMS:  The maps use SPOT 6 and 7 images to identify areas that have been burnt or damaged.,infrastructure_and_utility_damage,greece_wildfires_2018,greece_wildfires_2018_test
263,1023874745157083136,Dead body of actress Chrysa Spilioti identified among victims of east Attica fire,injured_or_dead_people,greece_wildfires_2018,greece_wildfires_2018_test
72,1021845244609011712,#Greece wildfires: Survivors fled to sea as flames kill. #EUCivPro activated in support of ἞C἟7#Athens. ἞A἟A#EUSolidarity is in action as #ERCC sends rescue crews &amp; equipment from other #EU member states. #SolidarityWithGreece,rescue_volunteering_or_donation_effort,greece_wildfires_2018,greece_wildfires_2018_test
35,1024344055629717505,Metropolitan Evangelos’ Letter to Collect Aid for Greek Fire Victims  #Greece #news,rescue_volunteering_or_donation_effort,greece_wildfires_2018,greece_wildfires_2018_test
111,1025811998255337474,"@rickygervais A priest said something similar about the deadliest wildfire in Greece that killed more than 100 people and destroyed over 4,000 homes ὢ1. He said it was because we have an atheist Prime Minister",injured_or_dead_people,greece_wildfires_2018,greece_wildfires_2018_dev
66,1023256005755457537,"RT @Reuters: Greece to start burying wildfire victims, government facing criticism",injured_or_dead_people,greece_wildfires_2018,greece_wildfires_2018_dev
43,1022177831059632129,AHI calls for donations to help Greece’s wildfire victims | News,rescue_volunteering_or_donation_effort,greece_wildfires_2018,greece_wildfires_2018_test
52,1021814390675460101,Three days of national mourning for this unspeakable tragedy.The whole country is in shock. Warm condolences to the families of the victims for this great loss.  #FireInGreece #Greece,sympathy_and_support,greece_wildfires_2018,greece_wildfires_2018_dev
232,1025110521689718784,Greece’s Infrastructure Ministry Starts to Allot Financial Aid to Attica Fire Victims,rescue_volunteering_or_donation_effort,greece_wildfires_2018,greece_wildfires_2018_test
75,1025061555229143040,"VICE | Last week, huge wildfires broke out in #Greece. So far, over 90 people have died with 25 still",injured_or_dead_people,greece_wildfires_2018,greece_wildfires_2018_dev
253,1021729014048849920,#UPDATE At least 20 people die and more than 100 are injured as wildfires tear through woodland and villages around Athens,injured_or_dead_people,greece_wildfires_2018,greece_wildfires_2018_test
73,1022043081498157057,So many houses in this state. It’s like an earthquake has hit. Engineers assessing each one to see which need to be torn down completely and which can be saved. #Greecefires,infrastructure_and_utility_damage,greece_wildfires_2018,greece_wildfires_2018_dev
42,1024045051817717760,"People attend a candlelight vigil in front of the Greek parliament in Athens to commemorate victims of the countrys worst ever wildfires, which have claimed at least 91 lives",sympathy_and_support,greece_wildfires_2018,greece_wildfires_2018_dev
238,1021732011646566400,"Wildfires in Greece kill 50 people, injure more than 150. #Greece declared state of emergency. Israel offered Greece aid in combating the fires and has teams ready on stand-by. ἞E἟1἞C἟7 #GreeceFires",injured_or_dead_people,greece_wildfires_2018,greece_wildfires_2018_test
46,1021804433494220800,"RT @business: At least 74 people have been killed in the wildfires near Athens, Greece",injured_or_dead_people,greece_wildfires_2018,greece_wildfires_2018_test
18,1021862532154318850,"My thought goes to the victims, their families and all people affected by the fires in Greece and the floods in Laos ὤF ὖF #Greecefires #LaosDamCollapse",sympathy_and_support,greece_wildfires_2018,greece_wildfires_2018_test
86,1024360553110822917,"2,218 people have generously donated to help the victims of the wildfires in Greece. Can you chip in $5, $25 or $50 to help us keep up the momentum?  #HelpGreeceNow",rescue_volunteering_or_donation_effort,greece_wildfires_2018,greece_wildfires_2018_test
126,1022956933953871872,@MrBeastYT You should donate at this:  Its for the houses-victims that were burnt during a fire in Greece,rescue_volunteering_or_donation_effort,greece_wildfires_2018,greece_wildfires_2018_test
59,1022370266029150209,The death toll from Greeces horror wildfires has risen above 80 as rescue crews search charred homes and cars for those still missing. @Rob7Scott #Greece #7News,injured_or_dead_people,greece_wildfires_2018,greece_wildfires_2018_dev
162,1022465883879432192,"According to #health #ministry reports, eleven burn #victims from #Attica #fires still in #ICUs #GO #AthensFires ἞C἟7",injured_or_dead_people,greece_wildfires_2018,greece_wildfires_2018_test
223,1021858914764292102,I am very sorry and very upset for the wildfire in our beautiful neigbour country Greece. Condolences to the families of the victims. Praying for youὤF#Yunanistan.,sympathy_and_support,greece_wildfires_2018,greece_wildfires_2018_test
153,1022454543861342208,#Breaking There is no one that can not be burned. There is only the one who cannot understand it #PrayForGreece #Πυρκαγια #Greecefires #wildfires #Ματι @EU_Commission,sympathy_and_support,greece_wildfires_2018,greece_wildfires_2018_test
77,1021744433509933056,Greece wildfires: At least 60 killed as death toll expected to rise  #Greece #news,injured_or_dead_people,greece_wildfires_2018,greece_wildfires_2018_test
6,1025323503707467776,"One more #Attica fires victim dies in hospital, further raising death toll - #Greecefires #Greece",injured_or_dead_people,greece_wildfires_2018,greece_wildfires_2018_dev
136,1022151447725649920,"For @YpYgGR: Are there any specific guideline for blood donations by #refugeesGR for those affected by the #wildfires Some hospitals accept such blood donations others dont If there is anything available that can be distributed, it could be very helpful",rescue_volunteering_or_donation_effort,greece_wildfires_2018,greece_wildfires_2018_test
124,1022682234338332672,Greek Officials Find Serious Indications Of Arson In Wildfires That Have Killed Over 80 People,injured_or_dead_people,greece_wildfires_2018,greece_wildfires_2018_test
31,1021934212490911744,My thought and prayers are with Greece! My deepest condolences to the families of the victims #Greecefires #AthensFires #Athens,sympathy_and_support,greece_wildfires_2018,greece_wildfires_2018_test
277,1021829733552664577,RT @CopernicusEU: Our @CopernicusEMS #RapidMappingTeam is at work. Our thoughts are with those affected and with the Greek people /,sympathy_and_support,greece_wildfires_2018,greece_wildfires_2018_test
99,1023796769291943937,"RT @CostasKantouris: Tears, grief at memorial service for #Greek wildfire victims #GreeceFires",sympathy_and_support,greece_wildfires_2018,greece_wildfires_2018_test
143,1021865989435219968,"i started a crowdfunding in order to raise money to buy food and medication for the victims of the fires here in Greece, please help my cause! even if its just by sharing",rescue_volunteering_or_donation_effort,greece_wildfires_2018,greece_wildfires_2018_dev
120,1029291099980873729,Just recently 120+ Greeks died in wildfires and floods but the #Greek leftard govts and the MSMs main preoccupation is if *refugees* are sufficiently comfy,injured_or_dead_people,greece_wildfires_2018,greece_wildfires_2018_test
17,1021855048928845824,"Spent 2 wks on #Rhodes lasst month and have holidayed on many other Greek islands, my heart goes out to all the beautiful people of Greece and to all those affected by the fires #Greece #Greecefires",sympathy_and_support,greece_wildfires_2018,greece_wildfires_2018_dev
21,1022182310895120384,EU states join forces to fight deadly wildfires across Europe  #Greece #news,rescue_volunteering_or_donation_effort,greece_wildfires_2018,greece_wildfires_2018_dev
87,1024271536058978305,The remains of a house gutted by the deadly blaze in #Mati. The number of deaths from the worst wildfires in #Greece for more than a decade has risen to 92.,injured_or_dead_people,greece_wildfires_2018,greece_wildfires_2018_test
65,1022924713339826177,Volunteer divers search the sea for Greek fire victims  #Greece #news,rescue_volunteering_or_donation_effort,greece_wildfires_2018,greece_wildfires_2018_test
151,1021837585780498433,"AHEPA, HALC Mobilize for Greek Wildfire Emergency Relief  #Greece #news",rescue_volunteering_or_donation_effort,greece_wildfires_2018,greece_wildfires_2018_test
104,1021853112519327744,RT @OccuWorld: Wildfires kill at least 74 in Greece’s ‘Pompeii’,injured_or_dead_people,greece_wildfires_2018,greece_wildfires_2018_dev
2,1021828668300058624,"#Wildfires rage out of control near Athens, leaving 74 deaths up to now, and injuring dozens with missings unclear #PrayForGreece",injured_or_dead_people,greece_wildfires_2018,greece_wildfires_2018_dev
97,1021846113622654981,"Τoday, #Greece mourns dozens of dead people from the #wildfires that broke out because of irresponsible state officials. Our grief is deep and our thought is close to the people who lost everything. The video is from the burned areas, not Syria",injured_or_dead_people,greece_wildfires_2018,greece_wildfires_2018_test
101,1022576581246640138,"The death toll from a fire in Greece inched up to at least 82. Here is video of the devastation, via CBS. #Greecefires",injured_or_dead_people,greece_wildfires_2018,greece_wildfires_2018_dev
227,1022453188451074052,"RT @imlavin: #Greece After wildfires, heavy rains play havoc in Athens’ northern suburbs.",caution_and_advice,greece_wildfires_2018,greece_wildfires_2018_test
126,1022232765704675328,RT @xegnatiaxx: Donate for Greek wildfire victims #Πυρκαγια #Μάτι #Κινετα #Αττικη #PrayForGreece #PrayForAthens,rescue_volunteering_or_donation_effort,greece_wildfires_2018,greece_wildfires_2018_dev
226,1022508175491301376,@Avis_Greece Stands Next to #Greece #Wildfire Victims  #Greecewildfires #MyAvis,sympathy_and_support,greece_wildfires_2018,greece_wildfires_2018_test
25,1028866355137794048,Greek diaspora from US to Australia rallies to help wildfire victims  #Greece #news,rescue_volunteering_or_donation_effort,greece_wildfires_2018,greece_wildfires_2018_dev
98,1021798458326437888,"Such an unspeakable tragedy for Greece. Our thoughts and prayers go to the victims and their families. Unfortunately, the number of deaths has currently risen to 74.",sympathy_and_support,greece_wildfires_2018,greece_wildfires_2018_test
288,1022417835350478849,RT @ikarosm: Incredible. Pilots and crews risking their lives through hurricane-force winds and smoke. #WildFires #Greecefires,rescue_volunteering_or_donation_effort,greece_wildfires_2018,greece_wildfires_2018_test
57,1022266637398028294,"I cant even comprehend the fact that 80+ people have died during the last 48 hours due to the wildfires in Athens Greece and no one gives a fck and ONE famous person overdoses and the whole world is shook,my prayers go to her AND the hundreds of families who lost their loved ones",injured_or_dead_people,greece_wildfires_2018,greece_wildfires_2018_dev
132,1022406289329205249,Irish man killed in Greek wildfires was a ‘selfless volunteer’  #Greece #news,injured_or_dead_people,greece_wildfires_2018,greece_wildfires_2018_dev
62,1022069749902176256,@USEmbassyMNE commends @MeGovernment for offering assistance to @NATO ally #Greece for the devastating wildfires near Mati. Our thoughts and prayers go out to the victims and their families. #WeAreNato,sympathy_and_support,greece_wildfires_2018,greece_wildfires_2018_test
130,1024973197026967558,Radio Hellas 3XY in Melbourne organises radiothon for Greece fire victims  #Greece #news,rescue_volunteering_or_donation_effort,greece_wildfires_2018,greece_wildfires_2018_dev
118,1022034959773655041,Wildfires in Greece have killed at least 74 people. 26 bodies – including children – were found huddled near the top of a cliff. They appeared to be hugging as they died.,injured_or_dead_people,greece_wildfires_2018,greece_wildfires_2018_dev
11,1021794248184791040,"Vast areas around Athens annihilated by wildfires, 60 dead. The #Greek neobolshevik #Syriza gvt once more virtue-signaling, inept and clueless. Shameless and arrogant, leftard bigwigs blame for the tragedy the opposition, the media, the weather, climate change",injured_or_dead_people,greece_wildfires_2018,greece_wildfires_2018_test
149,1021773897342050304,"RT @TIME: Fire service says death toll from forest fires near Athens, Greece increases to 74",injured_or_dead_people,greece_wildfires_2018,greece_wildfires_2018_test
92,1021840597919981568,This is where one of the biggest tragedies happened. It took ~30 minutes for it to spread. You can’t tell me this was climate change OR a faulty generator of a house!! These fires - on 7 different fronts - were man made! #Mati #Fire #PrayForAthens #PrayForGreece,sympathy_and_support,greece_wildfires_2018,greece_wildfires_2018_dev
264,1023001120153784320,"The body count continues to rise in the aftermath of Greeces wildfires this week, and so does criticism of the governments response",injured_or_dead_people,greece_wildfires_2018,greece_wildfires_2018_test
145,1022577858827444243,"Join with us as we pray for Greece. Deadly wildfires have hit seaside areas near Athens, killing more than 70 people and sending thousands fleeing. We pray the peace and protection of God over the people affected by the fires. #PrayForGreece",sympathy_and_support,greece_wildfires_2018,greece_wildfires_2018_test
254,1021852723824787456,"We join you in praying for our fellow Kıvanç fans in Athens, Attica GREECE and all the Greek people affected by this horrific fire. Ὁ9 @ChastityGrace1 @EiriniM -let us hear from you! @kivanctatlitug @KT_Fans #PrayForGreece ὤF #fire #PrayforAthens ἲ7 #PrayForRaın",sympathy_and_support,greece_wildfires_2018,greece_wildfires_2018_test
26,1022035706800164865,#Greecefires OFFICIAL number of dead rises to 79. More than 40 still missing. 4 looters arrested in the affected area. #Attiki #Πυρκαγια #PrayForGreece #pyrkagia #Yunanistan [Photo: @FOSPHOTOS ],injured_or_dead_people,greece_wildfires_2018,greece_wildfires_2018_test
249,1021763580444717062,RT @thetimes: At least 50 dead as fire brings ‘biblical disaster’ on Greece,injured_or_dead_people,greece_wildfires_2018,greece_wildfires_2018_test
84,1021871558749560832,"RT @PMBreakingNews: Breaking: At least 74 people dead and hundreds injured from wildfires near Athens, Greece.",injured_or_dead_people,greece_wildfires_2018,greece_wildfires_2018_dev
150,1022230774777405440,"Death toll of Greek wildfires rises further to 81, despair for those missing  #Greecefires #πυρκαγια #MatiFire #greece",injured_or_dead_people,greece_wildfires_2018,greece_wildfires_2018_test
48,1022064753705930752,"The wildfires that raged through Attica, have left Greece with a devastating aftermath, as the death toll has now risen to 80, hundreds are in critical condition and many still missing.",injured_or_dead_people,greece_wildfires_2018,greece_wildfires_2018_dev
54,1021775991432273920,"The beautiful country of Greece is on fire, literally. 60 people have been burned alive ,others are hurt, devastated. Houses were (and are still burning) burned #PrayforGreece #PrayForAthens Please pray for them❤️἞C἟7 The country is in danger because of arsonὢD",injured_or_dead_people,greece_wildfires_2018,greece_wildfires_2018_dev
183,1024227525495533569,"What could be done with £1000? Well £1000 can buy food, water, emergency bedding or clothes for fire victims who desperately need it. We’ve almost hit £1000, but not quite. Can you help? Thanks.  #hellenicredcross #greece #wildfires #athens #RT",rescue_volunteering_or_donation_effort,greece_wildfires_2018,greece_wildfires_2018_test
70,1022519772435685380,"Rescuers search for victims as Greece wildfire toll hits 81 – BorneoPost Online | Borneo , Malaysia, Sarawak Daily News",rescue_volunteering_or_donation_effort,greece_wildfires_2018,greece_wildfires_2018_test
58,1022821045802295297,"@cryptovenus We all know that as much money as we can raise, we will not be able to alleviate the pain of our fellow human beings. We will just show the need for solidarity and mutual assistance. I wish we Wouldnt live this pain again.#Greecewildfires #bitcoin #Ethereum #xrp #BitcoinCash",sympathy_and_support,greece_wildfires_2018,greece_wildfires_2018_test
44,1022048685369319425,RT @maria_papathan: Retweet - Share - Help #Greece #Greecefires #Πυρκαγια #volunteers,rescue_volunteering_or_donation_effort,greece_wildfires_2018,greece_wildfires_2018_test
7,1021776798479249408,RT @Fenerbahce_EN: Our thoughts are with all those affected by the devastating fire in #Greece. #PrayForGreece ἟9἟7 ἞C἟7,sympathy_and_support,greece_wildfires_2018,greece_wildfires_2018_dev
229,1021725486614028289,"Over 50 dead, over 180 injured and 100+ missing from the fire in Athens, Greece please for my country #PrayForGreece #Greecefires #PrayForAthens",injured_or_dead_people,greece_wildfires_2018,greece_wildfires_2018_test
149,1021860719434842112,My heart goes out to all affected by the disastrous fires in our beloved Greece. Our thoughts and prayers are with you dear friends in Hellada.἞C἟7἞C἟7἞C἟7ὤFἿB#PrayForGreece #Greecefires #PrayForAthens,sympathy_and_support,greece_wildfires_2018,greece_wildfires_2018_dev
95,1022257959445979137,Greek wildfires toll rises to 81 amid search for survivors #Greece #Athens,injured_or_dead_people,greece_wildfires_2018,greece_wildfires_2018_test
135,1021778931983310851,"RT @YanniKouts: Death toll from Attica wildfires rises to 74; More than 3,000 homes completely or severely damaged. #Greece #Πυρκαγια",injured_or_dead_people,greece_wildfires_2018,greece_wildfires_2018_test
5,1023258991160446977,#Solidarity messages from #Refugees to the victims of wildfire in #Greece: condolence Greece” and we share your pain” Solidarity will win!,sympathy_and_support,greece_wildfires_2018,greece_wildfires_2018_test
88,1022377211335266304,BULLETIN: Tributes paid to Irishman confirmed dead in Greece wildfire; Increased pressure on GAA to host Liam Miller match,sympathy_and_support,greece_wildfires_2018,greece_wildfires_2018_test
16,1021726922387189760,Greece wildfires: - at least 50 killed - more than 100 injured - Greece issues appeal for help - worst recorded wildfires since 2007,injured_or_dead_people,greece_wildfires_2018,greece_wildfires_2018_test
55,1022059852649164800,"‼️⚠️ATTENTION⚠️‼️ I’ve collected everything that has to do with phone numbers, health care centers,actions to help infants who are likely to be in your area and anything relevant. If you need help or you know someone who needs help this’ll help #AthensFires #Πυρκαγιά",rescue_volunteering_or_donation_effort,greece_wildfires_2018,greece_wildfires_2018_test
54,1029442958599311361,"The Pakistani community again on the front line of helping the fire victims - Sends volunteers to Rafina, Marathon and Megara:.. (via lifo gr)",rescue_volunteering_or_donation_effort,greece_wildfires_2018,greece_wildfires_2018_test
241,1022133464638935041,"Very happy and proud to see @bogrinho helping others in need during the horrible fire in Greece. Without anybody knowing he went himself and bought medicine, food and water. He packed his car and went to the place where people are suffering from the big fires in Athens. Bravo.",rescue_volunteering_or_donation_effort,greece_wildfires_2018,greece_wildfires_2018_test
50,1022045846781808640,"There is nothing could describe my feelings. Im speechless. Ready for help, anything. May Allah help all survivors. Pray for you and all your lost. #PrayForGreece #PrayForAthens #AthensFires #Πυρκαγιά #Αττική #Μάτι #Ραφήνα #φωτιές #Κινέτα @primeministergr @tsipras_eu @govgr",sympathy_and_support,greece_wildfires_2018,greece_wildfires_2018_dev
94,1022111160374648838,Three-day mourning in my country. so many souls have fled unfairly because of an arsonist. There are no words about this horror that we are going through these days. We are with the families of the victims. #Greecefires #PrayForAthens,sympathy_and_support,greece_wildfires_2018,greece_wildfires_2018_test
34,1022739847117791233,Greece wildfires that killed 83 suspected as ARSON police reveal as Athens hit by flash floods,injured_or_dead_people,greece_wildfires_2018,greece_wildfires_2018_test
224,1028556269530095616,#Greece Death toll in Athens wildfires rose to 94,injured_or_dead_people,greece_wildfires_2018,greece_wildfires_2018_test
10,1025179460239335424,RT @HuffPostCanada: Rescuers find dog in outdoor oven hiding from Greece wildfires,rescue_volunteering_or_donation_effort,greece_wildfires_2018,greece_wildfires_2018_dev
194,1022761068031029248,@aantonop @polemitis @LefterisJP Your support can be invaluable! Join this cause. I m making myself a crypto-gateway to donate to the Greek wildfire victims. Your endorsment can be huge to the crypto community. $BTC $ETH #Πυρκαγια #wildfires #Greece #cryptocurrency,rescue_volunteering_or_donation_effort,greece_wildfires_2018,greece_wildfires_2018_test
289,1022395843763220480,Please Donate #Greecefires,rescue_volunteering_or_donation_effort,greece_wildfires_2018,greece_wildfires_2018_test
171,1022207526480355329,Rescuers continue search for survivors in deadly GREECE wildfires  #Greece #news,rescue_volunteering_or_donation_effort,greece_wildfires_2018,greece_wildfires_2018_test
28,1021725129779367936,"We express our deepest condolences and sympathies to the families of the victims of the wildfires near Athens. Foreign Minister Çavuşoğlu contacted his Greek counterpart, Foreign Minister Kotzias and offered the assistance of Turkey.",sympathy_and_support,greece_wildfires_2018,greece_wildfires_2018_test
236,1021973454034280448,Greece wildfires: Tourists killed after deadliest blaze to hit country in a decade  #Greece #news,injured_or_dead_people,greece_wildfires_2018,greece_wildfires_2018_test
78,1021728175682973697,"SOS. National bloodbank, besides normal blood donation at hospitals is organising a voluntary blood donation at syntagma metro station. Needs donors and volunteers.",rescue_volunteering_or_donation_effort,greece_wildfires_2018,greece_wildfires_2018_test
244,1022658096487776256,"Wildfires Hit Attica, State of Emergency Declared",caution_and_advice,greece_wildfires_2018,greece_wildfires_2018_test
11,1021727194656256000,"Noone in Greece is without a heavy heart today. Human lives were lost, animals burnt, houses &amp; lifetime savings gone to ashes. Thank you all friends &amp; colleagues for your thoughts and nice words. They mean so much here, what with the black skies and smell and sadness. #wildfires",sympathy_and_support,greece_wildfires_2018,greece_wildfires_2018_dev
250,1021783651892310016,"I saw corpses, one woman said. Greece has declared three days of national mourning after wildfires near Athens killed at least 50 people.",injured_or_dead_people,greece_wildfires_2018,greece_wildfires_2018_test
76,1022074311685877760,Horrible tragedia en Grecia a causa de los incendios forestales. BBC News - Greece wildfires: 60 dead in holiday area,injured_or_dead_people,greece_wildfires_2018,greece_wildfires_2018_test
268,1023080282801561600,"Dear administrator, @Twitter, as you may be aware, the recent wildfires in Athens, Greece, had a death toll of nearly 100 people. Today, two 9 year-old, twin girls were found dead, and the account below is posting abusive tweets with regards to their death. Please take action.",injured_or_dead_people,greece_wildfires_2018,greece_wildfires_2018_test
213,1021735430742523904,"This is the deadliest wildfire, since 2007 in Greece. To my Greek mutuals, if possible, help. A single pack of lentils or macaroni, can be vital to those who’ve lost everything!",rescue_volunteering_or_donation_effort,greece_wildfires_2018,greece_wildfires_2018_test
61,1021905234602459136,.@ScottMorrisonMP on the wildfires in Greece: We stand with everyone who has been effected by these fires. Australians can be ensured that the government will provide whatever responses are appropriate. MORE:  #SkyLiveNow,sympathy_and_support,greece_wildfires_2018,greece_wildfires_2018_dev
82,1022033591923077123,Click here to support Greece Wildfire Relief Campaign organized by Hellenic American Leadership Council,rescue_volunteering_or_donation_effort,greece_wildfires_2018,greece_wildfires_2018_test
197,1022019539997999108,Terrible scenes and news from Greece as the full consequences of the wildfires become known. I cannot imagine the horror and my sympathies go to the people of Matti and @GreeceinUK. BBC News - Greece wildfires: Search continues after at least 74 killed,sympathy_and_support,greece_wildfires_2018,greece_wildfires_2018_test
122,1022264117976084481,Well pick up the pieces and mend our hearts #wildfiresgreece #humandisaster #wildfires #greece #summerfires #atticaregion #rafina #neveragain #prayforgreece,sympathy_and_support,greece_wildfires_2018,greece_wildfires_2018_test
233,1021770918736154627,"I have never seen such devastating damage caused by the fires in Athens, Greece. It has so far taken 50 lives and reports are saying it will take more. I hope everyone stays safe and secured. #PrayForGreece #PrayForAthens #φωτια",sympathy_and_support,greece_wildfires_2018,greece_wildfires_2018_test
134,1022438756891148288,".@SarahTheDuchess , Duchess of York pledges to help #Attica #fire #victims in meeting with @ElenaKountoura #GO #PrayForGreece #PrayForAthens #AthensFires ἞C἟7",rescue_volunteering_or_donation_effort,greece_wildfires_2018,greece_wildfires_2018_dev
117,1022517049476767744,Burned-out homes searched after dozens die in GREEK wildfires  #Greece #news,infrastructure_and_utility_damage,greece_wildfires_2018,greece_wildfires_2018_test
79,1022000464232112129,Love and Prayers for Greece. My heart goes out to everyone affected. S’agapo Ellada ❤️἞C἟7ὤFἿC#PrayforGreece #PrayforAthens,sympathy_and_support,greece_wildfires_2018,greece_wildfires_2018_test
167,1025187487700934656,Popular NYC GREEK Restaurant to Donate Sales for Wildfire Relief  #Greece #news,rescue_volunteering_or_donation_effort,greece_wildfires_2018,greece_wildfires_2018_test
92,1022477604975271937,#Death #toll from #Greek #fires rises to 83 #GO #PrayForGreece #PrayForAthens #AthensFires ἞C἟7,injured_or_dead_people,greece_wildfires_2018,greece_wildfires_2018_test
228,1021749465579970561,Greek wildfires: Satellite images show extent of the damage  #Greece #news,infrastructure_and_utility_damage,greece_wildfires_2018,greece_wildfires_2018_test
62,1022460394391121921,Donations for Mati’s fire victims fill this local gym. Hundreds of people from across the region have donated food and clothes to those in need. The supplies are sorted then distributed to victims left homeless by the fires. #Greecefires #Mati,rescue_volunteering_or_donation_effort,greece_wildfires_2018,greece_wildfires_2018_dev
153,1021742314392379392,"At least 49 people have died in the worst wildfires to have hit Greece in more than a decade, officials said, with many people near Athens forced to flee into the sea.",injured_or_dead_people,greece_wildfires_2018,greece_wildfires_2018_dev
169,1021860603961454592,High intensity (yellow pixels) of deadly #wildfires in #Greece ἞C἟7and around the #Aegean from the latest #Copernicus Atmosphere Monitoring Service GFAS analysis  #IIFF #Greecefires,injured_or_dead_people,greece_wildfires_2018,greece_wildfires_2018_test
115,1023518248954941440,"Aid For #Greece Appeal for the victims of the Wildfires in #Athens, Attica, Mati July 2018 #UnitedKingdom",rescue_volunteering_or_donation_effort,greece_wildfires_2018,greece_wildfires_2018_dev
69,1021874027227430912,"Horrible news about #Athens. At least 50 dead in #Greek seaside #wildfires, including 20 huddled near Athens beach. Cannot imagine how it would feel to stand to lose your home, your possessions, loved ones #PrayForAthens #AthensFires",injured_or_dead_people,greece_wildfires_2018,greece_wildfires_2018_test
35,1021802526981668872,The Associated Press - #Greece’s fire department says the death toll from forest fires that raged through seaside resorts near the Greek capital #Athens has increased to 74  #Πυρκαγια,injured_or_dead_people,greece_wildfires_2018,greece_wildfires_2018_dev
16,1021768961468375040,"RT @AFP: #BREAKING Greece wildfires death toll rises to 74, firefighters say",injured_or_dead_people,greece_wildfires_2018,greece_wildfires_2018_dev
87,1021737580193374208,RT @BBCBreaking: At least 50 people now reported dead in Greeces worst wildfires in more than a decade,injured_or_dead_people,greece_wildfires_2018,greece_wildfires_2018_dev
48,1021833117747879936,"Innocent people, children and animals drowned and burnt alive My prayers go to Greece ὤF἟9἟7἞C἟7#Yunanistan #PrayForGreece #PrayforAthen #PrayForAthens",sympathy_and_support,greece_wildfires_2018,greece_wildfires_2018_test
4,1021733998513545217,It brakes my heart to see my country like this. More than 60 dead and 176 injured #PrayForGreece,injured_or_dead_people,greece_wildfires_2018,greece_wildfires_2018_test
142,1023172842484051968,Greece Wildfire Relief Campaign by GoFundMe channel. Lets support people in Greece. #prayforgreece,rescue_volunteering_or_donation_effort,greece_wildfires_2018,greece_wildfires_2018_test
160,1021778661895294976,RT @anadoluagency: #Greece: Death toll from wildfires hits 74,injured_or_dead_people,greece_wildfires_2018,greece_wildfires_2018_test
129,1021784435178565632,Greece Wildfires: • More than 74 people killed • At least 164 adults injured • 47 separate fires recorded over 24 hours,injured_or_dead_people,greece_wildfires_2018,greece_wildfires_2018_dev
275,1022048886398050308,RT @TheopiSkarlatos: Supplies for Greek Wildfires.. how we can help #greece #GreeceFires #GreekFires,rescue_volunteering_or_donation_effort,greece_wildfires_2018,greece_wildfires_2018_test
129,1021805312398053376,"Official and unofficial reports claim close to 100 deaths from the fires in Greece. I cant seem fathom the devastation and the emotions of those who lost friends, relatives, property, and their homes. Its a sad day for Greece ἞C἟7 #Greecefires #Grecia #Greece #Greeceonfire",injured_or_dead_people,greece_wildfires_2018,greece_wildfires_2018_test
139,1021852442361819137,"ὢ2ὢ2ὢ2ὢ2ὢDὢDὢDὢDὢD grecee !! Sooooo sad !! Cry for you !!! #greece἞C἟7 #emergency #fire #solidariety #troika #unioneuropeenne #austerity tonight no post !! I am so sorry ! ὡ5ὢ4ὣ5ὣ1 No word !!! @ Mati,",sympathy_and_support,greece_wildfires_2018,greece_wildfires_2018_test
243,1021725945189883905,"Pray for the people of Greece | Greece wildfires: Dozens killed near Athens, officials say @AJENews  #Πυρκαγια",sympathy_and_support,greece_wildfires_2018,greece_wildfires_2018_test
6,1024605777183559680,"Egyptian fisherman: I saved 23 Greeks, four dogs from wildfires  #Greece #news",rescue_volunteering_or_donation_effort,greece_wildfires_2018,greece_wildfires_2018_test
51,1026012401790054400,Australian firefighters have arrived in Greece and are working with the Greek Fire Brigade on the ground to survey sites at #Mati and assess the impact of the fires.,rescue_volunteering_or_donation_effort,greece_wildfires_2018,greece_wildfires_2018_dev
95,1022817788333883393,"How sad you can see the wild fire you did not expect. the people who are in the corner can not go outside. You can not help but cry ὠ2ὠ5ὠ5ὢ2ὢ2ὢ2 #PrayforGreece @ Glyfáda, Greece",sympathy_and_support,greece_wildfires_2018,greece_wildfires_2018_dev
131,1021835036184768513,Thoughts &amp; prayers to those affected by the #wildfires in #greece and their families . . . @ Greece,sympathy_and_support,greece_wildfires_2018,greece_wildfires_2018_dev
85,1022949878278905856,"Greece is going through a rough period. Due to the wildfire that occurred many lives were lost, many houses and properties were destroyed and many people are still missing or injured. Share this message and raise awareness weather your Greek or not. #PrayForGreece",sympathy_and_support,greece_wildfires_2018,greece_wildfires_2018_dev
187,1021845215785754624,There are many Americans @CALFIRE_PIO @CALFIRE_CHIEF @IAFC ready to assist #Greece @pyrosvestiki battle these fires. Praying that we can activate ASAP,rescue_volunteering_or_donation_effort,greece_wildfires_2018,greece_wildfires_2018_test
231,1026610416988905472,RT @PennyMarathon: #Sydney solidarity walk for #greekstray animal victims of the #Greecefires . Go to Facebook page to #donate please! http,sympathy_and_support,greece_wildfires_2018,greece_wildfires_2018_test
200,1027476827240062976,Thanks to all of you in Australia for your solidarity to the fire victims. Another great initiative of our wonderful Greeks abroad,sympathy_and_support,greece_wildfires_2018,greece_wildfires_2018_test
3,1021863054726909960,Red Cross teams in #Greece are supporting search &amp; rescue efforts and providing first aid to those affected by the wildfires.  (὏8 Nick Paleologos/SOOC),rescue_volunteering_or_donation_effort,greece_wildfires_2018,greece_wildfires_2018_test
182,1022364139363229696,A special account has been opened at the Bank of Greece for the fire victims: IBAN: GR4601000230000002341195169 SWIFT / BIC: BNGRGRAA,rescue_volunteering_or_donation_effort,greece_wildfires_2018,greece_wildfires_2018_test
143,1021799529925025793,"If you live in London and you want to help, check",rescue_volunteering_or_donation_effort,greece_wildfires_2018,greece_wildfires_2018_test
93,1022501443373330432,"Our hearts go out to everyone affected by the devastating wildfires in Greece, including the firefighters doing their best to save lives and property #PrayforGreece @newtownfire",sympathy_and_support,greece_wildfires_2018,greece_wildfires_2018_test
75,1021863324601016321,My thought and prayers are with #Greece my deepest condolences to the families of the victims #Attica #Mati #Πυρκαγιά #Πυρκαγιές #Κινέτα #Μάτι #Ραφήνα #GreeceFires #Athens #Ελλάδα #Αθήνα #Griechenland #Athen Photo via @amna_news #PrayForGreece #Athina #Elláda ἞C἟7἞A἟A,sympathy_and_support,greece_wildfires_2018,greece_wildfires_2018_test
20,1022074062066081792,#Cyprus Cabinet approves €10m in aid for #Greece | #Greecefires,rescue_volunteering_or_donation_effort,greece_wildfires_2018,greece_wildfires_2018_test
136,1021836411325108225,Our thoughts and prayers go with those in pain. We remain in shock by the tragedy caused by the wildfires. Utterly riveting. Let us never forget them ὤF #PrayForAthens #PrayForGreece,sympathy_and_support,greece_wildfires_2018,greece_wildfires_2018_dev
49,1022153670471888899,"With flames still among the trees and smoke coming out from the forests, the fire-fighting planes - offered via #EUCivPro ἞A἟A by our Member States - are helping #Greece ἞C἟7 to contain and stop the fires. #Greece is not alone",sympathy_and_support,greece_wildfires_2018,greece_wildfires_2018_test
291,1022043102373138434,We are afraid  all of our thoughts from last night are black — the words of #Eurovision alum Anna Vissi as Greece endures its worst wildfire in more than a decade. #PrayForGreece  via @willyleeadams,sympathy_and_support,greece_wildfires_2018,greece_wildfires_2018_test
293,1022239041184514048,Save Attica wildfires victims. Donate now!  #mati #wildfires #Greece,rescue_volunteering_or_donation_effort,greece_wildfires_2018,greece_wildfires_2018_test
165,1022506175777198080,"Heart-wrenching pain for my people. I can not erase the images of bodies found hugging eachother when they died in the fires or jumping off cliffs. Prayers are not enough in such devastation ,while hundreds still missing #keepthepromise for #Greece",sympathy_and_support,greece_wildfires_2018,greece_wildfires_2018_test
124,1023625578551894016,"A few days after the destruction wild fire in Greece Thursday evening July 26, 2018), outside the historic building of Smyrna Beach, where the Consulate of Greece is housed today, hundreds of Turkish citizens members of trade unions - held banners, flowers and lit candles, to",sympathy_and_support,greece_wildfires_2018,greece_wildfires_2018_dev
144,1021729116083703815,Our deepest condolences for the victims of the deadly wildfires near Athens. #interreg @InterregIPACBC,sympathy_and_support,greece_wildfires_2018,greece_wildfires_2018_dev
150,1022066407570399232,.@AJCGlobal is supporting the relief efforts to help #Greece. I urge others to do the same. So many lives have been lost due to fires. So many families are suffering. So many homes have been destroyed. Let’s do what we can to assist our Greek friends. @HellenicLeaders @GreeceMFA,rescue_volunteering_or_donation_effort,greece_wildfires_2018,greece_wildfires_2018_dev
60,1022062160787251200,"Euronews: #Greece - At least 79 people have been killed in #wildfires burning close to #Athens since Monday - At least 187 people, including 23 children, have been injured. The number of missing persons was still unclear   #Πυρκαγια",injured_or_dead_people,greece_wildfires_2018,greece_wildfires_2018_dev
259,1022006061543424000,"President @GTsereteli expressed deep sorrow at the loss of life from #wildfires in the #Attica region in #Greece. The OSCEPA extends sincere condolences to the families of those impacted, and thanks to those countries providing help and support",sympathy_and_support,greece_wildfires_2018,greece_wildfires_2018_test
298,1021741722815143936,"Raging wildfires killed 60 people in Greece, devouring homes and forests as terrified residents fled to the sea to escape the flames",injured_or_dead_people,greece_wildfires_2018,greece_wildfires_2018_test
51,1022099805747781632,"Help me raise £1000 to Help people that have been affected by the Wildfire in Penteli, Attica, Greece. Please #donate on @justgiving and RT. Thanks!",rescue_volunteering_or_donation_effort,greece_wildfires_2018,greece_wildfires_2018_test
27,1025569659809083397,Matted dog Loukoumakis rescued in Athens wildfires seeks forever home  #Greece #news,rescue_volunteering_or_donation_effort,greece_wildfires_2018,greece_wildfires_2018_dev
168,1026871661130215426,Experts warn of pollution in areas hit by Attica wildfires  #KnewsCy | KNEWS | #Greece #Attica,caution_and_advice,greece_wildfires_2018,greece_wildfires_2018_test
225,1022336201225842688,"LONDON: Greece is experiencing effects of its worst fire in 10 years. Over 70 people have died, hundreds injured &amp; displaced &amp; towns destroyed. Please help by dropping off clothes, towels, medical supplies, diapers or tinned food to collection points below by Friday 12pm ἞C἟7Ὁ9",injured_or_dead_people,greece_wildfires_2018,greece_wildfires_2018_test
258,1022048431072862209,Death toll climbs to 80 from the wildfires in Greece according to @pyrosvestiki #Mati #wildfires #Greece,injured_or_dead_people,greece_wildfires_2018,greece_wildfires_2018_test
279,1021876596381310976,#wildfires #PrayForGreece #πυρκαγιες #Ραφηνα #Greecefires no words can express feelings ἞C἟7,sympathy_and_support,greece_wildfires_2018,greece_wildfires_2018_test
24,1021734374449004544,Europe rallies around Greece as wildfire death toll climbs  #Greece #news,injured_or_dead_people,greece_wildfires_2018,greece_wildfires_2018_test
128,1022052815122952192,#Greece is having a bad time with fires. Many people are dead. Lets hope this drama will stop soon :( #Greecefires #Πυρκαγια @dirtgame #DiRTHellenicCommunity #dirt #dirtrally #dirt4,injured_or_dead_people,greece_wildfires_2018,greece_wildfires_2018_test
68,1022209811969187840,Looking for a way to help fire survivors in #Greece? Here are 4 ways you can help including making a donation to @IOCCRelief. Your support will help us respond by providing immediate basic needs.  #PrayForGreece #IOCCRelief #SupportForGreece #GreeceFires,rescue_volunteering_or_donation_effort,greece_wildfires_2018,greece_wildfires_2018_test
39,1028620085101920256,"Greece wildfires in politica, near to the village",caution_and_advice,greece_wildfires_2018,greece_wildfires_2018_dev
18,1022434120000065536,"Wildfires in Greece burned the forrest, buildings and sadly people between them several kids. 65 orphan children are living in the below orphanage institution which got burned down completely. We can all help these kids! For donation details see below.",injured_or_dead_people,greece_wildfires_2018,greece_wildfires_2018_dev
286,1022455258226864135,"Greece is facing its worst wildfires in more than a decade, with a death toll of 80, according to @MelissaBellCNN. Im completely devastated, one survivor says.",injured_or_dead_people,greece_wildfires_2018,greece_wildfires_2018_test
117,1022014423404294144,"We, the Turkish people share your sorrow with the deepest sympathy on this sad day. We are so sorry for your loss and we call upon the Turkish government to assist the Greece authorities by every means available. #greecefire #Greecefires",sympathy_and_support,greece_wildfires_2018,greece_wildfires_2018_dev
295,1023305338672611328,We are deeply saddened by the loss of more than 50 people in the forest fires in the Eastern #Attica region of #Greece. We extend our deepest condolences to the Greek people and Greek government. Our prayers and thoughts are with the families affected from the fire.,injured_or_dead_people,greece_wildfires_2018,greece_wildfires_2018_test
33,1021741992718610432,"At least 60 people, including young children have died in wildfires near Athens. Greece has asked other European countries to help tackle the devastating fires, which are the worst the country has seen in more than a decade.",injured_or_dead_people,greece_wildfires_2018,greece_wildfires_2018_test
193,1022869003646193664,"RT @XHNews: Death toll from #Greecewildfires rises to 87, as arson indicated with serious evidence",injured_or_dead_people,greece_wildfires_2018,greece_wildfires_2018_test
175,1028790880956633088,Greek prime minister accepts responsibility for high death toll from wildfire  #Greece #news,injured_or_dead_people,greece_wildfires_2018,greece_wildfires_2018_test
122,1022004010641960961,Greeks abroad are organizing relief. #Greecefires,rescue_volunteering_or_donation_effort,greece_wildfires_2018,greece_wildfires_2018_dev
36,1022481749647998978,The mayor of the municipality in Greece where more than 80 people have died in wildfires has admitted that mistakes and the scale of the fire was underestimated,injured_or_dead_people,greece_wildfires_2018,greece_wildfires_2018_dev
112,1021826808868728832,"#DonateForGreece #PrayForGreece #PrayForAthens The Hellenic Red Cross, has opened the following bank account: EUROBANK No. Account: 0026.0240.31.0201181388 IBAN: GR6402602400000310201181388 We appreciate your vital support and solidarity.",rescue_volunteering_or_donation_effort,greece_wildfires_2018,greece_wildfires_2018_test
103,1022665597291782144,80 Dead in Wildfires in GREECE Amid European Heat Wave  #Greece #news,injured_or_dead_people,greece_wildfires_2018,greece_wildfires_2018_dev
262,1021943806919417862,"DEVASTATING: Greece in 3 days of mourning, after wildfires kill at least 74 people. @CheddarBigNews",injured_or_dead_people,greece_wildfires_2018,greece_wildfires_2018_test
155,1022790741104443392,@HellenicCrops - Wildfires Greece Shocked and saddened we express compassionate condolences to the families and friends of the dozens of victims.,sympathy_and_support,greece_wildfires_2018,greece_wildfires_2018_test
105,1028904970832277504,Maria Belibasaki dedicates her silver medal in the 400m at the European Championships to the victims of the wildfires in Greece. #EC2018,sympathy_and_support,greece_wildfires_2018,greece_wildfires_2018_test
266,1022543982600052737,"The Greek government has opened a special account on Central Bank for those being affected by the disastrous fires. If you want to contribute, here is the information. #Greece #GreeceWildFires",rescue_volunteering_or_donation_effort,greece_wildfires_2018,greece_wildfires_2018_test
38,1022491606656737281,RT @Eurohoopsnet: Enes Kanter stars fundraise for wildfire victims in Greece | Eurohoops,rescue_volunteering_or_donation_effort,greece_wildfires_2018,greece_wildfires_2018_test
85,1024987221735206912,"#Greek gov’s preoccupation with the aftermath of the devastating #Attica #wildfires which resulted in over 90 deaths last week, means some of the plans made in terms of political strategy and communication will be put on hold #Greece #Balkans",injured_or_dead_people,greece_wildfires_2018,greece_wildfires_2018_test
107,1021843055756959744,"No stream tonight, there will be a stream with accepted donations for the families and the loved ones that lost their properties in the fires here in Greece by the end of the week. #HumanityFirst #PrayForGreece",rescue_volunteering_or_donation_effort,greece_wildfires_2018,greece_wildfires_2018_dev
37,1022472236136050688,"#Greecefires An orphanage that burned. It houses 65 children. Luckily all children are safe. However some of housing, the school and all their food and storage facilities have been destroyed. I visited here. It was an oasis for these children. Share and donate if possible.",infrastructure_and_utility_damage,greece_wildfires_2018,greece_wildfires_2018_dev
164,1022882396549472256,"Financial Mirror dot com – CYPRUS: Over 1,000 aid boxes for Greece fire victims in Tsunami of love",rescue_volunteering_or_donation_effort,greece_wildfires_2018,greece_wildfires_2018_test
137,1022423288444858368,"#Greece govs aid package unlikely to stop questions whether authorities did enough to warn people and prevent the loss of life. Specifically, whether municipalities and fire brigade activated evacuation plans and if they helped or hindered people trying to escape the fire",caution_and_advice,greece_wildfires_2018,greece_wildfires_2018_dev
123,1022115968015839234,RT @amna_newseng: .@keelpno_gr staff union appeals for #volunteers to help those affected by #Greecefires,rescue_volunteering_or_donation_effort,greece_wildfires_2018,greece_wildfires_2018_dev
132,1022141933400059905,Mournful days here in Greece. Fire killed more than 80 people until now.. #PrayTogether4Greece #PrayForAthens #prayforgrece,injured_or_dead_people,greece_wildfires_2018,greece_wildfires_2018_test
68,1021770057247064069,"The Embassy of Israel expresses its great sorrow for the loss of life, the wounded and the destruction of property in the latest severe fires in Greece. We convey our deepest condolences to the families of the victims and wish the wounded a speedy recovery. #Greecefires",sympathy_and_support,greece_wildfires_2018,greece_wildfires_2018_dev
14,1022586744837943296,2nd DAY crypto donations results for the Victims of Greek Wildfires (paypal and cryptocurrencies). Keep donating!  $BTC $ETH #Greece #Πυρκαγια #wildfires #donation #victims,rescue_volunteering_or_donation_effort,greece_wildfires_2018,greece_wildfires_2018_test
103,1022188861525581826,"RT @GavinLeeBBC: I’ve spoken to people today, who’ve spent 6 hours in the water, waiting to be rescued. #Greekfires #Mati",rescue_volunteering_or_donation_effort,greece_wildfires_2018,greece_wildfires_2018_test
237,1021906800201883648,"Guys, even the smallest amount helps. If you have even $1 to spare, take the time to donate and bring relief to the people of Greece. Share with your friends.",rescue_volunteering_or_donation_effort,greece_wildfires_2018,greece_wildfires_2018_test
97,1022057437787049985,Apocalyptic inferno leaves at least 60 dead.. #Pray For #Hellas ὤFἿB #GO἞C἟7 _________________________ #prayforgreece #sad #together #help #flag #families #blue #white #spread #love #givehope #city #fire #disaster #smoke #athens #kineta #κινετα #αθηνα #foundation #Mati #Ματι,injured_or_dead_people,greece_wildfires_2018,greece_wildfires_2018_dev
77,1025436844371136518,"#Greeces PM Alexis #Tsipras has accepted the resignation of Public Order Minister Nikos #Toskas over last weeks fatal #wildfires in #Attica, which have killed at least 88 people / #Mati #AthensFires #Greecefires #Athens",injured_or_dead_people,greece_wildfires_2018,greece_wildfires_2018_dev
195,1023095074006151169,@joppitz_jo @davidcoverdale Are you safe? Has the danger passed yet? We are currently mourning the deaths of dozens from the wildfires here in Greece. It must be terrifying for you and the animals. Thinking of you ὤF,sympathy_and_support,greece_wildfires_2018,greece_wildfires_2018_test
209,1023621891637080069,Mourners gather in Greek church to remember fire victims  #Greece #news,sympathy_and_support,greece_wildfires_2018,greece_wildfires_2018_test
274,1021728992666312704,RT @DailyMirror: Greece fire victims found locked in final embrace as they tried to flee flames,injured_or_dead_people,greece_wildfires_2018,greece_wildfires_2018_test
115,1022119072866230273,"#Greece wildfires. A deadly mix of extremely strong wind, unregulated building of houses in the forest, non-existent safety precautions and inadequate firefighting mechanism had the result you see. 80 people dead (so far), 2000 homes burnt, whole communes turned to ashes.",injured_or_dead_people,greece_wildfires_2018,greece_wildfires_2018_test
245,1021750609039581186,180 critically injured. 70 dead. 1000 houses burnt down. 500 cars. This is above us #PrayForGreece #Greecefires #Greece #PrayForAthens,injured_or_dead_people,greece_wildfires_2018,greece_wildfires_2018_test
251,1023921932238909440,Stavros Niarchos Foundation to donate 25 million euros to fire brigade,rescue_volunteering_or_donation_effort,greece_wildfires_2018,greece_wildfires_2018_test
47,1022017189304586241,Greece #wildfires: Rescuers search charred homes as death toll of 74 expected to rise  #Greecefires,injured_or_dead_people,greece_wildfires_2018,greece_wildfires_2018_test
74,1021724319137890304,"Greek tragedy.People dead, in critical condition, injured. Why so many fires and such a heavy death toll in Greece, in Portugal last year and in so many other fires? Even in Sweden, near the Arctic Circle! Why? #Greecefires",injured_or_dead_people,greece_wildfires_2018,greece_wildfires_2018_test
235,1021799163967811584,"Next to that chair, there was a dead body  Over there more bodies. Heartbreaking stories out of Greece as survivors begin the daunting task of surveying the damage of the deadly blazes. (@P_Strickland_ for @AJEnglish with photos by @PaleologosNick)",injured_or_dead_people,greece_wildfires_2018,greece_wildfires_2018_test
41,1022918129532526594,World-renowned Plastic Surgeon from Australia is going to Greece to help burn victims  via @greekcitytimes #Australia #Πυρκαγια #Greecefires #Greecewildfires,rescue_volunteering_or_donation_effort,greece_wildfires_2018,greece_wildfires_2018_dev
15,1022254833150111745,Our thoughts go out to everyone affected by the terrible wildfires in Greece. Well have a collection tin for cash donations at the market on Friday. Please ask at th stall inside the gate. #greeceὉ9 #prayforgreece #wildfires #donations #PolisHerbGardenMarket #Polis #Cyprus,sympathy_and_support,greece_wildfires_2018,greece_wildfires_2018_test
300,1021729048920301569,"#UPDATE 50 people die and 170 are reported injured in wildfires ravaging Athens region, as Greek authorities fear the toll may rise further",injured_or_dead_people,greece_wildfires_2018,greece_wildfires_2018_test
216,1022130021614473217,RT @flipsideofvegas: My heart goes out to the families and victims of the Greece wildfires. #sosad,sympathy_and_support,greece_wildfires_2018,greece_wildfires_2018_test
19,1025454085217169408,Greek minister resigns in wake of wildfires that killed 88 people #Greece #mati,injured_or_dead_people,greece_wildfires_2018,greece_wildfires_2018_test
12,1023186359295651840,RT @Reuters: Greece to begin laying wildfire victims to rest amid recriminations,injured_or_dead_people,greece_wildfires_2018,greece_wildfires_2018_test
299,1022163434786439173,"Fast-moving wildfires near #Athens have killed at least 76. #Europe has sweltered through an unusually hot and dry summer, breaking temperature records and fueling significant fires in several countries, including #Sweden and #Britain. V.C:@nowthis #wildfire #environmentallegacy",injured_or_dead_people,greece_wildfires_2018,greece_wildfires_2018_test
247,1021833925876961281,"We eat the same food, laugh at similar things, swim in the same sea, look similar, act similar. Feeling your pain neighbour. Sending reiki.. I wish there was more that I could do. #Yunanistan #PrayForAthens #Greecefires",sympathy_and_support,greece_wildfires_2018,greece_wildfires_2018_test
106,1022557424585240576,We are live from the Lureio Idrima the orphanage and nursing home operared by the nuns of the Holy Trinity Monastery that was destroyed by the fire in Neos Voutzas. Here too the scene is apocalyptic.,infrastructure_and_utility_damage,greece_wildfires_2018,greece_wildfires_2018_test
59,1022331216069107712,the region of Mati was destroyed in minutes. minutes. it doesnt exist anymore. there was no warning. some who tried getting to the beach got trapped on the cliffs or they drowned after swimming for 5 hours trying to get away from the smoke and the exploding debris. #Greecefires,infrastructure_and_utility_damage,greece_wildfires_2018,greece_wildfires_2018_test
101,1022574915554365440,Bank of Greece Account Information for Donations to Wildfire Relief  #Greece #news,rescue_volunteering_or_donation_effort,greece_wildfires_2018,greece_wildfires_2018_test
146,1022067492586442752,#Greek flags at half-staff on #Samos as country marks three days of national mourning for those killed in #Greeces #wildfires,sympathy_and_support,greece_wildfires_2018,greece_wildfires_2018_test
192,1023257821725564928,RT @ajplus: 80+ people died in Greece because of fast-moving wildfires. Authorities suspect arson.,injured_or_dead_people,greece_wildfires_2018,greece_wildfires_2018_test
104,1022163456420704256,RT @Independent: Survivors of Greek wildfires face horror of searching through ashes for loved ones,injured_or_dead_people,greece_wildfires_2018,greece_wildfires_2018_test
30,1021833790308724736,"RT @MIA_NEWS_en: @MIA_NEWS_en #Macedonia will send 100,000 euros (6 million denars) in financial aid to #Greece after deadly #wildfires",rescue_volunteering_or_donation_effort,greece_wildfires_2018,greece_wildfires_2018_dev
280,1022580641479778304,How to Donate for Fire Relief in Greece,rescue_volunteering_or_donation_effort,greece_wildfires_2018,greece_wildfires_2018_test
93,1022049033035153408,The number of people killed in wildfires in #Greece is expected to go up. At least 79 have now died after flames ripped through holiday resorts near Athens #HeartNews,injured_or_dead_people,greece_wildfires_2018,greece_wildfires_2018_dev
33,1021830423146622981,Aerial footage shows homes destroyed by Athens wildfires  via @YouTube #Πυρκαγια #Ματι,infrastructure_and_utility_damage,greece_wildfires_2018,greece_wildfires_2018_dev
45,1022557487386509313,"Greek government believes arson was behind #Greecefires that killed more than 80 people near Athens. There is more than strong indications, there is evidence Greece Civil Protection Minister Nikos Toskas just told reporters",injured_or_dead_people,greece_wildfires_2018,greece_wildfires_2018_test
102,1027549322206883840,"Thank you to our Brothers from George E. Loucas Chapter 103, Weirton, W.V., who presented a $500 donation to our relief fund for #GreeceWildfires! Ahepans already have delivered some initial relief aid in #Rafina. Please chip-in what you can to help: visit",rescue_volunteering_or_donation_effort,greece_wildfires_2018,greece_wildfires_2018_test
218,1021860820630884355,Dozens of people are dead and many more injured in the worst forest fires to hit #Greece in a decade.. #PrayForGreece #PrayforAthens,injured_or_dead_people,greece_wildfires_2018,greece_wildfires_2018_test
4,1021940546594586624,RT @NeosKosmos: Update: Greece in mourning as wildfires death toll rises to 76 and counting:,injured_or_dead_people,greece_wildfires_2018,greece_wildfires_2018_dev
137,1022228193527431178,"NATIONAL TRAGEDY: 2018 Wildfires in Attica, Greece Weve started compiling a list of places where you can donate funds, blood or basic necessities in Greece and in the Greek diaspora. &gt;&gt;&gt; Please donate generously!  #Athens #Greece #GreeceWildFires",rescue_volunteering_or_donation_effort,greece_wildfires_2018,greece_wildfires_2018_test
170,1022580295500017664,People affected by the #Greecefires have lost loved ones and homes. Communities will need long term support to recover from this crisis.,sympathy_and_support,greece_wildfires_2018,greece_wildfires_2018_test
188,1022462649643225088,Im so sorry for being so inactive these daysIts just bc of all this tragic situation with the fires on my country which destroyed so many houses and killed so many peopleHope you guys understand..Anyway Ill try to be more active for now on #Greecestaystrong #Greecefires,sympathy_and_support,greece_wildfires_2018,greece_wildfires_2018_test
65,1022265208914538496,"We stand in solidarity with Greece at this difficult time. Our thoughts are with the victims, their loved ones &amp; the injured. We thank the rescue workers for their tireless effort to save lives &amp; the EU countries who sent help to get the #GreeceFires under control ἞C἟7἞A἟A",sympathy_and_support,greece_wildfires_2018,greece_wildfires_2018_dev
28,1021821154087108610,"@AT_Autism Thank you for your thoughts We are all well, but no words can describe this tragedy #AthensFires",sympathy_and_support,greece_wildfires_2018,greece_wildfires_2018_dev
29,1022523056399495175,Greek central bank pledges financial assistance to fire victims  The Bank of Greece announced on Thursday it will donate five million euros to help people affected by the deadly wildfires of 23 and 24 July that killed at least 83,rescue_volunteering_or_donation_effort,greece_wildfires_2018,greece_wildfires_2018_dev
19,1022347773247668225,"#Greece - solidarity networks and social clinics that were set up to handle the economic crisis, now prove to be effective in helping fire victims.",rescue_volunteering_or_donation_effort,greece_wildfires_2018,greece_wildfires_2018_dev
15,1022371809814032385,"Discussed the latest about the #Greecewildfires @IrelandAMTV3 TV this morning. An Irishman, who was on his honeymoon, was confirmed dead at wildfires in the village of Mati. @New_Europe",injured_or_dead_people,greece_wildfires_2018,greece_wildfires_2018_dev
240,1022134779448356864,"What a tragedy! At least 80 dead. Hundreds are wounded, dozens are missing and thousands of homes have been damaged #Greece #wildfires #Πυρκαγια  via @YouTube",injured_or_dead_people,greece_wildfires_2018,greece_wildfires_2018_test
203,1021718009449209856,Our thoughts are with all those families that have lost someone yesterday and with those in critical condition in hospital or missing due to the wildfires in Attica. Let’s hope the situation gets better soon and that they will get it under control today!,sympathy_and_support,greece_wildfires_2018,greece_wildfires_2018_test
148,1022274065837387776,"RT @PMBreakingNews: Video: Aftermath of wildfires near Athens, Greece, which left at least 79 people dead and many others injured. /",injured_or_dead_people,greece_wildfires_2018,greece_wildfires_2018_test
67,1023142283439484928,"A woman has died in hospital taking the death toll from #Greece’s worst wildfires to 88, many of them children, officials said Saturday",injured_or_dead_people,greece_wildfires_2018,greece_wildfires_2018_dev
22,1028234340474515456,"Death toll from Attica blaze rises to 94, says fire service  #Greecefires",injured_or_dead_people,greece_wildfires_2018,greece_wildfires_2018_dev
83,1022733105864613888,Please pray for Greece. Devastating fire outbreak in many parts. The works of terrorist. Help the displaced if you can through NGOs,sympathy_and_support,greece_wildfires_2018,greece_wildfires_2018_test
45,1023641366138634240,"Death toll continues to climb six days after one of the deadliest wildfires in Europe since 1900 raged through a village near Athens, Greece",injured_or_dead_people,greece_wildfires_2018,greece_wildfires_2018_dev
74,1022460304796655616,So I heard on the news that an Irish married couple came to Greece for their honeymoon but the man ended up losing his life in te fires ὡ4ὡE I’m so sorry. I guess the woman’s honeymoon turned into a nightmare so sad. #PrayForGreece #AthensFires,sympathy_and_support,greece_wildfires_2018,greece_wildfires_2018_dev
24,1022136115594182657,"Latest #AthensFires death toll 81. Injured 108, 25 still hospitalised, 11 in intensive care units. #Πυρκαγια #PrayForGreece #pyrkagia",injured_or_dead_people,greece_wildfires_2018,greece_wildfires_2018_dev
109,1022305833210859520,Federation of Hellenic Societies Open Meeting on Raising Funds for Greece Fire Relief July 27,rescue_volunteering_or_donation_effort,greece_wildfires_2018,greece_wildfires_2018_dev
96,1021758424336490497,Greece wildfires latest: - 60 people dead - National mourning period announced - Rescue services looking for missing people,injured_or_dead_people,greece_wildfires_2018,greece_wildfires_2018_test
125,1022513232328704000,"Amid tragedy, it’s heartening to see these recently delivered CH-47’s in action for fire fighting and rescue. Respect to the pilots and air crews of @Hellenic_MOD",rescue_volunteering_or_donation_effort,greece_wildfires_2018,greece_wildfires_2018_dev
285,1021733374417874944,Be strong brothers and sisters! My deepest condolences to the families and friends who have lost loved ones after the devastating forest fires.. Hope more countries send help soon #PrayForGreece #Greecefires #Greece,sympathy_and_support,greece_wildfires_2018,greece_wildfires_2018_test
113,1021861960088989701,"#Kurdish #community in #Greece and Kurdish Political Parties in Greece called all Kurds and their friends to Donate blood , volunteer work and collect goods for the victims of the fire . #Greeceonfire #SolidarityWithGreece",rescue_volunteering_or_donation_effort,greece_wildfires_2018,greece_wildfires_2018_test
3,1021902405376598017,"At this point 26 people left their cars and went near the sea! They thought they were safe but fire caught them. couple of them jumped from the cliff breaking their legs, the others found hugging each other. Some of them it seems were children #wildfires #Greecefires #greece",injured_or_dead_people,greece_wildfires_2018,greece_wildfires_2018_dev
72,1022126111814295553,"@enadyopente @ireathena Many people saved by firefighters because they extinguished the fire. If theyre not here, the victims will be not just 80. The picture isnt from Greece, but they did things like that, no matter if the TV doesnt show us.",rescue_volunteering_or_donation_effort,greece_wildfires_2018,greece_wildfires_2018_dev
156,1025539071009906690,RT @TornosNewsCom: Australia to assist Greece with Attica fire recovery efforts,rescue_volunteering_or_donation_effort,greece_wildfires_2018,greece_wildfires_2018_test
71,1022433404644671488,More than 1200 homes have been destroyed so far in Mati.  #PrayForAthens #PrayForGreece #Πυρκαγια @skaigr #Greece #Ελλαδα #Hellas #worldwide #news #fire,infrastructure_and_utility_damage,greece_wildfires_2018,greece_wildfires_2018_test
38,1022088293721223168,"As Red Cross teams respond to the tragic toll of the #GreeceFires, our colleague Nikos shares what hes seeing - Instinctively, seeing the end nearing, they embraced.”",rescue_volunteering_or_donation_effort,greece_wildfires_2018,greece_wildfires_2018_dev
133,1021758084694401024,@nypost The fire has killed at least 60 people.,injured_or_dead_people,greece_wildfires_2018,greece_wildfires_2018_dev
119,1023439251655077888,Funerals began Saturday for the 80-plus victims of Greeces lethal wildfire. More remain missing.,injured_or_dead_people,greece_wildfires_2018,greece_wildfires_2018_test
21,1025733209106145280,Bill Furnaro Talks to TNH about Facebook Fundraiser for Wildfire Victims  #Greece #news,rescue_volunteering_or_donation_effort,greece_wildfires_2018,greece_wildfires_2018_test
47,1022117964223533056,the Greek Action of Volunteer Veterinarians () Their veterinarians are treating animals injured in the fires. For donations: Alpha Bank - IBAN: GR66 0140 1240 1240 0200 2007 199 Piraeus Bank - IBAN: GR76 0171 0300 0060 3010 1604 355 #Greecefires,rescue_volunteering_or_donation_effort,greece_wildfires_2018,greece_wildfires_2018_dev
120,1021759554923704320,All this love and solidarity in the social media is heartwarming and much needed for the people in the affected areas of Attika. Stay strong! ὉC἞C἟7 #greece #πυρκαγια #fire #attika,sympathy_and_support,greece_wildfires_2018,greece_wildfires_2018_dev
20,1021776787179794432,As a greek citizen I am really devastated by this tragedy. I do not live in an area near the fire but I cant help but cry all day long for the 70+ people that lost their lives and 200+ that are injured and I dont even want to think about all those that lost their belongings.,injured_or_dead_people,greece_wildfires_2018,greece_wildfires_2018_dev
9,1021700791487356928,RT @DailyMirror: Fears wildfire death toll in Greece could surpass 80,injured_or_dead_people,greece_wildfires_2018,greece_wildfires_2018_test
109,1022101810461519872,GREECE wildfires latest: European countries send fire-fighting planes amid desperate attempts to   #Greece #news,rescue_volunteering_or_donation_effort,greece_wildfires_2018,greece_wildfires_2018_test
8,1021986516757884930,#Greecefires #PrayersforGreece dear #greece . Firstly I am very sorry .. Let me help your God .. I do not know what I can do for you! If the possibility of any survivors would be able to come to Turkey as guests want my house ..,sympathy_and_support,greece_wildfires_2018,greece_wildfires_2018_dev
36,1022963303751012358,"Join @Unboxholics live on @Twitch for the Attica Wildfires Fundraiser as they raise money to support the victims of the disaster! Every RT, every cent counts! Make a difference, donate now!  #charity #greece #prayforgreece #atticawildfires #GreeceWildfire",rescue_volunteering_or_donation_effort,greece_wildfires_2018,greece_wildfires_2018_test
158,1022869355829387266,"Athens wildfires: Turkish citizens wish Greeks Get Well, Neighbor!”  #Greece #news",sympathy_and_support,greece_wildfires_2018,greece_wildfires_2018_test
25,1022204535807324160,Ex Parliament Speaker Zoe Konstantopoulou announces intent to sue #Greeces goverment over #wildfires as death toll rises to 80. #Greecefires #AthensFires,injured_or_dead_people,greece_wildfires_2018,greece_wildfires_2018_test
73,1021943095800356864,"RT @Ruptly: Aerial footage of wildfires near Athens, as death toll reaches over 70",injured_or_dead_people,greece_wildfires_2018,greece_wildfires_2018_test
135,1022108745260617730,#Grece des collectifs anarchistes et des centres sociaux se mobilisent pour aider les victimes des incendies. #Greece anarchist groups and social centres are out there helping victims of the wildfires.,rescue_volunteering_or_donation_effort,greece_wildfires_2018,greece_wildfires_2018_dev
255,1022375247956324352,"Wednesday 25th July Thought Of The Day From Oval Station, Our Thoughts &amp; Prayers Are With The Families Involved In The #Greecefires",sympathy_and_support,greece_wildfires_2018,greece_wildfires_2018_test
71,1024291334214049793,RT @YahooNewsUK: Injured dog found in wreckage of house gutted by Greece wildfires.,rescue_volunteering_or_donation_effort,greece_wildfires_2018,greece_wildfires_2018_dev
128,1022151113657774083,Wildfires in Greece: #Albanian government offers 100 thousand euros in aid #Albania #Balkans #AthensFires #Greecefires #PrayTogether4Greece #Mati,rescue_volunteering_or_donation_effort,greece_wildfires_2018,greece_wildfires_2018_dev
13,1021729339451289601,Greek wildfires kill 50; hugging bodies found near beach  #Greece #news,injured_or_dead_people,greece_wildfires_2018,greece_wildfires_2018_dev
61,1021726043474984960,The situation in Greece with the wildfire is really bad and I mean it. Many people died got injured are missing they don’t have water their houses have been burned they don’t have anywhere to go animals are also in danger. What else? It’s a living hell &amp; some people joke about it,sympathy_and_support,greece_wildfires_2018,greece_wildfires_2018_test
70,1023098760572923904,"The twin #girls that had been missing, were found #dead together with their grandparents late on #Friday. The 4 bodies were found #huddled. ὢ2 #Twins #Athens #AthensFires",injured_or_dead_people,greece_wildfires_2018,greece_wildfires_2018_dev
207,1028985194685063171,"A 63-year-old man, victim of the wildfires in #greecewildfires, died on Monday at the intensive care unit of KAT hospital, raising the number of the death toll to 95.",injured_or_dead_people,greece_wildfires_2018,greece_wildfires_2018_test
39,1021779928109535244,Please donate if you can. #GREECEWILDFIRES,rescue_volunteering_or_donation_effort,greece_wildfires_2018,greece_wildfires_2018_test
215,1021816692899495937,"People are missing - mothers and daughters, father and sons - Irishwoman in Greece on wildfires that have killed at least 74 people",injured_or_dead_people,greece_wildfires_2018,greece_wildfires_2018_test
199,1021707450230161413,RT @AP: BREAKING: Greece: Fire department says 49 people confirmed dead in wildfires.,injured_or_dead_people,greece_wildfires_2018,greece_wildfires_2018_test
271,1022020234507677702,"#Greece wildfires, the latest news. Officially confirmed deaths so far up to 76, number of injoured about 250, number of missing still unclear (estimates vary between 20 and 100). Disturbing detail, no effort was made by the authorities to evacuate people from the burnt area.",injured_or_dead_people,greece_wildfires_2018,greece_wildfires_2018_test
141,1021945783028002817,Greece wildfires: At least 74 killed as officials request drones to hunt suspected arsonists  #Greece #news,injured_or_dead_people,greece_wildfires_2018,greece_wildfires_2018_test
32,1021828877981822976,RT @IndyUSA: Death toll rises to 24 as huge wildfire sweeps through Athens holiday resorts,injured_or_dead_people,greece_wildfires_2018,greece_wildfires_2018_dev
50,1027289155611648002,Order of AHEPA working through many partners and channels in the US and Greece to provide immediate and productive aid. Training fire fighters and restoring critical equipment programs have already been in place and have more urgency today. Funding IOCC efforts is priority.,rescue_volunteering_or_donation_effort,greece_wildfires_2018,greece_wildfires_2018_test
91,1021734926578855937,Very sad #news from #Greece! My #thoughts and #prayers with everyone in Greece! Such a big #tragedy! #Greecefires #PrayforGreece #AthensFires #Athens,sympathy_and_support,greece_wildfires_2018,greece_wildfires_2018_test
248,1021779587657867269,The death toll from a number of fires raging across Greece has risen to 74 but no Australians are believed to be among those affected. #9News,injured_or_dead_people,greece_wildfires_2018,greece_wildfires_2018_test
252,1022228554275155968,"The human suffering going on in the communities affected by the wildfires in #Greece is hard to wrap your head aroundPlease donate whatever you can, however small the amount, to help those who are living through this nightmare:",rescue_volunteering_or_donation_effort,greece_wildfires_2018,greece_wildfires_2018_test
23,1023133732281229317,LIers and Hempstead officials joining forces to help victims of GREEK wildfires  #Greece #news,rescue_volunteering_or_donation_effort,greece_wildfires_2018,greece_wildfires_2018_dev
257,1022263392067829767,RT @nowthisnews: Footage shows the ravaging wildfires in Greece that have killed 80 people so far,injured_or_dead_people,greece_wildfires_2018,greece_wildfires_2018_test
91,1024255207893610497,#Authorities start accepting #applications for disaster relief #aid from wildfire #victims #GO ἞C἟7,rescue_volunteering_or_donation_effort,greece_wildfires_2018,greece_wildfires_2018_dev
10,1021728043541426176,If anyone wishes to contribute to those who have been affected by the #wildfires in #Athens #Greece you can #donate at bank account below which was created by The Municipality of Rafina: IBAN:GR20 0172 1860 0051 8609 2291 418 AΡ.ΛΟΓ/BANK ACC: 5186092291418 #Πυρκαγια,rescue_volunteering_or_donation_effort,greece_wildfires_2018,greece_wildfires_2018_test
63,1022239837271801856,RT @RulesAccount: RETWEET!!! AMBER ALERT!!! #Πυρκαγια #Ματι #Greecefires #Athens #wildfires #φωτια #πυρκαγιες #Attica,caution_and_advice,greece_wildfires_2018,greece_wildfires_2018_dev
79,1022869056695803905,#Greeces PM Alexis #Tsipras took full political responsibility [=hollow words] for the wildfire that has killed at least 87 people in a coastal town in east #Athens / #Mati #AthensFires #Greecefires #Attica #Syriza,injured_or_dead_people,greece_wildfires_2018,greece_wildfires_2018_dev
43,1022135816049623041,"Red Cross reporting 26 more bodies have been found at a seaside resort in #Mati, close to Athens, in addition to 24 fatalities already announced. Hundreds rescued after jumping into sea to escape. #Greecefires",injured_or_dead_people,greece_wildfires_2018,greece_wildfires_2018_dev
55,1021821211154808832,#Greecefires Death toll has now reached 76.,injured_or_dead_people,greece_wildfires_2018,greece_wildfires_2018_dev
123,1022013058766594048,So considerate &amp; kind of people leaving flowers at the ⁦⁦@GreeceinUK⁩ in memory of lives lost at recent #wildfires in #ATTiCA #Greece. Our thoughts are primarily for the victims and their families. It has been a devastating fire that will require a huge recovery effort.,sympathy_and_support,greece_wildfires_2018,greece_wildfires_2018_test
89,1022647005942833152,"A young girl bursts into tears while Greek DefMin @PanosKammenos insults victims of wildfires that broke out near Athens leaving 82 dead and hundreds of wounded and missing, the first government official to visit stricken areas in 3 days.",injured_or_dead_people,greece_wildfires_2018,greece_wildfires_2018_dev
327,783528309963579392,"An already struggling Haiti faced massive Hurricane Matthew earlier today, killing at least 9 people.",injured_or_dead_people,hurricane_matthew_2016,hurricane_matthew_2016_test
26,783905916701716480,"US helicopters sent to Haiti after hurricane: PORT-AU-PRINCE, Haiti - Rescue workers in Haiti struggled to reach",rescue_volunteering_or_donation_effort,hurricane_matthew_2016,hurricane_matthew_2016_test
29,783845914846892032,Seeing all of the pictures in Haiti after the hurricane make my heart hurt and want to go there to help ὡ4,sympathy_and_support,hurricane_matthew_2016,hurricane_matthew_2016_dev
58,783422126497738752,Cant sleep- thinking about the wonderful babies and people of Haiti. Please pray for this country as they face Hurricane Matthew.,sympathy_and_support,hurricane_matthew_2016,hurricane_matthew_2016_dev
230,783936142815203328,WATCH: City of Jeremie Haiti Suffers Massive Destruction in Hurricane Matthew -,infrastructure_and_utility_damage,hurricane_matthew_2016,hurricane_matthew_2016_test
265,783421011366518784,"Surrounding community destroyed, but 150+ orphans, babies, widows, etc. SAFE! #HurricaneMatthew #SafeTHOME",infrastructure_and_utility_damage,hurricane_matthew_2016,hurricane_matthew_2016_test
15,784695904024559616,Report from @BHMhaiti director: Worst hurricane to hit Haiti in a lifetime. Read and donate here:,rescue_volunteering_or_donation_effort,hurricane_matthew_2016,hurricane_matthew_2016_test
112,783637142669029376,#Honolulu #Hilo #Wailuku Aid teams in Haiti struggle to reach regions slammed by Hurricane Matthew - Washington Po,rescue_volunteering_or_donation_effort,hurricane_matthew_2016,hurricane_matthew_2016_dev
166,783724793799577601,RT @TSAHope: Salvation Army Ready for Disaster Relief in Haiti  via @Salvationist,rescue_volunteering_or_donation_effort,hurricane_matthew_2016,hurricane_matthew_2016_test
75,783504950500417536,This hospital in southwestern Haiti needs help. The hurricane destroyed their only bridge out of the area.,infrastructure_and_utility_damage,hurricane_matthew_2016,hurricane_matthew_2016_test
138,783398337324081153,Civil protection spokesman says emergency meeting underway to restore access to southern Haiti after Bridge,caution_and_advice,hurricane_matthew_2016,hurricane_matthew_2016_test
133,783962022698287104,Local relief organizations mobilize to help Haiti after Hurricane Matthew: WJZ | CBS Baltimore,rescue_volunteering_or_donation_effort,hurricane_matthew_2016,hurricane_matthew_2016_test
89,783689643917242368,We are raising support for @FoodForThePoor and EMERGENCY hurricane relief in Haiti this week. Wed love your help.,rescue_volunteering_or_donation_effort,hurricane_matthew_2016,hurricane_matthew_2016_test
298,783875530646953985,DTN Israel: JDC dispatches aid to hurricane-stricken Haiti: American Jewish Joint Distribution Committee prov,rescue_volunteering_or_donation_effort,hurricane_matthew_2016,hurricane_matthew_2016_test
49,783706832938340352,Helping others feels even better than coffee. Support victims of #HurricaneMatthew #WednesdayWisdom,sympathy_and_support,hurricane_matthew_2016,hurricane_matthew_2016_dev
37,783685025816416257,LMPE Hurricane Matthew moves into Bahamas after battering Haiti: At least 11 deaths had been blamed on Hurric,injured_or_dead_people,hurricane_matthew_2016,hurricane_matthew_2016_test
175,783791458272808960,"RT @OSAliciaD: Hope everyone is safe &amp; prepared! Thoughts are with those suffering in Haiti, Cuba &amp; Bahamas right now.",sympathy_and_support,hurricane_matthew_2016,hurricane_matthew_2016_test
69,783995382758051840,@TeamBrokenEarth traveling to Haiti to provide medical relief post Hurricane Matthew. Good work on the swift action,rescue_volunteering_or_donation_effort,hurricane_matthew_2016,hurricane_matthew_2016_test
57,783462962572976128,@oreillyfactor word has it killary and bill are headed to haiti to start a money donation for hurricane relief,rescue_volunteering_or_donation_effort,hurricane_matthew_2016,hurricane_matthew_2016_dev
88,783872050872061954,Haitis death toll from Hurricane Matthew doubles to 10,injured_or_dead_people,hurricane_matthew_2016,hurricane_matthew_2016_dev
17,783396934950252545,My thoughts are with all those affected by #HurricaneMatthew. Watch out #Haiti #Jamaica #Cuba #Bahamas #USA,sympathy_and_support,hurricane_matthew_2016,hurricane_matthew_2016_dev
45,783700230499733504,Our volunteers are gearing up to travel to Haiti to bring supplies and help with the drastic impact Hurricane,rescue_volunteering_or_donation_effort,hurricane_matthew_2016,hurricane_matthew_2016_test
82,783703950075662336,"RT @AndreaButera: #Hurricane #Matthew killed 5 people and injured at least 10 others in Haiti, the countrys Civil Protection Service said.",injured_or_dead_people,hurricane_matthew_2016,hurricane_matthew_2016_dev
174,783774312348123136,"Florida relief agencies pulled apart by Hurricane Matthew as they help Haiti, Cuba, Jamaicaand Florida  @usatoday",rescue_volunteering_or_donation_effort,hurricane_matthew_2016,hurricane_matthew_2016_test
117,783496748476030976,Im supporting the Hurricane Victims in Haiti through The Williams-Jeannot Foundation Co.Inc. Support by retweeting.,rescue_volunteering_or_donation_effort,hurricane_matthew_2016,hurricane_matthew_2016_dev
37,783817782760763393,"What can you say when you see images from @NASA of #HurricaneMatthew. Thoughts &amp; prayers to people of #Haiti #DR, #Bahamas; Fla be safe!",sympathy_and_support,hurricane_matthew_2016,hurricane_matthew_2016_dev
46,783440203608449025,"Wow! #Guccifer2 Thoughts &amp; Prayers for Haiti during hurricane. Whatever the outcome, do not allow Hillary anywhere near these poor people!",sympathy_and_support,hurricane_matthew_2016,hurricane_matthew_2016_dev
16,783969728813469696,Damage from above: massive destruction in western Haitian city. Video:  #HurricaneMatthew #sctweets #scnews,infrastructure_and_utility_damage,hurricane_matthew_2016,hurricane_matthew_2016_test
156,783858082572926976,"Hurricane Matthew Leaves 10 Dead in Haiti, Cholera Surge Feared: Some say the worst is yet to co  #topstories",injured_or_dead_people,hurricane_matthew_2016,hurricane_matthew_2016_test
27,783737426695061504,Lets take a couple seconds of our day and pray for the people in Haiti And Cuba that have been affected by Hurricane Matthew #LoveOnly,sympathy_and_support,hurricane_matthew_2016,hurricane_matthew_2016_dev
218,783786462432993281,#HurricaneMatthew #Matthew @CBSNLive Photo gallery of #Haiti damage,infrastructure_and_utility_damage,hurricane_matthew_2016,hurricane_matthew_2016_test
111,783813254778789889,Hurricane Matthews toll: 19 dead in Haiti; widespread damage - Breitbart,injured_or_dead_people,hurricane_matthew_2016,hurricane_matthew_2016_dev
320,783930113989545984,Haiti Starts to Gauge the Full Damage from Hurricane Matthew’s Rampage  #Uncategorized #Bahamas #Cuba,infrastructure_and_utility_damage,hurricane_matthew_2016,hurricane_matthew_2016_test
233,783531715595829248,Pray for all the people in Haiti who were affected by Hurricane Matthew. ❤️,sympathy_and_support,hurricane_matthew_2016,hurricane_matthew_2016_test
19,783908275427414016,Emergency workers struggle to reach worst-hit parts of Haiti as Hurricane Matthew barrels towards Florida,caution_and_advice,hurricane_matthew_2016,hurricane_matthew_2016_dev
293,783402442188656640,RT @SteveArterburn: Join me in praying for the safety of the people of Haiti &amp; anyone in the path of Hurricane Matthew.,sympathy_and_support,hurricane_matthew_2016,hurricane_matthew_2016_test
106,783813918682603520,RT @NBCNews: Watch a man get rescued from floods in Haiti after heavy rains from Hurricane Matthew,rescue_volunteering_or_donation_effort,hurricane_matthew_2016,hurricane_matthew_2016_test
203,783979397439041536,@Aitch_El Yes. And hurricane touched on one end of Cuba too. But Cuban medics already in Haiti since earthquake. Helping in many places.,rescue_volunteering_or_donation_effort,hurricane_matthew_2016,hurricane_matthew_2016_test
281,783803982045208576,My heart goes out to Haiti and all the other areas being affected by the hurricane. ❤️ὤFἿD,sympathy_and_support,hurricane_matthew_2016,hurricane_matthew_2016_test
14,783707214271741952,"RT @TheTropixs: Over 11 deaths related to Hurricane Matthew in the Caribbean, 5 in Haiti",injured_or_dead_people,hurricane_matthew_2016,hurricane_matthew_2016_dev
82,784699038990041088,Some people have asked me about the hurricane in Haiti and how to help. Go to  or any of the folks mentioned below,rescue_volunteering_or_donation_effort,hurricane_matthew_2016,hurricane_matthew_2016_test
105,783731003567243264,Please support the @LT_Haiti mission base that was damaged by #HurricaneMatthew,infrastructure_and_utility_damage,hurricane_matthew_2016,hurricane_matthew_2016_dev
152,783817856802775044,Hurricane Matthew hits the Bahamas as Haiti tries to dig out  #rescue #rescue360 #fireservice #searchandrescue #fir,rescue_volunteering_or_donation_effort,hurricane_matthew_2016,hurricane_matthew_2016_test
18,783428457644511233,#Matthew strongest Hurricane to hit #Haiti in 52 years. 9 dead. #SouthCarolina to evacuate a million people along the coast.,injured_or_dead_people,hurricane_matthew_2016,hurricane_matthew_2016_dev
105,783644358247608321,Catastrophic damage in Haiti from hurricane Matthewwhen will the Clinton Foundation start stealing from the Haitians again? #NeverHillary,infrastructure_and_utility_damage,hurricane_matthew_2016,hurricane_matthew_2016_test
64,783770892346265604,"Prayers to Haiti, Cuba, the Bahamas, and everyone else affected by the HurricaneὢD❤️, &amp; lets continue to pray for FLs safety, we need it.",sympathy_and_support,hurricane_matthew_2016,hurricane_matthew_2016_dev
92,783708132149035008,"HURRICANE MATTHEW: Hits Haiti, Headed to Cuba: Although only two deaths were initially reported in Haiti, the",injured_or_dead_people,hurricane_matthew_2016,hurricane_matthew_2016_dev
247,783776954562457600,"RT @nbc6: UPDATE: Death toll from Hurricane #Matthew reaches 25, most deaths occurred in Haiti:",injured_or_dead_people,hurricane_matthew_2016,hurricane_matthew_2016_test
68,783393114723463169,"RT @lt_randyraus: Please pray for the @LifeTeen missionaries in Haiti! Per our emergency plan, they moved to a safer location as Hurricane",sympathy_and_support,hurricane_matthew_2016,hurricane_matthew_2016_test
102,783404082102931456,To give to Haiti Hurricane Relief on our website click the link in our bio!,rescue_volunteering_or_donation_effort,hurricane_matthew_2016,hurricane_matthew_2016_test
15,783750375169888256,RT @haitioutreach: #Haiti Outreach is responding to #HurricaneMatthew with water &amp; medical relief. Learn more about our plan &amp; needs!,rescue_volunteering_or_donation_effort,hurricane_matthew_2016,hurricane_matthew_2016_dev
96,783634393734656000,RT @Nonna_Ni: #clintoncash Hill stole Haiti relief $ so now they are more vulnerable than ever facing hurricane. Watch #clintoncash to see,rescue_volunteering_or_donation_effort,hurricane_matthew_2016,hurricane_matthew_2016_dev
278,783705926943576064,Jamaica looks to offer Haiti help after Hurricane Matthew. Two deaths have already been attributed to the storm,injured_or_dead_people,hurricane_matthew_2016,hurricane_matthew_2016_test
90,783875360807157760,Haitis death toll from Hurricane Matthew doubles to 10 RESCUE workers in Haiti struggled to reach isolated towns,injured_or_dead_people,hurricane_matthew_2016,hurricane_matthew_2016_test
84,783996035836379136,Devastating footage of all the damage from Hurricane #Matthew in parts of Haiti. Only about 1% of the buildings were left standing. Ἲ5: @ABC,infrastructure_and_utility_damage,hurricane_matthew_2016,hurricane_matthew_2016_dev
301,783501768072232960,Our prayers this night are with the people of Haiti. Devastating reports of damage from Hurricane Matthew. Tonight we pray. Then we act.,sympathy_and_support,hurricane_matthew_2016,hurricane_matthew_2016_test
325,783746504129294336,RT @ILiveBeyond: Please pray for the people of Haiti and us as hurricane Matthew hits us tomorrow. #HurricaneMatthew,sympathy_and_support,hurricane_matthew_2016,hurricane_matthew_2016_test
158,783752189504200708,Hurricane Matthew powers toward the Bahamas and Floridas eastern coast after battering Haiti and Cuba with torrential rains and kill,injured_or_dead_people,hurricane_matthew_2016,hurricane_matthew_2016_dev
10,783429194575413248,As a church we have prayerfully watched as hurricane Matthew did horrific damage in Haiti and,sympathy_and_support,hurricane_matthew_2016,hurricane_matthew_2016_test
62,783923193862119424,"The US is sending relief supplies to Haiti, where at least 10 people have died from Hurricane Matthew. Listen:",rescue_volunteering_or_donation_effort,hurricane_matthew_2016,hurricane_matthew_2016_dev
308,783423348059541504,RT @Primageographer: Hurricane Matthew: one dead as violent storm makes landfall in Haiti  #geographyteacher &gt;Feelin,injured_or_dead_people,hurricane_matthew_2016,hurricane_matthew_2016_test
107,783909739956547586,We need to find the best way to help our beloved brothers and sisters in Haiti. Politics no good at a time like this.,sympathy_and_support,hurricane_matthew_2016,hurricane_matthew_2016_test
108,783771355481243648,RT @mrmoxamofficial: Praying for Jamaica &amp; Haiti &amp; all the other Islands that are about to be affected by this Hurricane ὡ4ὤFἿE,sympathy_and_support,hurricane_matthew_2016,hurricane_matthew_2016_dev
25,783831632151191552,"After Hurricane Matthew strikes Haiti, relief agencies are on the move",rescue_volunteering_or_donation_effort,hurricane_matthew_2016,hurricane_matthew_2016_test
157,784689202789244928,"Hurricane Matthew death toll nears 900 in Haiti, cholera takes lives",injured_or_dead_people,hurricane_matthew_2016,hurricane_matthew_2016_test
235,783465033904877568,⚡️ Hurricane Matthew makes landfall in Haiti  praying for the victims,sympathy_and_support,hurricane_matthew_2016,hurricane_matthew_2016_test
63,783491991984222208,RT @KatiEkdahl: Everyone please pray for Haiti. I cant imagine what theyre going through after that hurricane without strong homes &amp; resour,sympathy_and_support,hurricane_matthew_2016,hurricane_matthew_2016_dev
264,783713102542016512,RT @14gerkjc: Please pray for the people of Haiti. This hurricane is about to be a monster but I know my God is stronger &amp; more mighty! #Pr,sympathy_and_support,hurricane_matthew_2016,hurricane_matthew_2016_test
283,783444146908438528,1360KKTX: Hurricane Matthew Slams Haiti As A Category 4: Florida is under a state of emergency,caution_and_advice,hurricane_matthew_2016,hurricane_matthew_2016_test
140,783834163346497537,"Haiti suffered severe damage at the wrath of Hurricane Matthew, but @WorldVisionUSA is on the ground with relief.",infrastructure_and_utility_damage,hurricane_matthew_2016,hurricane_matthew_2016_dev
73,783468952626364416,Please consider donating to Love A Child in #Haiti - they can use all the help we can give! ὢ2ὤFἿC,rescue_volunteering_or_donation_effort,hurricane_matthew_2016,hurricane_matthew_2016_test
60,783978580808200192,My heart goes out to the people in #Haiti Ὁ9 #HurricaneMatthew,sympathy_and_support,hurricane_matthew_2016,hurricane_matthew_2016_test
47,783780933090541568,Pls go 2 Food For The Poor website. Fire/police depts will take donations n take them 2 FFTP. AVOID RED CROSS/CLINTON FDTN #HaitiMatthew,rescue_volunteering_or_donation_effort,hurricane_matthew_2016,hurricane_matthew_2016_test
211,783735411730448384,Prayers for the people of Haiti ἞D἟9 and the rest of the Caribbean as hurricane Matthew travels over them.,sympathy_and_support,hurricane_matthew_2016,hurricane_matthew_2016_test
176,783404745365065728,Local Haiti relief groups are keeping tabs on their volunteers in the path of Hurricane Matthew. My report at 5pm @WTHRcom,rescue_volunteering_or_donation_effort,hurricane_matthew_2016,hurricane_matthew_2016_test
53,783393218792714240,PICTURES: 3 dead and thousands flee as Hurricane Matthew slams into Haiti #hurricane #matthew,injured_or_dead_people,hurricane_matthew_2016,hurricane_matthew_2016_dev
5,784689691236847616,"Doppler radar estimates that 8 inches of rain has fallen from Savannah, GA &gt; Beaufort, SC More on the way. Flood warning #Matthew",caution_and_advice,hurricane_matthew_2016,hurricane_matthew_2016_test
91,783633212706816000,RT @900amWURD: DEVLOPING STORY: The European Union brings relief to victims of hurricane Matthew in Haiti In response to,rescue_volunteering_or_donation_effort,hurricane_matthew_2016,hurricane_matthew_2016_test
14,783988367767724033,RT @blicqer: Hurricane Matthew kills at least 23 people in Haiti  @TheVoiceNews,injured_or_dead_people,hurricane_matthew_2016,hurricane_matthew_2016_test
57,783463992979316737,My brother is in Haiti in the middle of hurricane Matthew and we havent had contact with him since 3pm before it hit today. #praying,sympathy_and_support,hurricane_matthew_2016,hurricane_matthew_2016_test
56,783659297620172800,Let us give thanks for being spared the full effects of Hurricane Matthew and turn our thoughts and prayers to Haiti. #PrayersForHaiti,sympathy_and_support,hurricane_matthew_2016,hurricane_matthew_2016_test
134,783481462674690048,"04.10.1963 – Hurricane Flora, kills 6,000 in Cuba and Haiti.",injured_or_dead_people,hurricane_matthew_2016,hurricane_matthew_2016_test
187,783448823502811136,"Praying for Haiti &amp; SC, got people I love all in this hurricane danger zone. God is bigger! ὤF",sympathy_and_support,hurricane_matthew_2016,hurricane_matthew_2016_test
101,783730599911579648,"Hurricane Matthew has Windsorites worried about Haiti: Hurricane Matthew left 11 people dead, five in Haiti a",injured_or_dead_people,hurricane_matthew_2016,hurricane_matthew_2016_test
34,783408735636959232,Everyone please pray for the amazing people in Haiti! Hurricane Matthew is leaving nothing but destruction in this beautiful place.,sympathy_and_support,hurricane_matthew_2016,hurricane_matthew_2016_test
156,783706418314678272,"After battering Haiti, Hurricane Matthew hits the Bahamas Chicago Tribune Rescue workers in",rescue_volunteering_or_donation_effort,hurricane_matthew_2016,hurricane_matthew_2016_dev
180,783714873956003882,Thinking of Haiti residents as we await the hurricane in Florida.,sympathy_and_support,hurricane_matthew_2016,hurricane_matthew_2016_test
145,783452134947762176,"To donate to #Haiti Disaster Relief, please visit  #HurricaneMatthew #Hurricane #MatthewHaiti #haitistrong",rescue_volunteering_or_donation_effort,hurricane_matthew_2016,hurricane_matthew_2016_dev
6,783469687950577664,RT @TmPrettyy: Prayers to Haiti ἞D἟9 first the earthquake now this hurricane they cant catch a break ὤ1,sympathy_and_support,hurricane_matthew_2016,hurricane_matthew_2016_dev
102,783434337492537344,Please pray for people in Haiti who have been affected by hurricane Matthew. Follow the link below for updates or,sympathy_and_support,hurricane_matthew_2016,hurricane_matthew_2016_dev
27,783845072802500613,"Barely 1% of houses left standing - Hurricane Matthew Leaves 10 Dead in Haiti, Cholera Surge Feared - ABC News -",injured_or_dead_people,hurricane_matthew_2016,hurricane_matthew_2016_test
250,783813717414797312,ThankYouBernie: OBAMAS MESSAGE TO AMERICANS RE: HURRICANE MATTHEW: GO TO USAID TO DONATE TO HAITI  HAGOODMANAU,rescue_volunteering_or_donation_effort,hurricane_matthew_2016,hurricane_matthew_2016_test
83,783515330178064384,Praying hard for #Haiti!!! NGOs are working very hard to bring immediate relief!!! @wyclef #warriors #Onelove,sympathy_and_support,hurricane_matthew_2016,hurricane_matthew_2016_test
268,783676535840514048,"RT @immpactmag: Let us Please Keep The People In Cuba, The Bahamas N Haiti N Florida In Our Prayers As They Prepare For Hurricane Matthew #",sympathy_and_support,hurricane_matthew_2016,hurricane_matthew_2016_test
81,783786009888694273,All my prayers go out to the people in Haiti who have lost everything because of the hurricane.,sympathy_and_support,hurricane_matthew_2016,hurricane_matthew_2016_test
286,783424998580957184,RT @NevieLuna: @billclinton I heard @realDonaldTrump donated $100k to Hurricane Matthew relief in #Haiti?!?! Is that true? Would be a bless,rescue_volunteering_or_donation_effort,hurricane_matthew_2016,hurricane_matthew_2016_test
227,783529713142816770,Please pray for Haiti! . Resident of Les Cayes in Haiti: It’s like a bulldozer just passed by”  via @cbsnews,sympathy_and_support,hurricane_matthew_2016,hurricane_matthew_2016_test
67,783758250680393728,US #Navy deploys aircraft carrier to help Haiti hurricane survivors.,rescue_volunteering_or_donation_effort,hurricane_matthew_2016,hurricane_matthew_2016_dev
315,783542499323351040,So very sad that Haiti experience this disaster. May the AID they shall receive be given unto them in TRUTH &amp; LOVE. Hugs,sympathy_and_support,hurricane_matthew_2016,hurricane_matthew_2016_test
213,784696024249937920,"What does a hurricane leave behind? In Haiti, homes are shredded, villages are flooded and at least 264 people have been killed",injured_or_dead_people,hurricane_matthew_2016,hurricane_matthew_2016_test
20,783383153876623360,A Hurricane Warning is issued for Jamaica &amp; much of Haiti. A #Hurricane Watch is now in effect for SE Cuba.  #Matthew,caution_and_advice,hurricane_matthew_2016,hurricane_matthew_2016_dev
148,783886142185897984,We will be sorting/boxing soap to send directly to Haiti to help those that affected by hurricane Matthew. HMU if youre interested,rescue_volunteering_or_donation_effort,hurricane_matthew_2016,hurricane_matthew_2016_dev
127,783669069543276544,RT @wyclef: My prayers for my people in Haiti and the whole Caribbean.. Facing Hurricane Mathew,sympathy_and_support,hurricane_matthew_2016,hurricane_matthew_2016_test
84,783925689732988928,#Haiti: @KwaWouj working to reach people affected by #HurricaneMatthew but flooding limits access to worst hit areas,rescue_volunteering_or_donation_effort,hurricane_matthew_2016,hurricane_matthew_2016_test
72,783586436205326336,Hurricane Matthew causes widespread damage: The Category 4 storm came ashore in Haiti to cause damage and dea,infrastructure_and_utility_damage,hurricane_matthew_2016,hurricane_matthew_2016_dev
163,783947842092138497,U.S. Nonprofit All Hands Volunteers Heads To Haiti After Hurricane,rescue_volunteering_or_donation_effort,hurricane_matthew_2016,hurricane_matthew_2016_dev
41,783926150632312832,Hurricane Matthew: At least 26 killed in Haiti and Cuba,injured_or_dead_people,hurricane_matthew_2016,hurricane_matthew_2016_dev
104,783407273817305088,We must pray as Hurricane Matthew is causing damage in Haiti. The team working with @ConvoyofHope leaves in less than 2 weeks. Pray!!,sympathy_and_support,hurricane_matthew_2016,hurricane_matthew_2016_dev
0,783477557308100609,RT @alyssa__garcia: Everyone tweeting pray for Jamaica and Haiti but theyre also praying for the hurricane to hit us because they dont wa,sympathy_and_support,hurricane_matthew_2016,hurricane_matthew_2016_dev
215,783413036887539712,Please be in prayer for those in Haiti who have little protection from Hurricane Matthew!,sympathy_and_support,hurricane_matthew_2016,hurricane_matthew_2016_test
72,783702603204927488,"gore, clintons, comey ready to launch RELIEF Funds for Haiti as hurricane builds. dems seek opportunities w/civil desasters strike! easy $$",rescue_volunteering_or_donation_effort,hurricane_matthew_2016,hurricane_matthew_2016_test
31,783698648718831617,Collecting donations in order to support Haiti during Hurricane Matthew. Call 516-599-2972 for more information. #HurricaneMatthew #Relief,rescue_volunteering_or_donation_effort,hurricane_matthew_2016,hurricane_matthew_2016_dev
51,783415210291888128,Lets see how bad of a job @HillaryClinton did in #Haiti #Hurricane will expose her corruption. And I bet they dont ask for their help again,sympathy_and_support,hurricane_matthew_2016,hurricane_matthew_2016_test
4,783878321893478400,RT @sarahlindsaay: My heart is so broken for those affected in Haiti by the hurricane. Please please keep everyone in your prayers ❤️,sympathy_and_support,hurricane_matthew_2016,hurricane_matthew_2016_test
49,783999643176820736,RT @chris8video: About to hop on this plane to Haiti w/ @BobBuckleyWGHP to see how @SamaritansPurse is helping Hurricane victims.,rescue_volunteering_or_donation_effort,hurricane_matthew_2016,hurricane_matthew_2016_test
270,784697584220798977,RT @SueDHellmann: Praying for swift recovery for people of Haiti &amp; all those affected by Hurricane Matthew. Here’s how you can help. :,sympathy_and_support,hurricane_matthew_2016,hurricane_matthew_2016_test
169,783777665580867585,"Hurricane aftermath video shot by staff at our school in Bossier, Haiti. We lost a lot of beach and some",infrastructure_and_utility_damage,hurricane_matthew_2016,hurricane_matthew_2016_test
68,783930064090107904,Struggling Haiti badly hurt by hurricane Matthew. Wonder how many $$ in donations Clinton Crime Family will steal from them this time? #tcot,rescue_volunteering_or_donation_effort,hurricane_matthew_2016,hurricane_matthew_2016_dev
292,783808594751860736,"After severe (but as yet,largely untold) damage in #Haiti &amp; #Cuba,strengthening #HurricaneMatthew threatens widespread Florida impacts.#FLwx",infrastructure_and_utility_damage,hurricane_matthew_2016,hurricane_matthew_2016_test
148,783963379383676928,#TyoNews A Birds Eye View of Hurricane Damage in Haiti: Aerial video shows the level of destruction in  #News,infrastructure_and_utility_damage,hurricane_matthew_2016,hurricane_matthew_2016_test
135,783839739166199812,"Please take time and join us as we pray for Haiti. Also, pray for the east coast that hurricane Matthew heads way",sympathy_and_support,hurricane_matthew_2016,hurricane_matthew_2016_test
160,783868637656584192,#Hawaii #Maui #Oahu #Kauai Hurricane Matthew: Photos of the Destruction in Haiti,infrastructure_and_utility_damage,hurricane_matthew_2016,hurricane_matthew_2016_test
96,784696857310089216,Thoughts go out to all the people affected by the hurricane in Haiti and where ever else it has hit,sympathy_and_support,hurricane_matthew_2016,hurricane_matthew_2016_test
83,783485199841566720,Please #pray for #Haiti &amp; the surrounding areas. Lord we ask that you calm Hurricane Matthew. Dont allow any more harm. In Jesus name.,sympathy_and_support,hurricane_matthew_2016,hurricane_matthew_2016_dev
8,783424481654149120,Nine people dead as Hurricane Matthew makes landfall  #Hurricane #Matthew #HurricaneMatthew #Haiti,injured_or_dead_people,hurricane_matthew_2016,hurricane_matthew_2016_dev
86,783868279710294016,RT @KyleeMiller_WX: My thoughts go out to those being impacted by Hurricane Matthew. Stay with WeatherNation for live coverage. Ἲ5 /,sympathy_and_support,hurricane_matthew_2016,hurricane_matthew_2016_test
6,783840498062532608,"Hurricane Matthew hits Bahamas; unlikely to reach R.I. + video: PORT-AU-PRINCE, Haiti (AP) — Rescue workers in",rescue_volunteering_or_donation_effort,hurricane_matthew_2016,hurricane_matthew_2016_test
276,783625458462187520,RT @Astro_Flow: Please keep everyone in Matthews path in your thoughts and prayers.,sympathy_and_support,hurricane_matthew_2016,hurricane_matthew_2016_test
309,783411606298296320,Hurricane Matthew: Seven dead as extremely dangerous category 4 storm makes landfall in Haiti  via @telegraphnews,injured_or_dead_people,hurricane_matthew_2016,hurricane_matthew_2016_test
100,783779269721874432,"Hurricane destroys family home in Haiti, mums concern is childrens uniforms washed awaywhat does this say about priorities in our life",infrastructure_and_utility_damage,hurricane_matthew_2016,hurricane_matthew_2016_dev
223,783467383382020097,Powerful hurricane kills at lease 4  #Haiti #HurricaneMatthew,injured_or_dead_people,hurricane_matthew_2016,hurricane_matthew_2016_test
191,783770397003034625,"#TheNewsClub Update: Hurricane Matthew blamed for 25 deaths, officials say; 19 in Haiti, 4 in Dominican Republic, 1",injured_or_dead_people,hurricane_matthew_2016,hurricane_matthew_2016_test
61,783390493271023617,"RT @MobilizeClimate: Our thoughts are with the people of Haiti today. We’ve got to mobilize to weather storms ahead, &amp; prevent worse.",sympathy_and_support,hurricane_matthew_2016,hurricane_matthew_2016_dev
216,783658956673593344,Please say extra prayers for the many families in Haiti affected by Hurricane Matthew. Specifically be in prayer,sympathy_and_support,hurricane_matthew_2016,hurricane_matthew_2016_test
3,783522007518437376,"Dear God, Help the people in #Haiti tonight and going forward",sympathy_and_support,hurricane_matthew_2016,hurricane_matthew_2016_test
198,783628598381076484,God we pray for all so far affected by the storm &amp; that which is yet to come Amen!,sympathy_and_support,hurricane_matthew_2016,hurricane_matthew_2016_test
167,784649253524123648,RT @BlueHamilton: What I see coming out of Haiti is heartbreaking. Time to donate!,rescue_volunteering_or_donation_effort,hurricane_matthew_2016,hurricane_matthew_2016_test
98,783417946680991744,My thoughts and prayers go out to the people of Haiti. #HurricaneMatthew Hurricane Matthew: storm pounds Haiti,sympathy_and_support,hurricane_matthew_2016,hurricane_matthew_2016_test
79,783703050364092416,CrowdRise: Donate to support Haitian EMTs,rescue_volunteering_or_donation_effort,hurricane_matthew_2016,hurricane_matthew_2016_test
20,783424499467386881,"Praying for Haiti, our mission partners, &amp; all our brothers &amp; sisters affected by Hurricane Matthew. We’re lifting you all up in prayer!",sympathy_and_support,hurricane_matthew_2016,hurricane_matthew_2016_test
150,783705301086146560,View of decades most powerful hurricane from space. Our thoughts and prayers for Haiti. #HurricaneMatthew,sympathy_and_support,hurricane_matthew_2016,hurricane_matthew_2016_dev
52,783554495666159616,Total of 300 US Marines Embark on Relief Mission in Haiti Amid Hurricane Matthew: Some 300 US Marines will he,rescue_volunteering_or_donation_effort,hurricane_matthew_2016,hurricane_matthew_2016_test
36,783995487896547328,WPW Haiti rescue teams reach out to devastated areas cut off by massive hurricane: Only 16 have been killed b,injured_or_dead_people,hurricane_matthew_2016,hurricane_matthew_2016_dev
196,783605428840173568,EU relief to victims of hurricane Matthew in Haiti,rescue_volunteering_or_donation_effort,hurricane_matthew_2016,hurricane_matthew_2016_test
139,783608502015053824,"As Hurricane Matthew makes landfall in Haiti, #UN relief agencies on standby to provide assistance",rescue_volunteering_or_donation_effort,hurricane_matthew_2016,hurricane_matthew_2016_dev
28,783740287755497472,"RT @SarahBellee17: Hurricane Matthew is causing flooding,deaths, and destroyed homes in Haiti right now. Please continue to pray.",infrastructure_and_utility_damage,hurricane_matthew_2016,hurricane_matthew_2016_dev
39,783671040987701249,"As I see it: Facebook Live chat, 2.30PM, Jamaica time. Prepared for what? Looking back on Hurricane Matthew; thoughts on damage to Haiti",infrastructure_and_utility_damage,hurricane_matthew_2016,hurricane_matthew_2016_dev
277,783850657774198784,Were humbled to have donated to the Haiti Hurricane Relief fund managed by All Childrens International. Haiti .,rescue_volunteering_or_donation_effort,hurricane_matthew_2016,hurricane_matthew_2016_test
87,783678044594638848,"RT @B911Weather: US Agency for International Development says it is providing $400,000 in aid to Haiti and Jamaica for Hurricane Matthew -",rescue_volunteering_or_donation_effort,hurricane_matthew_2016,hurricane_matthew_2016_dev
55,783956884248076288,Haiti starting to assess full damage from Hurricane Matthew’s wrath  #WorldNews #CARE,infrastructure_and_utility_damage,hurricane_matthew_2016,hurricane_matthew_2016_test
161,783785848840019968,Aid teams try to reach areas in Haiti pounded by hurricane  via @WSJ,rescue_volunteering_or_donation_effort,hurricane_matthew_2016,hurricane_matthew_2016_dev
200,783895576538673152,"Line up supplies now for hurricane victims in Haiti and wherever the storm hits in the U.S., etc. Pros @ mobilizing.",rescue_volunteering_or_donation_effort,hurricane_matthew_2016,hurricane_matthew_2016_test
313,783789463684026368,This a big ass hurricane a lot of people about to lose their homes hope no one lose their life smh pray for Haiti an now Florida,sympathy_and_support,hurricane_matthew_2016,hurricane_matthew_2016_test
263,783598300389924865,Hurricane Matthew: State of Emergency declared in the southeastern United States. Cuba and Haiti also on high alert!,caution_and_advice,hurricane_matthew_2016,hurricane_matthew_2016_test
10,783853202085187584,My heart is aching for Haiti right now and the damage theyve gotten from the hurricane. Pray for them &amp; count your blessings.,infrastructure_and_utility_damage,hurricane_matthew_2016,hurricane_matthew_2016_dev
23,784648989966737408,"RT @MotivatinQuotes: I want to send my love, my thoughts and prayers to ALL those impacted or will be impacted by #HurricaneMatthew. Stay s",sympathy_and_support,hurricane_matthew_2016,hurricane_matthew_2016_test
145,783544697809764353,Just pray how about we donate to help heres a link,rescue_volunteering_or_donation_effort,hurricane_matthew_2016,hurricane_matthew_2016_test
70,783701383249850368,RT @BritishRedCross: Hurricane Matthew leaves trail of destruction in Haiti,infrastructure_and_utility_damage,hurricane_matthew_2016,hurricane_matthew_2016_test
9,783485153221877760,RT @tcoghq: Join us in prayer today for the residents of Haiti as Hurricane Matthew makes landfall. It was only a few years,sympathy_and_support,hurricane_matthew_2016,hurricane_matthew_2016_dev
299,783437159520952320,"SMI does so much for the Haitians &amp; is the organization we go to Haiti through, if you can donate to their hurricane relief fund please do!",rescue_volunteering_or_donation_effort,hurricane_matthew_2016,hurricane_matthew_2016_test
127,783810937429958656,RT @dbienaime: Hurricane Matthew Death Toll: Deadly Storm Kills In #Haiti And Other Caribbean Nations -,injured_or_dead_people,hurricane_matthew_2016,hurricane_matthew_2016_dev
33,783790669483552768,RT @tommechler: Join me in praying for the people of Haiti and others in the path of #HurricaneMatthew.,sympathy_and_support,hurricane_matthew_2016,hurricane_matthew_2016_test
207,783887455804096512,"While Hurricane Matthew moves through the Caribbean, Haiti is still struggling to deal with the damage the storm",infrastructure_and_utility_damage,hurricane_matthew_2016,hurricane_matthew_2016_test
134,783938967066570752,Telegraph Pics: Hurricane Matthew: Death toll in Haiti rises to 23 as rescuers struggle to,injured_or_dead_people,hurricane_matthew_2016,hurricane_matthew_2016_dev
123,783855190990618625,"Praying for Haiti, Cuba, and other Caribbean Islands who are affected by Hurricane Matthew - and all others in the wake of this storm.ὤFἿE",sympathy_and_support,hurricane_matthew_2016,hurricane_matthew_2016_test
110,783796588707737600,"Please, pray for all of those who have been hurt, help where you can, and hope that #Matthew doesnt hit the US",sympathy_and_support,hurricane_matthew_2016,hurricane_matthew_2016_dev
280,783593937390952448,.@canredcrossATL organizing Hurricane Matthew relief for Haiti &amp; Caribbean. Donate to redcross.ca or call 1-800-418-1111. @canredcrossnl,rescue_volunteering_or_donation_effort,hurricane_matthew_2016,hurricane_matthew_2016_test
185,783508802414997504,My heart is truly in pain for the people of Haiti. Their suffering is immeasurable &amp; they sincerely require the help of the whole world.,sympathy_and_support,hurricane_matthew_2016,hurricane_matthew_2016_test
116,783469547420545025,Hurricane Matthew: at least seven feared dead as storm hits Haiti | World news | The Guardian,injured_or_dead_people,hurricane_matthew_2016,hurricane_matthew_2016_test
272,783652986148884480,RT @_graceannsmith: Please pray for all my Haiti friends as they go through this hurricane!!!! ❤️ὤFἿC Psalm 145:18,sympathy_and_support,hurricane_matthew_2016,hurricane_matthew_2016_test
41,783892682317762560,"Praying for #Haiti, #Cuba, #DominicanRepublic, and the #Bahamas. - #HurricaneMatthew - Relief efforts:",sympathy_and_support,hurricane_matthew_2016,hurricane_matthew_2016_test
88,783684015052189697,"RT @EvaRubin_: after seeing how destroyed Haiti is after this hurricane, how can you be excited for one? lmao",infrastructure_and_utility_damage,hurricane_matthew_2016,hurricane_matthew_2016_test
114,783456938394877952,"Congrats To Minister Desmond McKenzie! For Offering Assistance To Haiti, In The Wake Of Hurricane Matthew! The Way To Go! #HurricaneWatch",rescue_volunteering_or_donation_effort,hurricane_matthew_2016,hurricane_matthew_2016_dev
42,783431996794105857,Hurricane would do less damage to Haiti if the #CrookedHillary #ClintonFoundation had done its job. #SpecialReport,infrastructure_and_utility_damage,hurricane_matthew_2016,hurricane_matthew_2016_dev
195,783436376201105408,Prayers goes to everyone in #Haiti affected by #HurricaneMatthew,sympathy_and_support,hurricane_matthew_2016,hurricane_matthew_2016_test
153,783698844068507648,"RT @MiLUVMiSUMNEEKi: Prayers out to everyone in Cuba, Haiti, the Bahamas &amp; all the countries affected by Hurricane Matthew ❤",sympathy_and_support,hurricane_matthew_2016,hurricane_matthew_2016_dev
136,783418132702584833,woW @NYDailyNews: At least three dead as Hurricane Matthew wallops Haiti with 145 mph winds,injured_or_dead_people,hurricane_matthew_2016,hurricane_matthew_2016_dev
151,783696304417288192,Please keep our co-op family and friends in Haiti in your thoughts and prayers as they recover from Hurricane,sympathy_and_support,hurricane_matthew_2016,hurricane_matthew_2016_test
78,783560406040207360,Please support Hurricane Matthew Relief Fund  via @razoo #donate #haiti #prayforhaiti #hurricanematthew #prayforhaiti,sympathy_and_support,hurricane_matthew_2016,hurricane_matthew_2016_dev
12,783950571564851200,Aerial Footage: #Haiti Town Destroyed By #Hurricane #Matthew  #Jeremie,infrastructure_and_utility_damage,hurricane_matthew_2016,hurricane_matthew_2016_test
112,783803775702011904,"RatedBama just posted Haiti Costal Town Destroyed by Hurricane Matthew, read it here:",infrastructure_and_utility_damage,hurricane_matthew_2016,hurricane_matthew_2016_test
231,783456690754682880,"Pray for Haiti, this hurricane is coming to do damage. If you have family over there call them, T-Mobile offers free calls there til Friday",infrastructure_and_utility_damage,hurricane_matthew_2016,hurricane_matthew_2016_test
245,783403922677313536,RT @realkingrobbo: Hurricane Mathew slams into Haiti. Property damage and loss of life expected. #TrumpTrain #Trump2016 #MAGA /,infrastructure_and_utility_damage,hurricane_matthew_2016,hurricane_matthew_2016_test
291,783662608981364736,Not sure how to help poorest victims of Hurricane Matthew? From US Embassy in Haiti --,rescue_volunteering_or_donation_effort,hurricane_matthew_2016,hurricane_matthew_2016_test
125,783419028861628416,RT @ONENewsNZ: At least seven dead in Caribbean as powerful Hurricane Matthew roars across Haiti,injured_or_dead_people,hurricane_matthew_2016,hurricane_matthew_2016_test
267,783834801379782656,"Hurricane Matthew leaves destruction in Haiti, rips through Bahamas: Hurricane Matthew left a broad swath of",infrastructure_and_utility_damage,hurricane_matthew_2016,hurricane_matthew_2016_test
50,783508603210641409,Please keep the beautiful country and amazing people of Haiti in your prayers tonight as hurricane Mathew hits them. ❤️,sympathy_and_support,hurricane_matthew_2016,hurricane_matthew_2016_test
78,783653279221817344,"Please help pregnant mothers in the area, donate at  #HurricaneMatthew #haiti @mimsi_org",rescue_volunteering_or_donation_effort,hurricane_matthew_2016,hurricane_matthew_2016_test
157,783621201377853440,US military stages #Haiti relief efforts in Cayman  via @cayCompass #HurricaneMatthew #Matthew,rescue_volunteering_or_donation_effort,hurricane_matthew_2016,hurricane_matthew_2016_dev
13,783876302264729601,Yall Dominican Republic blessed yall cause hurricane Matthew killed 5 people in Haiti which is on the same island as DR,injured_or_dead_people,hurricane_matthew_2016,hurricane_matthew_2016_test
319,783519546665734144,If you are interested in helping the relief efforts in Haiti from hurricane Matthew I attached the link. Thank you!,rescue_volunteering_or_donation_effort,hurricane_matthew_2016,hurricane_matthew_2016_test
249,783885496329998336,RT @cbab1232001: Haiti got destroyed again from Hurricane. Make a big stink abt Haitis money. Tell Clintons to give them their money!,infrastructure_and_utility_damage,hurricane_matthew_2016,hurricane_matthew_2016_test
19,783383490310000644,RT @Glicklich_Facts: Hurricane Matthew: at least six feared dead in Haiti as violent storm hits  #StopRush #UniteBlu,injured_or_dead_people,hurricane_matthew_2016,hurricane_matthew_2016_test
11,783433186248228864,My heart is breaking as Haiti is getting slammed by this hurricane. Many have died and lost their homes and its only the beginning. ❤️Ὁ9,injured_or_dead_people,hurricane_matthew_2016,hurricane_matthew_2016_test
32,783385695784173568,@realDonaldTrump go to haiti after the hurricane and help give food,rescue_volunteering_or_donation_effort,hurricane_matthew_2016,hurricane_matthew_2016_dev
117,783748464001769473,Our thoughts and prayers go out to our friends in Florida. May the storm just turn east and fizzle out.,sympathy_and_support,hurricane_matthew_2016,hurricane_matthew_2016_test
61,783399980253839360,Please keep your thoughts and prayers with the people of Haiti as scenes of chaos are reported following impact of #hurricanematthew,sympathy_and_support,hurricane_matthew_2016,hurricane_matthew_2016_test
109,783969307936034818,"My prayers go out to the good people of Haiti who once again got hit hard, this time by Hurricane Matthew",sympathy_and_support,hurricane_matthew_2016,hurricane_matthew_2016_test
172,783875987486363648,#HurricaneMatthew’s toll: 19 dead in #Haiti; widespread #damage via @BreitbartNews,injured_or_dead_people,hurricane_matthew_2016,hurricane_matthew_2016_test
225,783633535076892672,"Here in FL and US we can prepare and recover, but places like Haiti most people cant. If you have means to send help to Haiti, please do.",rescue_volunteering_or_donation_effort,hurricane_matthew_2016,hurricane_matthew_2016_test
113,783780332839444480,Haiti not yet able to gauge effect of #HurricaneMatthew where less powerful storms have killed thousands.,injured_or_dead_people,hurricane_matthew_2016,hurricane_matthew_2016_test
296,784649359292002304,RT @jayfeely: distributed 1.5 million meals in Haiti Our Warehouse is empty. 2million meals donated &amp; ready to ship but need funds /,rescue_volunteering_or_donation_effort,hurricane_matthew_2016,hurricane_matthew_2016_test
326,783864123167608832,"Hurricane Matthew kills 26 in Caribbean on destructive path to U.S.: LES CAYES, Haiti/GUANTANAMO, Cuba (Reute",injured_or_dead_people,hurricane_matthew_2016,hurricane_matthew_2016_test
2,784648953639931904,RT @MOBILEMIKE_: Aerial footage of western Haiti shows catastrophic damage after Hurricane Matthew,infrastructure_and_utility_damage,hurricane_matthew_2016,hurricane_matthew_2016_dev
48,783472078548631552,RT @PaperForWater: Please PRAY with us for Haiti and those in the path of hurricane Matthew!,sympathy_and_support,hurricane_matthew_2016,hurricane_matthew_2016_test
111,783511862092656641,@SailorVanity I found a starting resource that lists different places to donate.,rescue_volunteering_or_donation_effort,hurricane_matthew_2016,hurricane_matthew_2016_test
251,783826985525141504,RT @MeghanWJZ: Local relief groups respond to Hurricane Matthews devastation in Haiti @cbsbaltimore #wjz,rescue_volunteering_or_donation_effort,hurricane_matthew_2016,hurricane_matthew_2016_test
322,783429914619961344,RT @insideclimate: The full extent of Hurricane Matthews pass through Haiti is not clear. At least 2 people have been killed.,injured_or_dead_people,hurricane_matthew_2016,hurricane_matthew_2016_test
158,783605910723817472,@khjelmgaard Haiti damage bad enough already; 11+ dead so far.,infrastructure_and_utility_damage,hurricane_matthew_2016,hurricane_matthew_2016_test
202,783434646373576704,"My donation will go directly to Red Cross, not your foundation! Haiti has warned me!",rescue_volunteering_or_donation_effort,hurricane_matthew_2016,hurricane_matthew_2016_test
219,783478298600808448,RT @FernandoDomini: Praying for everyone in #haiti and #jamaica for the #hurricane,sympathy_and_support,hurricane_matthew_2016,hurricane_matthew_2016_test
70,783827456713121792,"#BreakingNews Hurricane Matthew kills 26 in Caribbean on destructive path to U.S.: LES CAYES, Haiti/GUA  #News",injured_or_dead_people,hurricane_matthew_2016,hurricane_matthew_2016_dev
38,783688200334311424,Pray for Haiti // Hurricane Matthew Relief,sympathy_and_support,hurricane_matthew_2016,hurricane_matthew_2016_dev
142,783871082126278656,my heart &amp; prayers are with you all ❤️,sympathy_and_support,hurricane_matthew_2016,hurricane_matthew_2016_dev
13,783626770998136833,"RT @ayyyeGabi: My heart aches for their families, homes and peace of mind. Hurricane Matthew makes landfall in Haiti",sympathy_and_support,hurricane_matthew_2016,hurricane_matthew_2016_dev
5,783766016522199040,"Hurricane response in Haiti slowed by blocked roads, floods, power outages",infrastructure_and_utility_damage,hurricane_matthew_2016,hurricane_matthew_2016_dev
284,783586053215051776,Maryland Group Sending Hurricane Relief Supplies to Haiti  #DC,rescue_volunteering_or_donation_effort,hurricane_matthew_2016,hurricane_matthew_2016_test
237,783802181682012160,"#floridanow #Matthew Leaves Catastrophic Devastation in Haiti, Cuba; 11 Deaths Blamed on Storm @weatherchannel",injured_or_dead_people,hurricane_matthew_2016,hurricane_matthew_2016_test
173,783609175532339200,Hurricane devastation in Haiti hits close to home for many in Hampton Roads  via @WTKR3,infrastructure_and_utility_damage,hurricane_matthew_2016,hurricane_matthew_2016_test
73,783429151529308161,HAITI - 10/4/16 -- A few early photos are starting to come in of the storm damage from Hurricane Matthew as it,infrastructure_and_utility_damage,hurricane_matthew_2016,hurricane_matthew_2016_dev
24,783871340407291904,Port Arthur church helps Hurricane Matthew victims in Haiti  via @12NewsNow,rescue_volunteering_or_donation_effort,hurricane_matthew_2016,hurricane_matthew_2016_dev
87,783615203627991041,"Hurricane Matthew is heading for Haiti, where 2010 earthquake victims live in precarious conditions  #BBCGoFigure",caution_and_advice,hurricane_matthew_2016,hurricane_matthew_2016_test
50,783714022331854848,Bob Vaughn is in touch with the people we serve in Haiti reporting very little damage. Please pray for others affected by Hurricane Matthew.,sympathy_and_support,hurricane_matthew_2016,hurricane_matthew_2016_dev
80,783705709523316736,Please consider donating or starting your own fundraising campaign thru @imME_org to help people in Haiti!,rescue_volunteering_or_donation_effort,hurricane_matthew_2016,hurricane_matthew_2016_dev
166,784689762032508928,Hurricane Matthew Barrels Up The East Coast After Ravaging Haiti: Nearly 900 people killed and tens of thousa,injured_or_dead_people,hurricane_matthew_2016,hurricane_matthew_2016_dev
66,783437329721679872,"RT @cooldealselect: Powerful hurricane lashes Haiti, moves toward Cuba: The extremely dangerous storm has already killed at lea :",caution_and_advice,hurricane_matthew_2016,hurricane_matthew_2016_dev
104,783811307996786688,#hiphop #jewelry Haiti Costal Town Destroyed by Hurricane Matthew: The hurrica   #bling,infrastructure_and_utility_damage,hurricane_matthew_2016,hurricane_matthew_2016_test
133,783619214443765760,My heart goes out to the people of the south of #Haiti affected by hurricane #matthew,sympathy_and_support,hurricane_matthew_2016,hurricane_matthew_2016_dev
124,783683831161360384,Simple acknowledgement of the deforestation and how that makes hurricane damage worse would have sufficed.,infrastructure_and_utility_damage,hurricane_matthew_2016,hurricane_matthew_2016_test
54,783415246106918913,RT @LifelineChild: Please be on your knees in prayer with us on behalf of our partners and children in Haiti and the DR who are in threat o,sympathy_and_support,hurricane_matthew_2016,hurricane_matthew_2016_dev
186,783696221672181760,"Hurricane Matthew kills 10 across Caribbean; 2,700 Haitian families affected, agency says:",injured_or_dead_people,hurricane_matthew_2016,hurricane_matthew_2016_test
22,783841170367459328,Terrible! Give to the #Red Cross or any disaster relief #charity you trust,rescue_volunteering_or_donation_effort,hurricane_matthew_2016,hurricane_matthew_2016_dev
43,783769963198832640,"RT @chaelibug: Sending prayers up for Haiti, the Bahamas and everyone else affected by the hurricane. Cant even begin to imagine. /",sympathy_and_support,hurricane_matthew_2016,hurricane_matthew_2016_dev
147,783857505373855744,(Independent) Hurricane Matthew: Emergency workers struggle to reach worst-hit parts of Haiti as storm barrel,rescue_volunteering_or_donation_effort,hurricane_matthew_2016,hurricane_matthew_2016_dev
192,783611689577148417,RT @SheliNBC6: Hurricane Matthew death toll: 2-Haiti 4-Dominican Republic 1-NE Colombia 1-Grenadines Islands @nbc6,injured_or_dead_people,hurricane_matthew_2016,hurricane_matthew_2016_test
132,783749514460925952,RT @fbnewswire: US Marines head for Haiti to help disaster relief effort in wake of Hurricane #Matthew,rescue_volunteering_or_donation_effort,hurricane_matthew_2016,hurricane_matthew_2016_test
21,783764544300515328,Dont worry people of Haiti @HillaryClinton can help with the hurricane relief #ClintonFoundation ὠ9,rescue_volunteering_or_donation_effort,hurricane_matthew_2016,hurricane_matthew_2016_test
52,783517570158714880,RT @jgsphd: Concerned about suffering in Haiti? Please consider giving to this excellent organization. We do:,rescue_volunteering_or_donation_effort,hurricane_matthew_2016,hurricane_matthew_2016_dev
141,783704564859965440,RT @Alecforman: Dont know how to help Haiti and other hurricane victims? Heres your shot. #HurricaneMatthew,rescue_volunteering_or_donation_effort,hurricane_matthew_2016,hurricane_matthew_2016_dev
132,783775115708203008,Our thoughts are with those in Haiti and the Bahamas and the people on the East Coast preparing for #Matthew.,sympathy_and_support,hurricane_matthew_2016,hurricane_matthew_2016_dev
40,784697434656034816,"RT @RT_com: Over 870 killed, 350,000 in need of urgent aid in hurricane-stricken Haiti",injured_or_dead_people,hurricane_matthew_2016,hurricane_matthew_2016_dev
128,783520106789867521,"RT @JamaicaGleaner: Hurricane Matthew batters Haiti - rips off roofs, floods homes",infrastructure_and_utility_damage,hurricane_matthew_2016,hurricane_matthew_2016_dev
8,783444361245630464,Did the Hurricane or the Clinton Foundation do more damage to Haiti?,infrastructure_and_utility_damage,hurricane_matthew_2016,hurricane_matthew_2016_test
143,783645950979956736,"#HurricaneMatthew #Hurricane #Haiti Obama speaks today on relief of SE USA, and Haiti.",rescue_volunteering_or_donation_effort,hurricane_matthew_2016,hurricane_matthew_2016_test
65,783514732095496192,We are praying tonight for the people of Haiti and everyone in the path of Hurricane #Matthew. Looking for ways to help? Follow @helponenow,sympathy_and_support,hurricane_matthew_2016,hurricane_matthew_2016_test
31,784649040575270912,If Hurricane Matthew comes back around and hits Florida again I honestly dont know what well do cause theres already so much damage,infrastructure_and_utility_damage,hurricane_matthew_2016,hurricane_matthew_2016_test
201,783402679967977472,RT @DadLibertarian: yeah just dont donate to the Clinton Slush Fund. They didnt do jack shit for Haiti,rescue_volunteering_or_donation_effort,hurricane_matthew_2016,hurricane_matthew_2016_test
74,783437934687027201,"Hurricane Matthew lashes Haiti, sweeps away major bridge  Please pray for my fav people. My heart aches for themὡEὉ4",sympathy_and_support,hurricane_matthew_2016,hurricane_matthew_2016_test
120,783812994161520640,RT @CBCAlerts: The number of deaths in Haiti blamed on Hurricane Matthew has doubled to at least 10: AP,injured_or_dead_people,hurricane_matthew_2016,hurricane_matthew_2016_test
39,783458444053323776,See how United Methodist Committee on Relief (UMCOR) is preparing to help Haiti in the wake of Hurricane Matthew.,rescue_volunteering_or_donation_effort,hurricane_matthew_2016,hurricane_matthew_2016_test
144,783737940459618309,Please continue to pray for Haiti as they were heavily affected by Hurricane Matthew,sympathy_and_support,hurricane_matthew_2016,hurricane_matthew_2016_dev
323,783472997709471744,9 Dead As Hurricane Matthew Hammers Haiti And Looks Increasingly Likely To Make Florida Landfall  #breakingnews,injured_or_dead_people,hurricane_matthew_2016,hurricane_matthew_2016_test
262,783684186427318276,"Our thoughts and prayers remain with the people of Haiti, and all who fall within the path of Hurricane Matthew.",sympathy_and_support,hurricane_matthew_2016,hurricane_matthew_2016_test
188,783392582650859520,Our prayers go out to the people in Haiti affected by Hurricane Mathew.,sympathy_and_support,hurricane_matthew_2016,hurricane_matthew_2016_test
90,783474201923584000,RT @USEmbassyHaiti: Most of Haiti is under a Hurricane Warning. All American citizens are strongly advised to shelter in place if they are,caution_and_advice,hurricane_matthew_2016,hurricane_matthew_2016_dev
318,783849411302526976,Were starting to see some reports about the damage in Haiti caused by Hurricane #Matthew.,infrastructure_and_utility_damage,hurricane_matthew_2016,hurricane_matthew_2016_test
24,784689247940993024,"RT @ChasCountyGov: #HurricaneMatthew Update: 1,538 in shelters, reports of trees and power lines down throughout the county. Stay inside do",infrastructure_and_utility_damage,hurricane_matthew_2016,hurricane_matthew_2016_test
77,783417158206418949,"Haiti survived ? The earthquake was bad, the Clintons devastating and now this hurricane. Pray for Haiti and its people.",sympathy_and_support,hurricane_matthew_2016,hurricane_matthew_2016_test
149,783426406122487809,everyone say a quick prayer for my uncles safety. hes getting deployed out to Haiti tomorrow for search and rescue due to the hurricane,sympathy_and_support,hurricane_matthew_2016,hurricane_matthew_2016_dev
311,783785527300362241,"US military sending up to 200 troops to Haiti for Hurricane Matthew relief efforts, head of US Navys southern command says",rescue_volunteering_or_donation_effort,hurricane_matthew_2016,hurricane_matthew_2016_test
75,784649093851340800,"Haitis ambassador asks Americans to donate to Haitian institutions, including city govts, to avoid mistakes from the past. #Matthew",rescue_volunteering_or_donation_effort,hurricane_matthew_2016,hurricane_matthew_2016_dev
34,783967034573029376,The #americanredcross is in great need of blood donations to help those affected by #HurricaneMatthew ! #redcross,rescue_volunteering_or_donation_effort,hurricane_matthew_2016,hurricane_matthew_2016_dev
63,783422089218760706,Its crazy to think that its been almost three years since I was in Haiti. Praying that people can stay safe through the hurricane.,sympathy_and_support,hurricane_matthew_2016,hurricane_matthew_2016_test
76,783813563039174656,Haiti hit hard by Hurricane Matthew: Analyze Laguerre stands inside her home damaged by Hurricane Matthew in,infrastructure_and_utility_damage,hurricane_matthew_2016,hurricane_matthew_2016_dev
241,783834022090674177,"Hurricane Matthew smashed into Haiti, leaving a trail of devastation and affecting 350,000 Haitians. The country",infrastructure_and_utility_damage,hurricane_matthew_2016,hurricane_matthew_2016_test
42,783404372155826176,@realDonaldTrump @EricTrump @DonaldJTrumpJr @IvankaTrump @KellyannePolls Will Clintons be held accountable for Hurricane Matthew deaths?,injured_or_dead_people,hurricane_matthew_2016,hurricane_matthew_2016_test
248,783424757030989825,Dominican Republic: Hurricane Matthew kills four in Dominican Republic  #Haiti,injured_or_dead_people,hurricane_matthew_2016,hurricane_matthew_2016_test
234,783778940838027264,#GlobalMedic preparing to send team to #Haiti to assist with #Hurricane Relief efforts #cdnpoli #Canada #TOpoli #ONpoli #HurricaneMatthew,rescue_volunteering_or_donation_effort,hurricane_matthew_2016,hurricane_matthew_2016_test
324,783985895493865472,"RT @rolandsmartin: 7AM ET on #NewsOneNow: Hurricane Matthew kills 21 in Haiti. States of Emergency declared in Florida, Georgia and the Car",caution_and_advice,hurricane_matthew_2016,hurricane_matthew_2016_test
164,783665436311318528,RT @maduro_en: RT @correoorinoco: #Venezuela will send humanitarian aid to #Haiti after the ravages of Hurricane Mathew. [],rescue_volunteering_or_donation_effort,hurricane_matthew_2016,hurricane_matthew_2016_test
54,783939520081387520,Breaking News Hurricane Matthew Killed 23 In Haiti: Official: Hurricane Matthew has left 23 dead an  #Followme,injured_or_dead_people,hurricane_matthew_2016,hurricane_matthew_2016_test
94,783465596251811840,Please please please pray for those in Haiti that are being affected by Hurricane Matthew,sympathy_and_support,hurricane_matthew_2016,hurricane_matthew_2016_test
297,783659511718477825,"Our thoughts &amp; prayers are with the people of Haiti, Cuba &amp; the Caribbean as we prepare to witness Hurricane",sympathy_and_support,hurricane_matthew_2016,hurricane_matthew_2016_test
303,783606750108786689,So many people hurting in #Haiti!! NGOs are doing their best to bring relief to the people!! @wyclef #warriors #onelove,rescue_volunteering_or_donation_effort,hurricane_matthew_2016,hurricane_matthew_2016_test
45,783493456257687553,RT @hermfritz: #Haitis #infrastructure especially vulnerable as #Hurricane #Matthew hits #floods #landslides @Marketplace @CEEatGT,infrastructure_and_utility_damage,hurricane_matthew_2016,hurricane_matthew_2016_dev
312,783963332197744640,Thoughts and prayers are with our Caribbean brothers and sisters in #Haiti after Hurricane Matthew :( #HaitiMatthew #onecaribbean,sympathy_and_support,hurricane_matthew_2016,hurricane_matthew_2016_test
99,783483223691108353,praying for my people ὤFἿE❤️Ὁ9἞D἟9⚡️ Hurricane Matthew makes landfall in Haiti ”,sympathy_and_support,hurricane_matthew_2016,hurricane_matthew_2016_dev
9,783986178118692864,Hurricane Matthew kills at least 23 people in Haiti: The storm is now heading for the Bahamas and is expected to,injured_or_dead_people,hurricane_matthew_2016,hurricane_matthew_2016_test
69,783894677342650368,"Wind damage from Jeremie, Haiti look ~Cat 4 level. Certainly lends credence that Matthew may have been near/at Cat 5 intensity there.",infrastructure_and_utility_damage,hurricane_matthew_2016,hurricane_matthew_2016_dev
86,783814815571668992,Prayers to the people in Haiti and anyone else effected by the Hurricane ὤFἿDὡ4,sympathy_and_support,hurricane_matthew_2016,hurricane_matthew_2016_dev
136,783404976936775680,RT @DeMathaCMO: Please pray for our brothers and sisters in Haiti who are suffering the effects of Hurricane Matthew.,sympathy_and_support,hurricane_matthew_2016,hurricane_matthew_2016_test
98,784649065980190720,"As the #HurricaneMatthew death toll climbs, 350,000 people need assistance. Hear directly from our #Haiti staff and see how were helping.",injured_or_dead_people,hurricane_matthew_2016,hurricane_matthew_2016_dev
159,783683668204064768,"The official death toll and scope of infrastructure damage is still unknown, crippling the poorest country in the western hemisphere.",injured_or_dead_people,hurricane_matthew_2016,hurricane_matthew_2016_dev
118,783860670294917120,"RT @natashaaa_e: Thoughts &amp; prayers still going out to the Caribbean today. Haiti, Cuba &amp; Jamaica amongst others caught in the path of the",sympathy_and_support,hurricane_matthew_2016,hurricane_matthew_2016_test
255,783827053543985152,U.S. allocates $1 mn in additional aid to Haiti after Hurricane Matthew: The United States announced Wednesda,rescue_volunteering_or_donation_effort,hurricane_matthew_2016,hurricane_matthew_2016_test
119,783713208020324352,Venezuela to send humanitarian aid to hurricane-ravaged Haiti  #NoTextAndDrive,rescue_volunteering_or_donation_effort,hurricane_matthew_2016,hurricane_matthew_2016_dev
240,783939192510255104,Hurricane Matthew Killed 23 In Haiti: Official,injured_or_dead_people,hurricane_matthew_2016,hurricane_matthew_2016_test
3,783442390140891136,Our thoughts and prayers are with the people of Haiti facing the hurricane Matthew #PrayforHaiti #HurricaneMatthew #matthewhaiti #Digicel,sympathy_and_support,hurricane_matthew_2016,hurricane_matthew_2016_dev
43,783812306073292801,Hurricane Matthew has left Haiti but not without causing significant damage. The crops in Terre Blanche and the,infrastructure_and_utility_damage,hurricane_matthew_2016,hurricane_matthew_2016_test
217,783680744841318400,RT @bbb2day: Your #BBB shares tip to avoid Haiti hurricane relief donation scams:,rescue_volunteering_or_donation_effort,hurricane_matthew_2016,hurricane_matthew_2016_test
2,783662734118363137,"Hurricane Matthew leaves thousands flooded, 5 dead in Haiti #News #Miami",injured_or_dead_people,hurricane_matthew_2016,hurricane_matthew_2016_test
16,783917160687104000,RT @CTVNews: Haiti working to gauge damage after Hurricane Matthew moves on to Bahamas,infrastructure_and_utility_damage,hurricane_matthew_2016,hurricane_matthew_2016_dev
74,783884183940706304,"Breaking News 16 Dead, 2 Million Affected As Hurricane Matthew Slams Haiti: Emergency teams in Hait  #Followme",injured_or_dead_people,hurricane_matthew_2016,hurricane_matthew_2016_dev
58,783752092322332672,RT @YahooNews: Hurricane Matthew has killed at least 17 people in Haiti and the Dominican Republic,injured_or_dead_people,hurricane_matthew_2016,hurricane_matthew_2016_test
197,784697892850106368,Poor Haiti! As if the past earthquake isnt enough. 800 killed by the Hurricane.,injured_or_dead_people,hurricane_matthew_2016,hurricane_matthew_2016_test
321,783435130312364033,Haitian-Americans praying for loved ones in Haiti as Hurricane Matthew lands,sympathy_and_support,hurricane_matthew_2016,hurricane_matthew_2016_test
259,783736461187178496,"RT @janiawester: Please keep the Carribean in ur prayers, especially Haiti. Hurricane Matthew pounds Cuba after drenching Haiti",sympathy_and_support,hurricane_matthew_2016,hurricane_matthew_2016_test
107,783792679830249472,RT @tspoon87: Foor For The Poor supports Haitis hurricane relief.  support Haiti by giving what you can at /,rescue_volunteering_or_donation_effort,hurricane_matthew_2016,hurricane_matthew_2016_dev
224,783430442074734593,#Haiti #HurricaneMatthew Damage very serious as Hurricane Matthew slams southwest Haiti. Headed towards USA,infrastructure_and_utility_damage,hurricane_matthew_2016,hurricane_matthew_2016_test
317,783996777397563392,"RT @winknews: 3,214 homes destroyed in Haiti by Hurricane Matthew. 350,000 estimated to need some kind of assistance. 10 people killed.",infrastructure_and_utility_damage,hurricane_matthew_2016,hurricane_matthew_2016_test
110,768507140885676032,RT @TravisAaronWade: Thoughts &amp; prayers to those in Italy ἞E἟9 Please stay safe #ItalyEarthquake,sympathy_and_support,italy_earthquake_aug_2016,italy_earthquake_aug_2016_dev
81,769531394037051392,"RT @footballitalia: Liga games will also have a minutes silence for #ItalyEarthquake victims, now confirmed as 284.",sympathy_and_support,italy_earthquake_aug_2016,italy_earthquake_aug_2016_test
115,768500297366986752,"RT @CatholicNewsSvc: New CNS video: #PopeFrancis prays for #ItalyEarthquake victims, ditches prepared catechesis for todays audience, http",sympathy_and_support,italy_earthquake_aug_2016,italy_earthquake_aug_2016_dev
16,769084786786926592,"In this moment and time, we stand together. Visit @crocerossa if youre able to help. #earthquake #ItalyEarthquake",sympathy_and_support,italy_earthquake_aug_2016,italy_earthquake_aug_2016_test
47,769810932285448192,"RT @TrishaThomasAP: Morning in Arquata, firefighters at work on buildings, Mass for survivors at 11 #ItalyEarthquake",rescue_volunteering_or_donation_effort,italy_earthquake_aug_2016,italy_earthquake_aug_2016_dev
205,769425473642307584,RT @SavingHumanitee: Were donating 25% net proceeds to the Red Cross on all #ItalyStrong Socks #ItalyEarthquake #PrayForItaly,rescue_volunteering_or_donation_effort,italy_earthquake_aug_2016,italy_earthquake_aug_2016_test
79,768706315564834816,RT @TheSoulfulEMU: A man reacts to his damaged home after strong #ITALYearthquake hit Amatrice. By @f_monteforte #AFP @AFPphoto,infrastructure_and_utility_damage,italy_earthquake_aug_2016,italy_earthquake_aug_2016_dev
73,768803757421240321,RT @JackieibanezFNC: UPDATE: #ItalyEarthquake death toll climbs to 247.,injured_or_dead_people,italy_earthquake_aug_2016,italy_earthquake_aug_2016_test
29,768473615700414464,RT @TheSun: Death toll is expected to rise as rescuers hear voices under the rubble #ItalyEarthquake,injured_or_dead_people,italy_earthquake_aug_2016,italy_earthquake_aug_2016_dev
83,768472827527737344,"RT @thedailybeast: Scenes from #ItalyEarthquake, which left 73+ dead &amp; over half of town Amatrice destroyed:  :",injured_or_dead_people,italy_earthquake_aug_2016,italy_earthquake_aug_2016_dev
26,768570037405900800,#prayforitaly as death toll reaches 160 and many reported missing ὤFὤFὤFὉ4Ὁ4Ὁ4 #sad #heartbroken,injured_or_dead_people,italy_earthquake_aug_2016,italy_earthquake_aug_2016_test
64,768517795957051392,ITALIAN HORROR STORIES #terremoto #solidarieta #prayforitaly #ItalyEarthquake #earthquake @socgaudenti,sympathy_and_support,italy_earthquake_aug_2016,italy_earthquake_aug_2016_dev
109,768548785265926144,"those wishing to donate goods to victims of #ItalyEarthquake,can do so at the following collection points in Rome",rescue_volunteering_or_donation_effort,italy_earthquake_aug_2016,italy_earthquake_aug_2016_test
57,769778363120619521,RT @marfred75: My City of Ruins the Boss! #terremoto #PrayForItaly,sympathy_and_support,italy_earthquake_aug_2016,italy_earthquake_aug_2016_dev
66,768588192111030273,RT @drkerem: Our condolences for victims of #ItalyEarthquake Were ready for humanitarian assistance as @RedCrescentTR,sympathy_and_support,italy_earthquake_aug_2016,italy_earthquake_aug_2016_test
66,768512371694370817,RT @georgegalloway: Deep sadness for our European neighbours in bella Italia after #UmbriaEarthquake killed so many and destroyed so much.,sympathy_and_support,italy_earthquake_aug_2016,italy_earthquake_aug_2016_dev
80,769554881417969664,"#ItalyEarthquake sad news coming from #Amatrice :death toll has raised to 290,10 Romanians among them ὡ4ὡ4",injured_or_dead_people,italy_earthquake_aug_2016,italy_earthquake_aug_2016_test
51,768538389658345476,RT @MollyEMcCluskey: Members and staff of @PressClubDC sending our thoughts to victims and loved ones of #ItalyEarthquake. @ItalyinUS,sympathy_and_support,italy_earthquake_aug_2016,italy_earthquake_aug_2016_dev
164,768522391089741824,"RT @gallantlyhes: oh my god, this is so heartbreaking. my thoughts are with everyone affected by this earthquake. #PrayForItaly ἞E἟9἞E἟9἞E἟9 http",sympathy_and_support,italy_earthquake_aug_2016,italy_earthquake_aug_2016_test
59,768864215645974528,"Death toll from #ItalyEarthquake is now 250, the Civil Protection agency says. More than 360 people were injured. #ItalyQuake",injured_or_dead_people,italy_earthquake_aug_2016,italy_earthquake_aug_2016_test
90,768774442864476160,"RT @zjmartist: Please pray for my country, the victims and families involved #PrayForItaly Ὁ4἞E἟9",sympathy_and_support,italy_earthquake_aug_2016,italy_earthquake_aug_2016_dev
125,768705125028421632,RT @NiyaPerry: I just woke up to read theres been an earthquake in Italy. I hope the rest of the people there will be okay ὢ2#PrayForItaly,sympathy_and_support,italy_earthquake_aug_2016,italy_earthquake_aug_2016_test
228,769984880168042496,"RT @JohnCabotRome: Whether youre in #Rome or abroad, there are many ways to help the victims of the #ItalyEarthquake. Learn more: /",rescue_volunteering_or_donation_effort,italy_earthquake_aug_2016,italy_earthquake_aug_2016_test
30,768480472414380032,"RT @HughLaurious: Amatrice, Italy is no more. The earthquake has leveled the historic town. #PrayForItaly 6.2-magnitude earthquake",sympathy_and_support,italy_earthquake_aug_2016,italy_earthquake_aug_2016_dev
58,768927898392784896,RT @RorSRK: All my prayers r with u Italy.. Im so sorry for the victims.. MayGodBlessItaly.. #ItalyEarthquake ὤFἿDὤFἿDὤFἿD,sympathy_and_support,italy_earthquake_aug_2016,italy_earthquake_aug_2016_test
17,768546746876227584,All my thoughts go out to the victims of the earthquake #ItalyEarthquake,sympathy_and_support,italy_earthquake_aug_2016,italy_earthquake_aug_2016_test
116,768516761360670721,Non ci sono parole per questa tragedia.. There are no words for this tragedy.. #terremoto #ItalyEarthquake #TerremotoItalia #earthquake ὡ3ὢ5ὤF,sympathy_and_support,italy_earthquake_aug_2016,italy_earthquake_aug_2016_dev
136,768545980518109190,RT @AP_Images: Aerial photos show town in #Italy reduced to rubble:  @GregorioBorgia #ItalyEarthquake,infrastructure_and_utility_damage,italy_earthquake_aug_2016,italy_earthquake_aug_2016_test
11,768723984011685892,Yesterday i went to bed and there were 169 victims. Today i woke up and the numbers is unbelievable. 247 victims. #ItalyEarthquake #Italy,injured_or_dead_people,italy_earthquake_aug_2016,italy_earthquake_aug_2016_dev
182,768559751127007237,RT @billengvall: Thank you to the service men and women around the world rushing to the aid of our friends around the world #PrayForMyanmar,rescue_volunteering_or_donation_effort,italy_earthquake_aug_2016,italy_earthquake_aug_2016_test
110,768591203508051968,RT @TravisBickle67: My thoughts and prayers to all those affected in the tragedy this morning. #PrayForItaly,sympathy_and_support,italy_earthquake_aug_2016,italy_earthquake_aug_2016_test
33,768469923391803393,RT @DeRozenDontCare: #PrayForItaly and Myanmar s earthquake victims and their families.ὤFἿEὤFἿE,sympathy_and_support,italy_earthquake_aug_2016,italy_earthquake_aug_2016_test
87,768475553011798016,RT @Happily_7: My heart and thoughts go out to all my brothers &amp; sisters whose families are affected. #forzaItalia #famiglia ἞E἟9Ὁ4ὢ2,sympathy_and_support,italy_earthquake_aug_2016,italy_earthquake_aug_2016_test
12,768526857100820480,"RT @badinfluhes: All my prayers to every family and each and everyone in italy, my deepest condolences. Stay strong, ti amo italia! #PrayF",sympathy_and_support,italy_earthquake_aug_2016,italy_earthquake_aug_2016_dev
204,769248726862946304,Pleasee @AURORAmusic pray ὤFὤF for my countryὢ2 #PrayForItaly #ItalyEarthquake,sympathy_and_support,italy_earthquake_aug_2016,italy_earthquake_aug_2016_test
216,768486179167698944,RT @AlwaysActions: Our thoughts and prayers are with the victims in Italy #PrayForItaly Ὁ4 ἞E἟9 ❤,sympathy_and_support,italy_earthquake_aug_2016,italy_earthquake_aug_2016_test
62,768546168896880640,"RT @MSNBC: At least 120 people killed, scores injured in devastating #ItalyEarthquake:",injured_or_dead_people,italy_earthquake_aug_2016,italy_earthquake_aug_2016_dev
52,769604347600760832,RT @clara111: @Tibetans Tibetan Parliament Condoles Victims of Italy Earthquake #prayforitaly,sympathy_and_support,italy_earthquake_aug_2016,italy_earthquake_aug_2016_dev
7,768525418815193089,Please Pray for italy and also for those who died in the earthquakeὢ2❤ #terremoto #ItalyEarthquake,sympathy_and_support,italy_earthquake_aug_2016,italy_earthquake_aug_2016_dev
218,769181207410204672,Strong aftershocks from #ItalyEarthquake have left the town of #Amatrice all but closed off. Main roads into town blocked by rubble.,infrastructure_and_utility_damage,italy_earthquake_aug_2016,italy_earthquake_aug_2016_test
144,768801151403888640,@Madonna please post a message for Italy #ItalyEarthquake #prayforitaly,sympathy_and_support,italy_earthquake_aug_2016,italy_earthquake_aug_2016_test
19,768705834213838848,At least 247 people died in #ItalyEarthquake. Saying that there will sadly be another update later.,injured_or_dead_people,italy_earthquake_aug_2016,italy_earthquake_aug_2016_dev
191,769078405983793152,RT @SiasRasp: How to Help Victims of the Earthquake in Italy #PrayForItaly,rescue_volunteering_or_donation_effort,italy_earthquake_aug_2016,italy_earthquake_aug_2016_test
203,769830215338102785,Tiny white coffins for children killed in the #ItalyEarthquake become tragic symbol of the disaster. Nearly 300 dead,injured_or_dead_people,italy_earthquake_aug_2016,italy_earthquake_aug_2016_test
210,768542338184454144,RT @DockWalls: #ItalyEarthquake at least 120 people dead. I applaud #Heroes frantic efforts to rescue trapped victims.,injured_or_dead_people,italy_earthquake_aug_2016,italy_earthquake_aug_2016_test
133,769074011498242049,Hopes Dim for Survivors of Italy Quake; Death Toll Stands at 267 #ItalyEarthquake,injured_or_dead_people,italy_earthquake_aug_2016,italy_earthquake_aug_2016_test
83,769132875396579328,Thoughts and prayers will you #Italy. This is how I remember you: beautiful and vibrant. #ItalyEarthquake 267 dead.,sympathy_and_support,italy_earthquake_aug_2016,italy_earthquake_aug_2016_test
8,768838527475970048,RT @cnni: Latest on #ItalyEarthquake • Struck at 3:36 am • At least 37 dead • Rescue efforts underway underway,injured_or_dead_people,italy_earthquake_aug_2016,italy_earthquake_aug_2016_dev
33,768743682539266048,45500 Inviate sms ︳9 #prayforitaly #sos #terremoto,sympathy_and_support,italy_earthquake_aug_2016,italy_earthquake_aug_2016_dev
88,768720419218161664,"@Madonna Here in Italy, an earthquake affected Lazio, Marche and Umbria. #PrayForItaly",infrastructure_and_utility_damage,italy_earthquake_aug_2016,italy_earthquake_aug_2016_test
89,768554058034577408,RT @kemrichardson7: A nun sits by person killed in #ItalyEarthquake At least 120 people dead More @ 5 @ABC7NY,injured_or_dead_people,italy_earthquake_aug_2016,italy_earthquake_aug_2016_dev
176,769650528389369857,45500 per donare #TerremotoItalia #terremoto #PrayingForItaly #PrayForItaly #ItalyEarthquake,rescue_volunteering_or_donation_effort,italy_earthquake_aug_2016,italy_earthquake_aug_2016_test
36,768578864536756224,RT @HeyVioletAUT: Prayers and thoughts go out to Italy today. ❤ #ItalyEarthquake,sympathy_and_support,italy_earthquake_aug_2016,italy_earthquake_aug_2016_dev
92,769747160497815552,RT @NickGroff_: Prayers and thoughts go out to all in Italy earthquake RT @gwenboleyn No words needed. #ItalyEarthquake,sympathy_and_support,italy_earthquake_aug_2016,italy_earthquake_aug_2016_test
11,768723016410947584,RT @MikeBossio: My heart goes out to those affected by #ItalyEarthquake. My dads from Italy &amp; I have family there. The people of #Italy ar,sympathy_and_support,italy_earthquake_aug_2016,italy_earthquake_aug_2016_test
108,768702711231569920,RT @rodriguezmonos: Broken Heart #Italia #Italy #Amatrice #Heartquake #Terremoto #EmergenzaTerremoto #PrayForItaly #Terremoto24Agosto htt,sympathy_and_support,italy_earthquake_aug_2016,italy_earthquake_aug_2016_dev
150,768698317371047937,RT @Onuitalia: #ItalyEarthquake: #UNESCO task force #Unite4Heritage deployed for first time,rescue_volunteering_or_donation_effort,italy_earthquake_aug_2016,italy_earthquake_aug_2016_test
90,768746870416011264,RT @Cindy_Wooden: Heart breaking. Death toll from #ItalyEarthquake rises to 247. Many children who were spending last weeks of summer with,injured_or_dead_people,italy_earthquake_aug_2016,italy_earthquake_aug_2016_test
211,768471296049029120,My illustration for #Amatrice #terremoto #ItalyEarthquake #earthquake #UltimOra #Italy #mycountry,sympathy_and_support,italy_earthquake_aug_2016,italy_earthquake_aug_2016_test
131,768539006518845440,RT @Mixers_Army: my thoughts &amp; prayers are with everyone affected by the earthquake in Italy. Safe stay ♡ #PrayForItaly,sympathy_and_support,italy_earthquake_aug_2016,italy_earthquake_aug_2016_test
114,768718414772920320,RT @fmdesmarais: #ItalyEarthquake: In #Amatrice the City Museum &amp; 2 churches severely damaged. @IcomOfficiel following the situation.,infrastructure_and_utility_damage,italy_earthquake_aug_2016,italy_earthquake_aug_2016_test
91,768510817025261573,RT @whiskeredharry: My love &amp; thoughts are with everyone affected by this horrible earthquake. #PrayForItaly,sympathy_and_support,italy_earthquake_aug_2016,italy_earthquake_aug_2016_test
69,768550455072948224,Idea: this wknd Im going to cook some #Amatriciana at home AND donate to the #italyearthquake,rescue_volunteering_or_donation_effort,italy_earthquake_aug_2016,italy_earthquake_aug_2016_dev
49,768487968088723456,Horrible to weak up and hear about the #ItalyEarthquake happened last night near #Amatrice ὢ2 My thoughts go to the families of the victimsὤF,sympathy_and_support,italy_earthquake_aug_2016,italy_earthquake_aug_2016_dev
162,768705602625409024,"@ladygaga thank you gaga, I love you❤️ #Terremoto #PrayForItaly",sympathy_and_support,italy_earthquake_aug_2016,italy_earthquake_aug_2016_test
128,768546112751927296,At BWHotelMaster we do the best that we can #Donate Iban: IT40F0623003204000030321681 #ItalyEarthquake #PrayforItaly,rescue_volunteering_or_donation_effort,italy_earthquake_aug_2016,italy_earthquake_aug_2016_test
64,768479203838787584,RT @SarahSophiex3: No words needed. #PrayForItaly,sympathy_and_support,italy_earthquake_aug_2016,italy_earthquake_aug_2016_test
53,768729588532903936,"#MarcoRpage #Blog #PrayForItaly #terremoto #passaparola 45500 #sms MarcoR PAGE: Hope , play and than",sympathy_and_support,italy_earthquake_aug_2016,italy_earthquake_aug_2016_test
40,769960818368806912,"RT @AHEPAhq: The American Hellenic community joins w/ u to convey our deepest condolences, thoughts &amp; prayers. #ItalyEarthquake",sympathy_and_support,italy_earthquake_aug_2016,italy_earthquake_aug_2016_test
120,768478167287947264,"RT @Bellisario85s: You can help Italy by donating 2€ with this text, just like I did. Please spread the word ὤFἿC #PrayForItaly",rescue_volunteering_or_donation_effort,italy_earthquake_aug_2016,italy_earthquake_aug_2016_dev
73,768578718822436864,"please donate at 45500, Italy needs your help too #PrayForItaly #donate #ItalyEarthquake",rescue_volunteering_or_donation_effort,italy_earthquake_aug_2016,italy_earthquake_aug_2016_dev
46,768834854935035904,#PrayingForItaly The death toll has risen to 250 #ItalyEarthquake,injured_or_dead_people,italy_earthquake_aug_2016,italy_earthquake_aug_2016_dev
6,769183768531861505,Ground Still Shaking as Italy Quake Death Toll Rises to 267 - ABC News -  via @ABC #ItalyEarthquake,injured_or_dead_people,italy_earthquake_aug_2016,italy_earthquake_aug_2016_test
15,769463233862336512,ὣ3ὣ6 290 people died #ItalyEarthquake #PrayingForItaly #Italy,injured_or_dead_people,italy_earthquake_aug_2016,italy_earthquake_aug_2016_test
50,768904387490045952,RT @Hoodoonola: Many from Louisiana have been to this region as part of their summer &amp; winter Jazz Festivals Thoughts &amp; Prayers .,sympathy_and_support,italy_earthquake_aug_2016,italy_earthquake_aug_2016_test
48,769209856523919360,RT @SputnikInt: URGENT: Death toll in #ItalyEarthquake rises to 278  #Italy,injured_or_dead_people,italy_earthquake_aug_2016,italy_earthquake_aug_2016_test
17,769289550518743040,RT @HandofHope: We are partnering with Italy for Christ to help bring relief where we can. Continue to keep Italy in your prayers! #PrayFor,sympathy_and_support,italy_earthquake_aug_2016,italy_earthquake_aug_2016_dev
137,769228363705835524,"Latest from #ItalyEarthquake. Death toll 279, 388 wounded, 238 rescued, 2400 homeless. #BreakingNews",injured_or_dead_people,italy_earthquake_aug_2016,italy_earthquake_aug_2016_test
32,768887345059917826,RT @dmitryzaksAFP: #ItalyEarthquake death toll nears 250 @AFPs @ellaafp and @AngusM1966 via @YahooNews,injured_or_dead_people,italy_earthquake_aug_2016,italy_earthquake_aug_2016_test
173,768688969471102976,RT @tiniskwerl: #ItalyEarthquake 3:30am 6mi #Norcia 247 Dead Same Intensity as 2009 #Italy #lAquila #Earthquake 308 Dead #Aftershock :,injured_or_dead_people,italy_earthquake_aug_2016,italy_earthquake_aug_2016_test
68,768507806030950403,"#PrayForItaly ἞E἟9 Im so sadMy poor country.. My heart is broken! Damn earthquake, because of you there are destruction and pain again!!",sympathy_and_support,italy_earthquake_aug_2016,italy_earthquake_aug_2016_dev
152,769108945017434112,RT @bardolino_sun: Visiting any #NationalMuseum in Venice this Sunday? All money taken will be donated to the victims of the earthquake #It,rescue_volunteering_or_donation_effort,italy_earthquake_aug_2016,italy_earthquake_aug_2016_test
140,768933962714537984,@italyexplained this is the link for donations to the red cross from abroad:,rescue_volunteering_or_donation_effort,italy_earthquake_aug_2016,italy_earthquake_aug_2016_test
138,768683120082182146,RT @Iam_BrookeSmith: KEEP HOPING there are more rescued! #ItalyEarthquake Italian quake: Rescuers free 10-year-old girl trapped by rubble h,rescue_volunteering_or_donation_effort,italy_earthquake_aug_2016,italy_earthquake_aug_2016_test
27,768475457478070274,"My heart is breaking, all my love &amp; prayers go out to all the families that were affected in ItalyὢB❤️἞E἟9 #PrayForItaly",sympathy_and_support,italy_earthquake_aug_2016,italy_earthquake_aug_2016_test
74,768569901753704448,"More than 159 earthquake victims.for the moment. These numbers make me crying, Im really sad! ὢ2#PrayForItaly ἞E἟9",injured_or_dead_people,italy_earthquake_aug_2016,italy_earthquake_aug_2016_test
194,768701293141463040,RT @memetsimsek: Our thoughts &amp; prayers are with our friends in Italy after this devastating earthquake. Stay strong! #PrayForItaly,sympathy_and_support,italy_earthquake_aug_2016,italy_earthquake_aug_2016_test
72,768488684823859200,RT @GChristine22: @latimes This is horrible!!! Praying for the victims and their families. #PrayForItaly #ItalianPride,sympathy_and_support,italy_earthquake_aug_2016,italy_earthquake_aug_2016_test
206,769178987042136065,Crafters in solidarity w/central Italian earthquake victims: buy handmade &amp; support  #PrayForItaly #Earthquakeaid,rescue_volunteering_or_donation_effort,italy_earthquake_aug_2016,italy_earthquake_aug_2016_test
235,768493565995577344,"Heart, love and thoughts going out of my fellow #italianos #ItalyEarthquake ὡ8ὉB἞E἟9 Much love to you all",sympathy_and_support,italy_earthquake_aug_2016,italy_earthquake_aug_2016_test
124,768932314458025985,"RT @Assisi_Project: St. Francis of #Assisi, Patron of #Italy, pray for the victims of the earthquake! #PrayingForItaly #ItalyEarthquake htt",sympathy_and_support,italy_earthquake_aug_2016,italy_earthquake_aug_2016_test
22,769218191327236096,A way to help those peoples affected by this devastating earthquake. #prayforitaly #heartquake #laterratrema #italy,sympathy_and_support,italy_earthquake_aug_2016,italy_earthquake_aug_2016_dev
146,768981407813206016,"RT @cctvnews: At least 250 people dead, 365 hospitalized in Wednesday’s #ItalyEarthquake, rescue efforts ongoing",injured_or_dead_people,italy_earthquake_aug_2016,italy_earthquake_aug_2016_test
75,769796108574949376,Italian firefighters hoisted up on top of homes in Arquata to check structure. #ItalyEarthquake,rescue_volunteering_or_donation_effort,italy_earthquake_aug_2016,italy_earthquake_aug_2016_test
106,769511031852920832,RT @cctvnews: #ItalyEarthquake death toll climbs to 290 as country holds mass funeral for 35 victims,injured_or_dead_people,italy_earthquake_aug_2016,italy_earthquake_aug_2016_test
39,768669076113723392,RT @runawaytours: Keep the people of central Italy in your thoughts &amp; prayers today - as well as the rescuers who have been working tireles,sympathy_and_support,italy_earthquake_aug_2016,italy_earthquake_aug_2016_dev
177,768505366384640000,RT @BTRHDEurope: Our thoughts &amp; prayers go out to Italy. We hope youre all staying safe ❤ #PrayForItaly Text or call 45500 to donate and,sympathy_and_support,italy_earthquake_aug_2016,italy_earthquake_aug_2016_test
166,768510609382137856,Thoughts and much love to my friends in Italy.,sympathy_and_support,italy_earthquake_aug_2016,italy_earthquake_aug_2016_test
224,768532603301457921,RT @braddancingtto: All my love and condolences to the victims and the families of them:(. #PrayForItaly,sympathy_and_support,italy_earthquake_aug_2016,italy_earthquake_aug_2016_test
215,768478588991528960,Our thoughts go out to the victims and the communities devastated by the earthquake that struck central Italy this morning. #ItalyEarthquake,sympathy_and_support,italy_earthquake_aug_2016,italy_earthquake_aug_2016_test
61,768508398757347328,RT @braddancingtto: text or call 45500 to donate. It only takes u one second. Think about all the families that today have lost everything,rescue_volunteering_or_donation_effort,italy_earthquake_aug_2016,italy_earthquake_aug_2016_test
2,768552261547126784,RT @Real_Amy_Adams: This is horrible! my thoughts go to italy and all the people affected #PrayForItaly,sympathy_and_support,italy_earthquake_aug_2016,italy_earthquake_aug_2016_dev
44,768487024445706240,im so sorry for all the victims youre in my thoughts Ὁ6 #PrayForItaly,sympathy_and_support,italy_earthquake_aug_2016,italy_earthquake_aug_2016_test
5,768574870607323136,"RT @OfficialMrX: Im praying for everyone affected by this tragedy, this is heartbreaking, I hope youre ok! stay safe Heroes. Love you. x",sympathy_and_support,italy_earthquake_aug_2016,italy_earthquake_aug_2016_test
42,768682746877206528,RT @gabymakeupartis: Thoughts and Prays for the people of #ItalyEarthquake just so devastating such a beautiful nation and country,sympathy_and_support,italy_earthquake_aug_2016,italy_earthquake_aug_2016_test
114,768833805729824768,Praying For All Friends &amp; Families ὤFὤFὤF#prayforitalia #prayforitaly,sympathy_and_support,italy_earthquake_aug_2016,italy_earthquake_aug_2016_dev
121,769279700992679936,Ways to donate to the Italian earthquake relief fund at the end of this article,rescue_volunteering_or_donation_effort,italy_earthquake_aug_2016,italy_earthquake_aug_2016_test
119,768550755271835649,"RT @OL_America: .#ItalyEarthquake #Outlander For more info on local and international donations, go to",rescue_volunteering_or_donation_effort,italy_earthquake_aug_2016,italy_earthquake_aug_2016_dev
209,768965396733067265,"For all the people around the globe PLEASE DONATE IF YOU CAN, YOU CAN SAVE LIFES  #PrayForItaly",rescue_volunteering_or_donation_effort,italy_earthquake_aug_2016,italy_earthquake_aug_2016_test
41,768812667670765568,RT @AnupKaphle: These asylum-seekers donated their one days allowance to #ItalyEarthquake recovery,rescue_volunteering_or_donation_effort,italy_earthquake_aug_2016,italy_earthquake_aug_2016_dev
112,768479850072010756,"RT @J_Bella_S: #ItalyEarthquake My thoughts and prayers are with you, your families and country with ❤️",sympathy_and_support,italy_earthquake_aug_2016,italy_earthquake_aug_2016_test
85,768599358463959040,RT @pmindy44: So sad to here about the earthquakes in Italy. Prayers go out to everyone involved especially my friends over there #PrayforI,sympathy_and_support,italy_earthquake_aug_2016,italy_earthquake_aug_2016_test
222,768502282300317696,RT @Survomez: Donate! 45500 #PrayForItaly #terremoto,rescue_volunteering_or_donation_effort,italy_earthquake_aug_2016,italy_earthquake_aug_2016_test
18,768573624185917441,RT @tuscanwinery: We will survive my #Italy! #Italia #PrayForItaly #ItalyEarthquake #earthquake #Amatrice ἞E἟9❤️἞E἟9❤️἞E἟9❤️἞E἟9❤️἞E἟9❤️἞E἟9❤️἞E἟9❤️ http,sympathy_and_support,italy_earthquake_aug_2016,italy_earthquake_aug_2016_dev
77,768700131864563712,"RT @NewsNationTV: #ItalyEarthquake : Death toll rises to 247, no Indian casualty says MEA #SushmaSwaraj",injured_or_dead_people,italy_earthquake_aug_2016,italy_earthquake_aug_2016_test
7,768476078956539905,RT @gIossyagb: #PrayForItaly sending a hella lot of love and hope to everyone affected ❤️,sympathy_and_support,italy_earthquake_aug_2016,italy_earthquake_aug_2016_test
65,768806051500191744,RT @Uldouz: 6 believed dead after 6.1 earthquake in central Italy #PrayforItaly ὤFἿC,injured_or_dead_people,italy_earthquake_aug_2016,italy_earthquake_aug_2016_dev
153,769024998421954561,RT @AlisonBurnsJazz: Many displaced animals #ItalyEarthquake kind friends getting food to animals nr epicentre  pl,rescue_volunteering_or_donation_effort,italy_earthquake_aug_2016,italy_earthquake_aug_2016_test
171,768534223783419905,RT @ROBZIK: Vatican firefighters sent by #PopeFrancis to join the rescue team in Central Italy shaken by the #earthquake #ItalyEarthquake,rescue_volunteering_or_donation_effort,italy_earthquake_aug_2016,italy_earthquake_aug_2016_test
220,768469693451608064,#prayforitaly sending so much love and hope out to all those affected by the earthquake I wish I could be there to help,sympathy_and_support,italy_earthquake_aug_2016,italy_earthquake_aug_2016_test
118,769908654350995457,RT @investinothers: How To Help Victims Of #ItalyEarthquake  #volunteer #donateblood #donate,rescue_volunteering_or_donation_effort,italy_earthquake_aug_2016,italy_earthquake_aug_2016_test
25,768550943445188610,"I hope #Rihanna on the evening of VMA dedicate the words to the victims of the earthquake in Italy, we need them. #PrayForItaly",sympathy_and_support,italy_earthquake_aug_2016,italy_earthquake_aug_2016_test
104,769812384630407168,#ItalyEarthquake : Museums to donate Sunday revenue to quake relief -,rescue_volunteering_or_donation_effort,italy_earthquake_aug_2016,italy_earthquake_aug_2016_dev
213,768815734013190144,RT @CeramicsOfItaly: Our hearts go out to our friends in Amatrice and Accumoli in wake of this tragedy #PrayforItalia #ItalyEarthquake http,sympathy_and_support,italy_earthquake_aug_2016,italy_earthquake_aug_2016_test
180,768509417818038272,RT @Princessofwifi: Sending thoughts and prayers to all the people affected here in Italy #PrayForItaly,sympathy_and_support,italy_earthquake_aug_2016,italy_earthquake_aug_2016_test
156,768981373977788416,"RT @TonyaJoRiley: .@faineg explains how drone companies like @AeroVisionUAV, can best serve rescue efforts  #ItalyEa",rescue_volunteering_or_donation_effort,italy_earthquake_aug_2016,italy_earthquake_aug_2016_test
39,768790481342005248,RT @Kikyo91: Keisuke Honda will donate 20.000 euro for #ItalyEarthquake and wants a help to bring Japanese technology here. REAL MAN. THANK,rescue_volunteering_or_donation_effort,italy_earthquake_aug_2016,italy_earthquake_aug_2016_test
3,768517185601990658,#BREAKING: Italian firefighter chief said a 8-year-old girl was pulled out alive from the rubble. #ItalyEarthquake @CBSNewYork,rescue_volunteering_or_donation_effort,italy_earthquake_aug_2016,italy_earthquake_aug_2016_test
118,768500566544814080,Dead toll of Italys earthquake rises 120 victims Vittime terremoto 120 #ItalyEarthquake #PrayForItaly,injured_or_dead_people,italy_earthquake_aug_2016,italy_earthquake_aug_2016_dev
132,768767404474306560,"RT @ohmycastieel: sorry to bother but if you can, please donate @GemmaAnneStyles @fizfizfiz @lottietommo @JohannahDarling @TheAnneCox http",sympathy_and_support,italy_earthquake_aug_2016,italy_earthquake_aug_2016_test
86,768887565541924864,@NiallOfficial big earthquake here in Italy ἞E἟9 Please pray for my country #ItalyEarthquake,sympathy_and_support,italy_earthquake_aug_2016,italy_earthquake_aug_2016_test
69,768821545347248128,Italian firefighters save a little girl after one day of #ItalyEarthquake #terremoto #TerremotoItalia,rescue_volunteering_or_donation_effort,italy_earthquake_aug_2016,italy_earthquake_aug_2016_test
82,768876860000366592,RT @BBCRadio2: We look at how rescuers are searching for survivors in the rubble after the #ItalyEarthquake #r2vine,rescue_volunteering_or_donation_effort,italy_earthquake_aug_2016,italy_earthquake_aug_2016_dev
112,768473033572876288,"RT @CBCNews: It was a miracle, says nun pulled from collapsed convent during #ItalyEarthquake",rescue_volunteering_or_donation_effort,italy_earthquake_aug_2016,italy_earthquake_aug_2016_dev
45,769660449017114624,#prayforitaly a little help to support The Italian People shocked from devastating earthquake,sympathy_and_support,italy_earthquake_aug_2016,italy_earthquake_aug_2016_test
221,768531371438604289,Prayers for the man above to lean his mercy on the people of Italy affected by the earthquake #ItalyEarthquake #Italie,sympathy_and_support,italy_earthquake_aug_2016,italy_earthquake_aug_2016_test
103,768588014717140994,RT @paulbaylay: Its heartbreaking watching what is happening in Italy and my thoughts and wishes go out to all those involved. #ItalyEarth,sympathy_and_support,italy_earthquake_aug_2016,italy_earthquake_aug_2016_dev
231,769156482713739264,RT @SkyNewsBreak: The Queen has made a personal donation to support the work of the Italian Red Cross in the search and rescue effort after,rescue_volunteering_or_donation_effort,italy_earthquake_aug_2016,italy_earthquake_aug_2016_test
34,768678425171288064,"RT @CBCTheNational: At least 159 killed, 3 towns demolished in devastating #ItalyEarthquake",injured_or_dead_people,italy_earthquake_aug_2016,italy_earthquake_aug_2016_dev
84,769070722480300032,RT @RedCrossAU: First on the scene and still there: @crocerossa rescue teams dig through the rubble after #ItalyEarthquake,rescue_volunteering_or_donation_effort,italy_earthquake_aug_2016,italy_earthquake_aug_2016_dev
44,768747148653563904,RT @GossipCop: Lady Gaga Leads Celeb Donations After #ItalyEarthquake -- See More Star Reactions:,rescue_volunteering_or_donation_effort,italy_earthquake_aug_2016,italy_earthquake_aug_2016_dev
47,768704319248076801,RT @Miawallace888: #Italieséisme #ItalyEarthquake Death Toll Climbs to 159 After Earthquake in Central Italy - ABC News -,injured_or_dead_people,italy_earthquake_aug_2016,italy_earthquake_aug_2016_test
24,768542736920285184,RT @HarmonsPhone: Many thoughts and prayers to my friends in Italy. I hope you are all safe and that you stay safe. #ItalyEarthquake,sympathy_and_support,italy_earthquake_aug_2016,italy_earthquake_aug_2016_dev
50,768568124958445569,RT @feeling_nature: #ItalyEarthquake My thoughts are prayers are with youὤF God bless you affected people,sympathy_and_support,italy_earthquake_aug_2016,italy_earthquake_aug_2016_dev
189,768773138964475904,My ❤️ goes out to ἞E἟9 ! Heres how you can help victims of the Italy earthquake  #ItalyEarthquake #Italy #ItalyQuake,sympathy_and_support,italy_earthquake_aug_2016,italy_earthquake_aug_2016_test
165,768576505559515136,"RT @HeffronDrive: #Italy You have my heart. My thoughts are with everyone there right now. Love, Kendall #PrayForItaly",sympathy_and_support,italy_earthquake_aug_2016,italy_earthquake_aug_2016_test
23,768577367589711872,RT @SMerlChest: My thoughts are with all the people living near Norcia/Rieti and the rescuers working non-stop from last night #ItalyEarthq,sympathy_and_support,italy_earthquake_aug_2016,italy_earthquake_aug_2016_test
117,768976077951799297,RT @abcnews: UPDATE: Eight foreigners confirmed among dead in #ItalyEarthquake — aftershocks hampering rescue efforts in Amatrice,injured_or_dead_people,italy_earthquake_aug_2016,italy_earthquake_aug_2016_test
60,768878041435086852,#terremoto 250 #morti 365 #feriti sigh #PrayForItaly #Italia,sympathy_and_support,italy_earthquake_aug_2016,italy_earthquake_aug_2016_test
40,769194012808974336,RT @EldestDamon: If you can help donate to @crocerossa click the link below or RT #ItalyEarthquake,rescue_volunteering_or_donation_effort,italy_earthquake_aug_2016,italy_earthquake_aug_2016_dev
98,768528795041234944,"RT @lionsclubs: LCIF awards US$100,000 Major Catastrophe grant following #ItalyEarthquake. Donate now:",rescue_volunteering_or_donation_effort,italy_earthquake_aug_2016,italy_earthquake_aug_2016_dev
31,768516568523370496,RT @evalyn416: Prayers go out to everyone affected. #PrayForItaly ἞E἟9❤,sympathy_and_support,italy_earthquake_aug_2016,italy_earthquake_aug_2016_test
160,769773790813302784,RT @Clayton_Sandell: New @DigitalGlobe satellite images show terrible destruction from #ItalyEarthquake. This is the town of Amatrice. http,infrastructure_and_utility_damage,italy_earthquake_aug_2016,italy_earthquake_aug_2016_test
105,769085359443632128,RT @Avrilish_JP: Weve heard about strong earthquake hits in Central Italy. Hope all Italian LBS are safe. @avrilbandaidsIT @AvriLavigneIT,sympathy_and_support,italy_earthquake_aug_2016,italy_earthquake_aug_2016_dev
102,768490882358050817,"RT @CatholicNewsSvc: #PopeFrancis ditches Weds audience talk to pray for #ItalyEarthquake victims, sends help  http",sympathy_and_support,italy_earthquake_aug_2016,italy_earthquake_aug_2016_test
88,768532217375195136,"RT @Moody_Bible: Please pray for all those affected by the devastating 6.2 magnitude #ItalyEarthquake – many missing, hundreds injured, tho",sympathy_and_support,italy_earthquake_aug_2016,italy_earthquake_aug_2016_dev
202,768730678112419841,247 people died in the quake. Shaline pray to Italy with us? #PrayForItaly ἞E἟9,injured_or_dead_people,italy_earthquake_aug_2016,italy_earthquake_aug_2016_test
142,768484046682755072,youre in my thoughts and prayers today #PrayForItaly,sympathy_and_support,italy_earthquake_aug_2016,italy_earthquake_aug_2016_test
97,768507069607600128,RT @OfficialWithHL: You can call or text 45500 if you want to donate something! ❤️ #PrayForItaly,rescue_volunteering_or_donation_effort,italy_earthquake_aug_2016,italy_earthquake_aug_2016_test
54,769149967827165184,"RT @Stefania_6290: Italy Earthquake Relief Fund on @globalgiving:  if you can, please donate to help my country! #It",rescue_volunteering_or_donation_effort,italy_earthquake_aug_2016,italy_earthquake_aug_2016_dev
36,768522501156659200,Please help us by donating 2€ to this number 45500 @Zoella @Joe_Sugg @Caspar_Lee @MarcusButler @TanyaBurr @JimChapman #PrayForItaly,rescue_volunteering_or_donation_effort,italy_earthquake_aug_2016,italy_earthquake_aug_2016_test
79,768734083509784576,"@5SOS PLEASE, HOLY SHIT, I NEED YOU RIGHT NOW #PrayingForItaly #PrayforItaly",sympathy_and_support,italy_earthquake_aug_2016,italy_earthquake_aug_2016_test
92,768507900176240640,RT @s_sneezy: #PrayForItaly all my thoughts and prayers are with you. so devastating,sympathy_and_support,italy_earthquake_aug_2016,italy_earthquake_aug_2016_dev
106,769561612361555968,RT @avivaplc: At #Aviva were supporting the Italian Red Cross’s #ItalyEarthquake relief efforts to help those impacted,rescue_volunteering_or_donation_effort,italy_earthquake_aug_2016,italy_earthquake_aug_2016_dev
149,768846678497566720,"RT @reportedly: This is a collaborative map, showing all points in Italy where aid for #ItalyEarthquake is being collected.",rescue_volunteering_or_donation_effort,italy_earthquake_aug_2016,italy_earthquake_aug_2016_test
113,768900382676361216,RT @orderofmalta: Thank you to everyone helping with the #ItalyEarthquake #terremoto Please #share the donation info &amp; spread the word http,sympathy_and_support,italy_earthquake_aug_2016,italy_earthquake_aug_2016_dev
102,769087723558887425,RT @arigiulio: #ItalyEarthquake @coldiretti Italian #farmers working hard to collect milk and other fresh produce in affected areas,rescue_volunteering_or_donation_effort,italy_earthquake_aug_2016,italy_earthquake_aug_2016_dev
120,769446957911793664,Today in Italys National Mourning. 300 people died due to a terrible earthquake.There are still missing. Today we stop. #PrayforItaly,injured_or_dead_people,italy_earthquake_aug_2016,italy_earthquake_aug_2016_test
59,768508435038109697,"RT @CBSNews: UPDATE: Death toll from #ItalyEarthquake rises to 120, hundreds injured, official says",injured_or_dead_people,italy_earthquake_aug_2016,italy_earthquake_aug_2016_dev
13,768644268714037248,Thanks a lot from #Italy @ladygaga. #PrayForItaly #TerremotoItalia #Terremoto,sympathy_and_support,italy_earthquake_aug_2016,italy_earthquake_aug_2016_test
95,768900513408675840,RT @almightyhazza94: This is so Heartbreaking.Prayers and thoughts are with all those affected by earthquake. Stay strong. #PrayForItaly h,sympathy_and_support,italy_earthquake_aug_2016,italy_earthquake_aug_2016_test
178,768588317315174400,"#prayforitaly #TerremotoItalia Always praying for you, Italy. A big hug for all the people that lost they parents.",sympathy_and_support,italy_earthquake_aug_2016,italy_earthquake_aug_2016_test
87,768548514460602369,"RT @TBN: Pray w/ us for those devastated by the earthquake in Italy. Over 120 dead, many hurting &amp; homeless. #PrayForItaly",sympathy_and_support,italy_earthquake_aug_2016,italy_earthquake_aug_2016_dev
104,768875866923364352,RT @Reuters: Drone captures quake destruction:  #ItalyEarthquake,infrastructure_and_utility_damage,italy_earthquake_aug_2016,italy_earthquake_aug_2016_test
238,768790486605828096,RT @fareprogressi: #ItalyEarthquake Were raising funds for the mayors of the towns most affected Please donate  htt,rescue_volunteering_or_donation_effort,italy_earthquake_aug_2016,italy_earthquake_aug_2016_test
43,768540191103586304,RT @ZaynftLina: I was in Italy a few weeks ago .. And now its completely destroyed .. Its a heartbreaking all my prayers with you Ὁ4἞E἟9 #,infrastructure_and_utility_damage,italy_earthquake_aug_2016,italy_earthquake_aug_2016_test
68,769305165233025025,"RT @ItalianTalks: We are deeply saddened as the Italy quake death toll hits 281, state funeral planned  via @Reuters",injured_or_dead_people,italy_earthquake_aug_2016,italy_earthquake_aug_2016_test
31,768854294154121216,RT @KethakiM: The town of Amatrice now described as apocalyptic by Italian Red Cross @TDellaLonga #ItalyEarthquake,infrastructure_and_utility_damage,italy_earthquake_aug_2016,italy_earthquake_aug_2016_dev
14,768699998410268672,"Thanks to all those who are working hard since yesterday, any help is appreciated #PrayForItaly",sympathy_and_support,italy_earthquake_aug_2016,italy_earthquake_aug_2016_test
227,769213364425854977,RT @Itsdrewsgirl: guys please if you have the chance to donate 2€ text the 45500 we really need help :(( #ItalyEarthquake,rescue_volunteering_or_donation_effort,italy_earthquake_aug_2016,italy_earthquake_aug_2016_test
193,769014840891437056,RT @AVB1forever: My heart goes out to those affected by the devastating earthquake in Italy. ὢ2 Stay Safe Everyone &amp; Stay Strong ὤF #PrayFo,sympathy_and_support,italy_earthquake_aug_2016,italy_earthquake_aug_2016_test
18,769051640318029824,RT @OrijiSucre: A message of solidarity to 45500 would assist quake victims. #Doyourbit #terremoto #ItalyEarthquake,rescue_volunteering_or_donation_effort,italy_earthquake_aug_2016,italy_earthquake_aug_2016_test
12,768503877188653057,RT @ahtherefulla: Sending prayers to all affected by the #ItalyEarthquake. Thinking of all our Italian beasties &amp; wishing you well! #BATB,sympathy_and_support,italy_earthquake_aug_2016,italy_earthquake_aug_2016_test
25,768762743092572160,RT @PaulaAbdul: To the victims of the devastating #ItalyEarthquake ..to their families friends &amp; loved ones: my prayers are w/ you &amp; my hea,sympathy_and_support,italy_earthquake_aug_2016,italy_earthquake_aug_2016_dev
98,768532732410343424,RT @adaddyblog: Our thoughts and prayers are with the families of the 120+ dead from last nights devastating #ItalyEarthquake.,sympathy_and_support,italy_earthquake_aug_2016,italy_earthquake_aug_2016_test
54,768889356731883521,RT @_sgokce: Thoughts and prayers are with the souls #Italy after this devastating earthquake Couraggio Italia! #PrayForItaly,sympathy_and_support,italy_earthquake_aug_2016,italy_earthquake_aug_2016_test
93,768893115197485056,[marioafrica]: RT ItalyUN_NY: Stories of solidarity: during #ItalyEarthquake Italy-hosted #migrants rushed to join,sympathy_and_support,italy_earthquake_aug_2016,italy_earthquake_aug_2016_test
134,768549418593312770,"RT @IHSIndiana: How To Help Italy Earthquake Victims: 8 Ways To Donate Blood, Money And Goods For Relief  #ItalyEart",rescue_volunteering_or_donation_effort,italy_earthquake_aug_2016,italy_earthquake_aug_2016_test
175,768563458119966720,"RT @Tha5SOSFamilyy: #PrayForItaly All my thoughts and prayers goes out to everyone there..ὡEI hope youre okay, please stay safe! My heart i",sympathy_and_support,italy_earthquake_aug_2016,italy_earthquake_aug_2016_test
96,768612915721089024,Please #prayforitaly ❤️ my heart goes out to all those affected ὢDὉ7 stay strongὉA❤️,sympathy_and_support,italy_earthquake_aug_2016,italy_earthquake_aug_2016_test
212,769208740591656961,"Search &amp; rescue operations still underway in #Amatrice, 3 days after #ItalyEarthquake #terremoto #afptv @afpfr @AFP",rescue_volunteering_or_donation_effort,italy_earthquake_aug_2016,italy_earthquake_aug_2016_test
234,768858230055313409,The Happiness Family continues to pray for those affected by the earthquake in Italy. Sii Forte Italia!#prayforitaly,sympathy_and_support,italy_earthquake_aug_2016,italy_earthquake_aug_2016_test
23,768482301105889280,RT @NatalieandWayne: Our hearts and thoughts go out to all those affected by the #ItalyEarthquake Sending our love to Italy,sympathy_and_support,italy_earthquake_aug_2016,italy_earthquake_aug_2016_dev
41,768479008564531200,RT @MileyOfficialEU: Our prayers and thoughts go to the families who lost their homes and loved ones #PrayForItaly #Amatrice,sympathy_and_support,italy_earthquake_aug_2016,italy_earthquake_aug_2016_test
94,768532198735708160,"Please donate or share this information, someone else might be able to help. #ItalyEarthquake",rescue_volunteering_or_donation_effort,italy_earthquake_aug_2016,italy_earthquake_aug_2016_test
195,768534720909045760,The big heart of humanity. Refugees and Italians together. Solidarity. #terremoto #aiutiamoci #ItalyEarthquake,sympathy_and_support,italy_earthquake_aug_2016,italy_earthquake_aug_2016_test
230,768832717496745984,if u want to donate money to help people affected by the earthquake on  #prayforItaly or here,rescue_volunteering_or_donation_effort,italy_earthquake_aug_2016,italy_earthquake_aug_2016_test
126,768749968307974145,RT @EmilyWCVB: A miraculous rescue: a little girl FOUND in the rubble; @ErikaWCVB w/those details at 6am #wcvb,rescue_volunteering_or_donation_effort,italy_earthquake_aug_2016,italy_earthquake_aug_2016_test
155,768484710985203712,RT @HOLY_WATER_: My thoughts and prayers go out to everyone affected by the earthquake in Italy ὤF❤ὤF❤ὤF #ItalyEarthquake,sympathy_and_support,italy_earthquake_aug_2016,italy_earthquake_aug_2016_test
172,768744969154785280,"please, help us, share and donate. 45500 #italy #prayforitaly #terremoto #PrayingForItaly",rescue_volunteering_or_donation_effort,italy_earthquake_aug_2016,italy_earthquake_aug_2016_test
117,768879948610281472,"Seriously wondering if I can do anything to help re #italyearthquake. Will be in area in 10 days, though 100km off. How can Londoners help?",rescue_volunteering_or_donation_effort,italy_earthquake_aug_2016,italy_earthquake_aug_2016_dev
26,769593254597763073,Deadly Earthquake in Italy - Catholic Relief Services - donate here! #earthquake #earthquakeitaly #ItalyEarthquake,rescue_volunteering_or_donation_effort,italy_earthquake_aug_2016,italy_earthquake_aug_2016_dev
27,768879098470871040,RT @CAinc: We are supporting Italian Red Cross #ItalyEarthquake relief efforts. Our hearts go out to all affected.,rescue_volunteering_or_donation_effort,italy_earthquake_aug_2016,italy_earthquake_aug_2016_dev
6,769929997075247108,"RT @rabischine: this is so sad, really sad.. #PrayForItaly #terremoto",sympathy_and_support,italy_earthquake_aug_2016,italy_earthquake_aug_2016_dev
0,768510891117670400,"The pictures are so heart breaking, my heart and love goes out to all those who were affected by such tragedy :( #PrayForItaly",sympathy_and_support,italy_earthquake_aug_2016,italy_earthquake_aug_2016_dev
217,768551329631350784,"My heart goes out to all those directly affected by the #ItalyEarthquake that has devastated the landscape. Indirectly, we are all affected",sympathy_and_support,italy_earthquake_aug_2016,italy_earthquake_aug_2016_test
184,769561307767070720,RT @ali_burrasque: My story from #ItalyEarthquake. Refugees reach out to victims among xenophobic tensions,rescue_volunteering_or_donation_effort,italy_earthquake_aug_2016,italy_earthquake_aug_2016_test
135,768516059309694976,RT @WotAustin: this is so sad :( sending my love to everyone affected by the earthquake in Italy #PrayForItaly,sympathy_and_support,italy_earthquake_aug_2016,italy_earthquake_aug_2016_test
58,768841661812248578,RT @sebastianocardi: #ItalyEarthquake #UNSG Ban Ki-moon calls President Mattarella to express solidarity to Italy &amp; praise rescue efforts h,sympathy_and_support,italy_earthquake_aug_2016,italy_earthquake_aug_2016_dev
15,768528183062851584,RT @gianpi_italian: Keep Itaiy in your thoughts #PrayForItaly,sympathy_and_support,italy_earthquake_aug_2016,italy_earthquake_aug_2016_dev
78,768513279488626688,RT @NBCNews: Photos: Crews rescue survivors buried under rubble in #ItalyEarthquake  via @NBCNewsPictures .,rescue_volunteering_or_donation_effort,italy_earthquake_aug_2016,italy_earthquake_aug_2016_test
42,768472129448869888,RT @RobloxITA: Our thoughts are with central Italians as a 6.2 magnitude earthquake struck early this morning. #ItalyEarthquake,sympathy_and_support,italy_earthquake_aug_2016,italy_earthquake_aug_2016_dev
63,768483580813148160,"RT @RiegertBernd: #ItalyEarthquake Church tower in Amitrice still standig, but badly damaged. Woman ask why is God doing that @dwnews",infrastructure_and_utility_damage,italy_earthquake_aug_2016,italy_earthquake_aug_2016_dev
16,769830658319454208,British charity #ShelterBox to give emergency survival kits to remotest areas hit by #ItalyEarthquake,rescue_volunteering_or_donation_effort,italy_earthquake_aug_2016,italy_earthquake_aug_2016_dev
48,768468974854082560,"RT @UKinItaly: #ItalyEarthquake, how to help: donate blood, avoid Via Salaria, if in the affected areas remove your wifi password",rescue_volunteering_or_donation_effort,italy_earthquake_aug_2016,italy_earthquake_aug_2016_dev
89,768487580052688896,RT @Abangala99: #PrayForItaly #ItalyEarthquake Prayers and thoughts goes out to the victims,sympathy_and_support,italy_earthquake_aug_2016,italy_earthquake_aug_2016_test
100,768492719823958016,RT @BigBadGravy: Pray for @antdp425 #PrayForItaly Unfuckinglucky,sympathy_and_support,italy_earthquake_aug_2016,italy_earthquake_aug_2016_dev
103,768519972909899778,RT @frigidaurora: This is really devastating. My thoughts and prayers to everyone who were affected by the earthquake. #PrayForItaly :,sympathy_and_support,italy_earthquake_aug_2016,italy_earthquake_aug_2016_test
45,769639619180855296,#LuttoNazionale #PrayForItaly #Terremoto #Italia #PrayForItalian #earthquake ὢ2 @ Italy,sympathy_and_support,italy_earthquake_aug_2016,italy_earthquake_aug_2016_dev
143,768473678162096128,RT @tamaraistone: Heartbroken. Sending healing thoughts to one of my favorite places in the world and its lovely people.,sympathy_and_support,italy_earthquake_aug_2016,italy_earthquake_aug_2016_test
14,768546385503326208,There should be place on Earth where we put all stupid people like this one and pray for earthquake to happen there,sympathy_and_support,italy_earthquake_aug_2016,italy_earthquake_aug_2016_dev
38,768509395328233472,My heart is broken Please pray for all of the people who has lost a relative or a friend or the house. #prayforitaly,sympathy_and_support,italy_earthquake_aug_2016,italy_earthquake_aug_2016_dev
109,769079711507091456,RT @Digitalwideye: How to make #donations :  Iban: IT17E0335901600100000145551. (BCITITMX). #earthquakeitaly #terre,rescue_volunteering_or_donation_effort,italy_earthquake_aug_2016,italy_earthquake_aug_2016_dev
147,768550531967098880,RT @5H_mygirls: Damn I feel bad of what happened in Italyὡ4. My prayers go out for those who got injured or killedὤFἿD. Hope everyone is safeὤ2,sympathy_and_support,italy_earthquake_aug_2016,italy_earthquake_aug_2016_test
108,768483464022728704,"RT @ABC7News: #ItalyEarthquake update: Per @ABC, at least 73 people are dead following the earthquake that struck Central Italy.",injured_or_dead_people,italy_earthquake_aug_2016,italy_earthquake_aug_2016_test
20,768500083826552832,3/4 of town of Amatrice destroyed in 6.2 magnitude #ItalyEarthquake. Aftershock felt as far as Rome.,infrastructure_and_utility_damage,italy_earthquake_aug_2016,italy_earthquake_aug_2016_test
43,768610687950041089,RT @supermarthy: Another tragic incident! Sending all my thoughts &amp; prayers to all the people affected by this devastating fortuitous event,sympathy_and_support,italy_earthquake_aug_2016,italy_earthquake_aug_2016_dev
91,768471424516366336,RT @etherealquartz: All my love and thoughts to those in Italy Ὁ5 #ItalyEarthquake,sympathy_and_support,italy_earthquake_aug_2016,italy_earthquake_aug_2016_dev
99,768887362810150912,For those who want to help this is the Italian Red Cross bank account created for #ItalyEarthquake #PrayingForItaly,rescue_volunteering_or_donation_effort,italy_earthquake_aug_2016,italy_earthquake_aug_2016_dev
9,768482573857218562,RT @wolvesalren: Everything that Ive seen so far is truly heartbreaking my prayers go out to those affected by the earthquake #PrayForItaly,sympathy_and_support,italy_earthquake_aug_2016,italy_earthquake_aug_2016_dev
93,768788401214676993,RT @LovesItalian: The areas worst-hit by the earthquake. Death toll rises to 247. #prayforitaly,injured_or_dead_people,italy_earthquake_aug_2016,italy_earthquake_aug_2016_dev
9,768473366072176640,RT @TheSun: At least 22 killed and many more feared dead after ‘apocalyptic’ 6.2 #ItalyEarthquake,injured_or_dead_people,italy_earthquake_aug_2016,italy_earthquake_aug_2016_test
116,769487420911935490,Italian President #SergioMattarella meets the relatives of some victims of #ItalyEarthquake during a Mass funeral.,sympathy_and_support,italy_earthquake_aug_2016,italy_earthquake_aug_2016_test
56,768550721943986180,RT @MSF_USA: #ItalyEarthquake: We have sent a team to assess needs &amp; are ready to support Italian relief agencies and authorities,rescue_volunteering_or_donation_effort,italy_earthquake_aug_2016,italy_earthquake_aug_2016_test
29,768470216514818048,"#PrayForItaly I hope people are safe now, so sad ,All love and prayers go to Italy",sympathy_and_support,italy_earthquake_aug_2016,italy_earthquake_aug_2016_test
154,769248662660743168,"Questo Mese: #ItalyEarthquake Relief, #Calabria coastal towns and 2017 #heritagetour dates -",rescue_volunteering_or_donation_effort,italy_earthquake_aug_2016,italy_earthquake_aug_2016_test
65,769125856866340864,RETWITTATE #PrayingForItaly #heartquake #terremoto #TerremotoItalia #ItalyEarthquake,sympathy_and_support,italy_earthquake_aug_2016,italy_earthquake_aug_2016_test
100,769229598148157440,"RT @giardinifranca: My thoughts, prayers and flowers to all the victims #ItalyEarthquake #amatrice",sympathy_and_support,italy_earthquake_aug_2016,italy_earthquake_aug_2016_test
34,768585857741709312,"#Italy, my thoughts and prayers are for you ὡ4ὤFἿB #ItalyEarthquake",sympathy_and_support,italy_earthquake_aug_2016,italy_earthquake_aug_2016_test
97,769280498170490881,"#ItalyEarthquake death toll hits 281, state funeral planned, rescue operation in some areas called off  via @Reuters",injured_or_dead_people,italy_earthquake_aug_2016,italy_earthquake_aug_2016_dev
3,768561132244172804,"RT @marty_walsh: My heart and prayers go out to those suffering in the #ItalyEarthquake, and the people of Italy. -MJW",sympathy_and_support,italy_earthquake_aug_2016,italy_earthquake_aug_2016_dev
201,768849403562033152,RT @unisdr: #ItalyEarthquake: Aftershocks hamper rescue efforts #switch2sendai #IDDR2016,rescue_volunteering_or_donation_effort,italy_earthquake_aug_2016,italy_earthquake_aug_2016_test
145,769180163364052992,RT @dreamofitaly: Join a #virtualsagra for #italyearthquake relief in honor of #amatrice and #amatriciana  /,rescue_volunteering_or_donation_effort,italy_earthquake_aug_2016,italy_earthquake_aug_2016_test
72,768530192323211264,"RT @TvLover98: #PrayForItaly Sounds better than #RIPARIANNA, tragically, she wasnt the only victims. So sorry for all of them &amp; family &amp; f",sympathy_and_support,italy_earthquake_aug_2016,italy_earthquake_aug_2016_dev
237,769303673327325184,RT @romewise: Head to #italy museums Sunday to help #ItalyEarthquake victims. #museums4italy @MiBACT @Turismoromaweb,rescue_volunteering_or_donation_effort,italy_earthquake_aug_2016,italy_earthquake_aug_2016_test
24,768488171109748736,RT @JesuitCollab: Lets join #PopeFrancis in praying for the victims and all those suffering as a result of the #ItalyEarthquake .,sympathy_and_support,italy_earthquake_aug_2016,italy_earthquake_aug_2016_test
226,768576704956788736,RT @thebaddestnuna: Praying that all my family and friends in Italy are safe and sound #PrayForItaly,sympathy_and_support,italy_earthquake_aug_2016,italy_earthquake_aug_2016_test
67,768622685584842752,RT @Echinanews: Death toll from powerful #ItalyEarthquake of 6.2magnitude climbs to at least 159 late Wednesday,injured_or_dead_people,italy_earthquake_aug_2016,italy_earthquake_aug_2016_test
111,768530253337747456,You can donate even if youre not in europe! #terremoto #ItalyEarthquake #PrayForItaly,rescue_volunteering_or_donation_effort,italy_earthquake_aug_2016,italy_earthquake_aug_2016_dev
5,768660580785762304,RT @GioGirimonte: Grazie Calgary!἞E἟9#PrayingForItaly #PrayForItaly #PrayForItalia #Calgary #YYC @cityofcalgary @nenshi @FrancainCalgary http,sympathy_and_support,italy_earthquake_aug_2016,italy_earthquake_aug_2016_dev
232,769106921781600256,"$67,960 raised of $1,000,000 goal after 1 day. Italy Earthquake Relief Fund on @globalgiving: #prayforitaly",rescue_volunteering_or_donation_effort,italy_earthquake_aug_2016,italy_earthquake_aug_2016_test
60,768567475663409156,RT @adorvnialljh: Please can u send sms to 45500 and donate 2€ for Italian victims ?? ὤF἞E἟9 #ItalyEarthquake #PrayForItaly @NiallOfficial,rescue_volunteering_or_donation_effort,italy_earthquake_aug_2016,italy_earthquake_aug_2016_dev
207,769515903469907968,from today we will donate 3 euros every Pasta allAmatriciana dish ordered from today for 2 weeks at La Taverna Restaurant #italyearthquake,rescue_volunteering_or_donation_effort,italy_earthquake_aug_2016,italy_earthquake_aug_2016_test
19,768476409954181120,RT @RealMarioTemes: Sending my love and condolences to the victims in the #ItalyEarthquake ὡE,sympathy_and_support,italy_earthquake_aug_2016,italy_earthquake_aug_2016_test
94,768491418449022976,#terremoto #protezionecivile #PrayForItaly #PrayForItaly donation,sympathy_and_support,italy_earthquake_aug_2016,italy_earthquake_aug_2016_dev
55,768550043385225220,RT @SweetCice_00: Pray for everyone struck by the earthquake in Central Italy. I felt the shock of the earthquake quite strongly in Umbria.,sympathy_and_support,italy_earthquake_aug_2016,italy_earthquake_aug_2016_test
61,768886902904745984,RT @VikaLarchenko: Come state? #PrayForItaly #terremoto,sympathy_and_support,italy_earthquake_aug_2016,italy_earthquake_aug_2016_dev
187,768479569259167745,"Thinking about #ItalyEarthquake--the victims, rescuers, devastation. Sharing this doggie who survived. #dog #cane",sympathy_and_support,italy_earthquake_aug_2016,italy_earthquake_aug_2016_test
37,768577558782803969,Rescue operations in #PescaradelTronto flattened by #ItalyEarthquake,rescue_volunteering_or_donation_effort,italy_earthquake_aug_2016,italy_earthquake_aug_2016_test
192,768584039850713089,"A friend, and a pizza. Comfort food and comfort people around me this evening, to share the pain and trying to go on. #ItalyEarthquake",sympathy_and_support,italy_earthquake_aug_2016,italy_earthquake_aug_2016_test
181,768527137770991616,RT @CraigSilverman: This photo of a damaged church is not from the earthquake in central Italy:  #italyearthquake ht,infrastructure_and_utility_damage,italy_earthquake_aug_2016,italy_earthquake_aug_2016_test
4,768519450865827840,RT @musicnews_facts: Our thoughts and prayers go out to all those affected by the earthquake in Italy from last night #PrayForItaly ὡ4,sympathy_and_support,italy_earthquake_aug_2016,italy_earthquake_aug_2016_dev
130,768700364753428480,God save our people. God pray for these souls. #terremoto #prayforitaly,sympathy_and_support,italy_earthquake_aug_2016,italy_earthquake_aug_2016_test
46,768807863875674112,@ShawnMendes spread to your fans the news! text the number 45500 to donate to the families who got hurt by the earthquake! ἞E἟9 #PrayForItaly,rescue_volunteering_or_donation_effort,italy_earthquake_aug_2016,italy_earthquake_aug_2016_test
84,768578296145588224,"RT @SLAYBEATRICE: this is absolutely horrible, i wish nothing but strength to the victims and victims families #PrayForItaly",sympathy_and_support,italy_earthquake_aug_2016,italy_earthquake_aug_2016_test
225,768770671644119040,Prosecutors begin inquiry into #italyEarthquake - asking why did quake proof school at #Amatrice &amp; others collapse,infrastructure_and_utility_damage,italy_earthquake_aug_2016,italy_earthquake_aug_2016_test
229,768921451684622336,THIS IS SO IMPORTANT!!! #ItalyEarthquake #terremoto #CroceRossaItaliana #PrayForItaly ❤️ὤFἿBὤFἿB἞E἟9,sympathy_and_support,italy_earthquake_aug_2016,italy_earthquake_aug_2016_test
233,768472042605776897,RT @MJohnsonCTV: .@stpierre_ch offers condolences to families of #ItalyEarthquake victims; says many Italians in #Quebec are worried about,sympathy_and_support,italy_earthquake_aug_2016,italy_earthquake_aug_2016_test
78,768487216997920768,RT @mercerswife: Praying for those families affected by the train accident in Italy. Unimaginable with a system so widely used in Europe. #,sympathy_and_support,italy_earthquake_aug_2016,italy_earthquake_aug_2016_dev
10,768752134145859585,RT @RT_com: LIVE NOW: Rescue op in #PescaraDelTronto after 6.2 #ItalyEarthquake,rescue_volunteering_or_donation_effort,italy_earthquake_aug_2016,italy_earthquake_aug_2016_test
55,769912831949012992,RT @_Nico_Piro_: #ItalyEarthquake Pescara del Tronto looks like a city after an aerial bombing. Terrifying. Lets help #survivors,infrastructure_and_utility_damage,italy_earthquake_aug_2016,italy_earthquake_aug_2016_dev
67,768541439194177536,"If you want to contribute to earthquake efforts, text your donation. #terremoto",rescue_volunteering_or_donation_effort,italy_earthquake_aug_2016,italy_earthquake_aug_2016_dev
113,768847224101081089,Quake: Provisional death toll revised down to 241 #prayforitaly #ItalyEarthquake #devastation  via @Agenzia_Ansa,injured_or_dead_people,italy_earthquake_aug_2016,italy_earthquake_aug_2016_test
76,769291146761760768,RT @DEloveftNeens: If you can and want to help this is the link to donate to @crocerossa #PrayingForItaly #ItalyEarthquake RT ❤️ὤFἿB἞E἟9,rescue_volunteering_or_donation_effort,italy_earthquake_aug_2016,italy_earthquake_aug_2016_dev
99,769563239931846656,RT @favouritizm: Please #donate or #RT to help the #Earthquake victims of #Lazio  #ItalyEarthquake #TerremotoItalia,rescue_volunteering_or_donation_effort,italy_earthquake_aug_2016,italy_earthquake_aug_2016_test
198,768482796218228737,Thoughts are with those effected by the Earthquake in Italy today.,sympathy_and_support,italy_earthquake_aug_2016,italy_earthquake_aug_2016_test
95,768845090764754945,RT @alaskaHQ: Italy’s civil protection service says the death toll has reached 250. #ItalyEarthquake,injured_or_dead_people,italy_earthquake_aug_2016,italy_earthquake_aug_2016_dev
186,768474851963203584,"RT @alice_van_pelt: #PrayForItaly love and thoughts to my home, hope the worst is over and that everyone is safe. ἞E἟9",sympathy_and_support,italy_earthquake_aug_2016,italy_earthquake_aug_2016_test
10,768903726421594112,RT @BlogRArmitage: How to help victims of the Italy earthquake ✨✨✨✨✨ #ItalyEarthquake #Amatrice @CNNI,rescue_volunteering_or_donation_effort,italy_earthquake_aug_2016,italy_earthquake_aug_2016_dev
38,768472691477209088,"RT @kathyireland: Italy earthquake: at least 73 killed in mountain villages – live  Please, #PrayForItaly",injured_or_dead_people,italy_earthquake_aug_2016,italy_earthquake_aug_2016_test
169,769176807916576768,RT @ValvonaCrolla: Were boiling Spaghetti allAmatriciana from today @ V&amp;C #CaffèBar to support those affected #ItalyEarthquake £2 from ev,sympathy_and_support,italy_earthquake_aug_2016,italy_earthquake_aug_2016_test
2,768547619455074305,More Than 120 Dead In Italy Earthquake As Towns Turned To Ruins ὢ2 #ItalyEarthquake,injured_or_dead_people,italy_earthquake_aug_2016,italy_earthquake_aug_2016_test
21,769133796654407680,RT @suffragettecine: Venice film festival in memory of the earthquakes Italian victims will delate the opening gala. #ItalyEarthquake htt,sympathy_and_support,italy_earthquake_aug_2016,italy_earthquake_aug_2016_dev
51,768565982612848640,RT @dgatopoulos: The Latest: Death toll in Italian earthquake rises to 120 #ItalyEarthquake,injured_or_dead_people,italy_earthquake_aug_2016,italy_earthquake_aug_2016_test
151,768851443117879296,Restaurants around the world turn to Amatrices famous pasta to aid recovery #ItalyEarthquake,rescue_volunteering_or_donation_effort,italy_earthquake_aug_2016,italy_earthquake_aug_2016_test
1,769541185706786817,"Mass funeral held to mourn #ItalyEarthquake victims, death toll rises to 290",injured_or_dead_people,italy_earthquake_aug_2016,italy_earthquake_aug_2016_dev
199,769251219290386432,Bronxs Little Italy launches earthquake relief fund #Italy #BronxLittleItaly #NYC #ItalyEarthquake #ArthurAvenue,rescue_volunteering_or_donation_effort,italy_earthquake_aug_2016,italy_earthquake_aug_2016_test
86,768635152989769728,Sad news todayMy heart and prayers go to Italy ὤFὤFὤF #PrayForItaly,sympathy_and_support,italy_earthquake_aug_2016,italy_earthquake_aug_2016_dev
174,769156559809212416,"RT @Happeningarts: This Sunday, Italian #museums will donate tickets sales to #ItalyEarthquake rescue efforts &gt;  htt",rescue_volunteering_or_donation_effort,italy_earthquake_aug_2016,italy_earthquake_aug_2016_test
236,768559306442698752,RT @jfkbydbay: My prayers to those affected by the strong earthquake in Italy. #ItalyEarthquake,sympathy_and_support,italy_earthquake_aug_2016,italy_earthquake_aug_2016_test
107,768562308197060609,My country needs you. Please help us donate 2€ by calling or texting 45500. #prayforitaly,rescue_volunteering_or_donation_effort,italy_earthquake_aug_2016,italy_earthquake_aug_2016_test
13,768678435233361920,"RT @Zayn_MyHero: This can mean everything to them, so please donate and help somebodys live. Spread this message.",rescue_volunteering_or_donation_effort,italy_earthquake_aug_2016,italy_earthquake_aug_2016_dev
127,768524070010941440,"to everybody who lives in the cities damaged by the earthquake, I hope youre in a safe place with your family #ItalyEarthquake",sympathy_and_support,italy_earthquake_aug_2016,italy_earthquake_aug_2016_test
1,769041203115487232,RT @DisasterChannL: MT @emergenzavvf: #ItalyEarthquake: #Firefighters rescue #dog from the rubble after 30 hrs: returned2 owner in tears ht,rescue_volunteering_or_donation_effort,italy_earthquake_aug_2016,italy_earthquake_aug_2016_test
123,768866800717164544,"ITALY IS STRONG, WELL FIGHT!  #solidarity #grazie #thankyou #terremoto #italia #prayforitaly #Italy #terremotoitalia",sympathy_and_support,italy_earthquake_aug_2016,italy_earthquake_aug_2016_test
96,768518003801649152,Our beautiful country hit once again ὡ4 #BeStrong #PrayForItaly #terremoto #ItalyEarthquake,sympathy_and_support,italy_earthquake_aug_2016,italy_earthquake_aug_2016_dev
188,768558693625520128,RT @PresidentRuvi: sending condolences to President #Mattarella following #ItalyEarthquake. Our thoughts are with you and the people of Ita,sympathy_and_support,italy_earthquake_aug_2016,italy_earthquake_aug_2016_test
32,768851896379375616,For all who asked how to donate or help the rescue teams in #ItalyEarthquake please share the donation info here,rescue_volunteering_or_donation_effort,italy_earthquake_aug_2016,italy_earthquake_aug_2016_dev
85,768864738126106624,Pray for ItalyὤFἿD὇CἿDὢ2ὢ2#italia #prayforitaly#sad#prayfortheworld #prayforhumanity #prayforsyria #,sympathy_and_support,italy_earthquake_aug_2016,italy_earthquake_aug_2016_dev
200,768510749937377281,RT @girlposts: my thoughts and prayers go out to everyone in Italy affected by the earthquake today #PrayForItaly,sympathy_and_support,italy_earthquake_aug_2016,italy_earthquake_aug_2016_test
192,734527998003695616,"RT @jenna_poll: Just donated money to @AveryMcCain s father, and I cant wait to donate more. Spread this like wildfire! ❤️Ὁ5❤️Ὁ5 .",rescue_volunteering_or_donation_effort,canada_wildfires_2016,canada_wildfires_2016_dev
40,732373855717613568,Donate to Fort Mac wildfire relief:  #yymfire #ABfire #AlbertaStrong,rescue_volunteering_or_donation_effort,canada_wildfires_2016,canada_wildfires_2016_dev
130,730189289481502720,Fort McMurray wildfire: Justin Trudeau to survey damage on Friday,infrastructure_and_utility_damage,canada_wildfires_2016,canada_wildfires_2016_test
13,729120603823710208,RT @GlobalCalgary: Red Cross sets up family reunification number for Fort McMurray wildfire evacuees: 1-888-350-6070 #ymmfire #abfire,rescue_volunteering_or_donation_effort,canada_wildfires_2016,canada_wildfires_2016_test
219,730131843475857408,"RT @GlobalEdmonton: Fort McMurray wildfire: how to apply to be part of the cleanup, rebuild efforts #ymm #ymmfire",rescue_volunteering_or_donation_effort,canada_wildfires_2016,canada_wildfires_2016_dev
140,728575793857712131,Our thoughts are with youMassive convoy of evacuees to move through Fort McMurray  via @torontostar,sympathy_and_support,canada_wildfires_2016,canada_wildfires_2016_dev
178,729132131557908480,Province of Manitoba | News Releases | Manitobas Urban Search and Rescue Team to Assist Alberta Wildfire Fight,rescue_volunteering_or_donation_effort,canada_wildfires_2016,canada_wildfires_2016_dev
148,729075317151698944,Manitoba to send 22 members of disaster response team to help battle Alberta wildfire,rescue_volunteering_or_donation_effort,canada_wildfires_2016,canada_wildfires_2016_test
12,730896206377955328,@1derboyYoshi yeah it was! Super amazing that each donut purchase goes to the wildfire damage. Like aaaah and the donut is so pretty ;u;,rescue_volunteering_or_donation_effort,canada_wildfires_2016,canada_wildfires_2016_test
187,731248284707098625,"RT @AirbnbHelp: Those impacted by #ymmfire, Alberta hosts have opened their homes. @Airbnbs Kellie Bentz explains on @BloombergCA /",rescue_volunteering_or_donation_effort,canada_wildfires_2016,canada_wildfires_2016_dev
227,728825304991424512,Canada wildfire disrupts rescue convoy,rescue_volunteering_or_donation_effort,canada_wildfires_2016,canada_wildfires_2016_dev
229,728597478946287616,RT @RONAinc: Join us to show support to the victims of the Fort Murray wildfire by donating online to the Canadian Red Cross: /,rescue_volunteering_or_donation_effort,canada_wildfires_2016,canada_wildfires_2016_test
311,728536890496929792,RT @MiltonMere: Pls donate to @redcrosscanada if youre able. Text REDCROSS to 45678 ($10) or 30333 ($5) to support residents of #FortMcMur,rescue_volunteering_or_donation_effort,canada_wildfires_2016,canada_wildfires_2016_test
276,729516646767972352,RT @ImThatGentleman: @ImThatGentleman Fort McMurray wildfire rages on. So close to my home. These people need support. Please donateὤFἿE http,rescue_volunteering_or_donation_effort,canada_wildfires_2016,canada_wildfires_2016_test
150,729096029241413632,Wildfire above Oyama: UPDATE: 4:30 p.m. A helicopter has now joined in the battle against the wildfire above Oyama. The BC Wildfire,caution_and_advice,canada_wildfires_2016,canada_wildfires_2016_test
108,730093408145047552,Official tour of destruction in Fort McMurray,infrastructure_and_utility_damage,canada_wildfires_2016,canada_wildfires_2016_test
435,736014923042557952,Emergency measures stave off wildfire damage to BC oil and gas patch #oil #gas #bhive,infrastructure_and_utility_damage,canada_wildfires_2016,canada_wildfires_2016_test
27,729195286845788160,Fort McMurray wildfire destruction drive-by 1:15,infrastructure_and_utility_damage,canada_wildfires_2016,canada_wildfires_2016_dev
371,732709953874604032,HEU offers support to victims of #FortMcMurray #wildfire,rescue_volunteering_or_donation_effort,canada_wildfires_2016,canada_wildfires_2016_test
94,729109541703528448,"Link: Aerial footage from above Fort McMurray, Alberta, shows wildfire destruction in Abasand an.. #breakingnews",infrastructure_and_utility_damage,canada_wildfires_2016,canada_wildfires_2016_dev
24,728685059704684544,Thoughts and prayers?.. Ok but how about texting REDCROSS to 30333 to donate $5 for the unfortunate ppl of #FortMcMurray #wildfire #Canada,rescue_volunteering_or_donation_effort,canada_wildfires_2016,canada_wildfires_2016_test
22,730501289067589632,RT @HappyFollowBack: Financial relief for wildfire evacuees  #TEAMFOLLOWBACK,rescue_volunteering_or_donation_effort,canada_wildfires_2016,canada_wildfires_2016_dev
200,729698610384764928,RT @DaveMustaine: My thoughts and prayers go out to our neighbors in Canada Hopes rise in Canadian wildfire battle,sympathy_and_support,canada_wildfires_2016,canada_wildfires_2016_test
25,734119930619011072,Community coalition in aid of Albert wildfire was built for fundraising event.,rescue_volunteering_or_donation_effort,canada_wildfires_2016,canada_wildfires_2016_dev
59,730173623026262016,"In support of Fort McMurray wildfire relief, Sunnyside Natural Market will be collecting Red Cross donations for",rescue_volunteering_or_donation_effort,canada_wildfires_2016,canada_wildfires_2016_dev
236,729317797252190209,Rescue workers retrieving pets in aftermath of Canadian wildfire - AOL News,rescue_volunteering_or_donation_effort,canada_wildfires_2016,canada_wildfires_2016_test
123,729384197089984512,#albertafire Update: #AHS will be bringing in psychologists from #BC and other jurisdictions to assist #wildfire victims.,rescue_volunteering_or_donation_effort,canada_wildfires_2016,canada_wildfires_2016_dev
162,728816916568006657,RT @CraigScottNDP: Heartening list of ways people are coming together to help Fort McMurray fire refugees,rescue_volunteering_or_donation_effort,canada_wildfires_2016,canada_wildfires_2016_test
401,729820577326768134,"RT @KylloGreg: $240,000 donated at BC Liquor Stores for Fort Mac wildfire relief efforts  Canadian Red Cross",rescue_volunteering_or_donation_effort,canada_wildfires_2016,canada_wildfires_2016_test
88,728911108623372288,RT @AllisonChinchar: MPCA has issued an Air Quality Advisory due to wildfire smoke until 10pm  #ymmfire @DDwx htt,caution_and_advice,canada_wildfires_2016,canada_wildfires_2016_test
177,730140121979334656,"Gallery Video, pictures of Fort McMurray wildfire damage media tour.",infrastructure_and_utility_damage,canada_wildfires_2016,canada_wildfires_2016_test
122,732696441370648577,"Please, please, please pray",sympathy_and_support,canada_wildfires_2016,canada_wildfires_2016_dev
197,728943472019963904,Matching donations and CLWRs response UPDATE: Fort McMurray wildfire response Thank you to all who have donated,rescue_volunteering_or_donation_effort,canada_wildfires_2016,canada_wildfires_2016_dev
164,729798823640338434,RT @ConserveAlberta: Alberta has issued a province wide restriction on off-road vehicles to prevent fires.  #Alberta,caution_and_advice,canada_wildfires_2016,canada_wildfires_2016_dev
169,728954374429478912,Stop by at your local @hm and donate to the Red Cross. Donations will be gone towards the wildfire in Alberta! #charity #makeadifference,rescue_volunteering_or_donation_effort,canada_wildfires_2016,canada_wildfires_2016_dev
268,730625079143342082,"Canadian wildfire: Already 2400 houses destroyed, still burning out of control",infrastructure_and_utility_damage,canada_wildfires_2016,canada_wildfires_2016_test
228,729132904521990144,"Dear World, please help us.",sympathy_and_support,canada_wildfires_2016,canada_wildfires_2016_test
94,728967503175503872,Rex Murphy on the Fort McMurray Wildfire. Coming to the aid of others is what Canadians do!,rescue_volunteering_or_donation_effort,canada_wildfires_2016,canada_wildfires_2016_test
209,732739168111988737,"RT @660NEWS: Troubled Ontario First Nation makes $5,000 donation to wildfire relief: Red Crossmore tonight on 660 NEWS.",rescue_volunteering_or_donation_effort,canada_wildfires_2016,canada_wildfires_2016_dev
74,732809650115104768,RT @MikeHudema: Wow. #Attawapiskat donates to Fort McMurray wildfire relief fund:  #ymmfire #ABfire,rescue_volunteering_or_donation_effort,canada_wildfires_2016,canada_wildfires_2016_test
162,728773567731650562,@BlueJays Great job! #OneNation #ComeTogether Blue Jays create auction for wildfire victims Sent with @MLB At Bat,rescue_volunteering_or_donation_effort,canada_wildfires_2016,canada_wildfires_2016_dev
153,732236641834782720,Premier Notley will update northern Alberta wildfire and relief efforts at 11 a.m. #FortMcMurray,rescue_volunteering_or_donation_effort,canada_wildfires_2016,canada_wildfires_2016_test
201,729216764677128192,RT @Muellerforlife2: Canadian #RedCross volunteers giving - as always - helping families forced from homes by Alberta wildfire #ABfire htt,rescue_volunteering_or_donation_effort,canada_wildfires_2016,canada_wildfires_2016_test
192,732981913338667008,Touching story of family/community coming together during a devastating time. Thoughts to all impacted #FortMacFire,sympathy_and_support,canada_wildfires_2016,canada_wildfires_2016_test
193,729041305117036544,Red Cross says donations for Fort McMurray wildfire aid has hit $44 million - CBC,rescue_volunteering_or_donation_effort,canada_wildfires_2016,canada_wildfires_2016_dev
337,729058501687836672,RT @BenjaminSWatson: Heart is breaking for these families,sympathy_and_support,canada_wildfires_2016,canada_wildfires_2016_test
328,729798237079670784,V-Cup action Wed night @Cantinasur Well be taking donations for the Red Cross for victims of the Fort Mac wildfire.,rescue_volunteering_or_donation_effort,canada_wildfires_2016,canada_wildfires_2016_test
436,732058726480257028,RT @RDFigs19: Weve created an auction to support the Fort McMurray WildFire victims. Please RT and visit the link HERE---&gt;,rescue_volunteering_or_donation_effort,canada_wildfires_2016,canada_wildfires_2016_test
215,728777189781463041,From The Ashes – Alberta Wildfire Relief Tee #FortMacFire #FortMcMurray #FortMac #abfires,rescue_volunteering_or_donation_effort,canada_wildfires_2016,canada_wildfires_2016_test
34,733024552549122049,@WotherspoonT says govt can help firefighters by restoring funding to wildfire mgmt. ($50 mil. cut since 09) #skpoli,rescue_volunteering_or_donation_effort,canada_wildfires_2016,canada_wildfires_2016_test
108,728577314397786112,RT @reanesh: This is how much of the city the wildfire would be covering if it were in Toronto. Donate: text REDCROSS to 30333.,rescue_volunteering_or_donation_effort,canada_wildfires_2016,canada_wildfires_2016_dev
224,732333131630436353,Another late night another wildfire. People need to be smart about their camp fires while fire danger is high.,caution_and_advice,canada_wildfires_2016,canada_wildfires_2016_dev
307,728663660202201088,I have it on good (but made up) authority that donations to help Alberta wildfire evacuees entitle you to skip a workout this week #donate,rescue_volunteering_or_donation_effort,canada_wildfires_2016,canada_wildfires_2016_test
100,728752569032445952,mlb​.com &gt;&gt; Blue Jays create auction for wildfire victims,rescue_volunteering_or_donation_effort,canada_wildfires_2016,canada_wildfires_2016_dev
212,733321295694172161,Ingersoll band will perform at benefit concert to support Fort McMurray wildfire victims,rescue_volunteering_or_donation_effort,canada_wildfires_2016,canada_wildfires_2016_test
253,729763766896873472,"RT @ManulifeNews: .@Manulife donates $50,000 to Fort McMurray wildfire relief efforts #FortMacFire",rescue_volunteering_or_donation_effort,canada_wildfires_2016,canada_wildfires_2016_test
204,729112469080182784,RT @AFNAlberta1: Many First Nations opened their communities &amp;homes 2evacuees &amp; made generous donations 2Red Cross.. across AB.,rescue_volunteering_or_donation_effort,canada_wildfires_2016,canada_wildfires_2016_test
434,728586123581239296,Albertas pro sports teams contribute to #yymfire relief. Unifor mbrs shld donate at  #canlab,rescue_volunteering_or_donation_effort,canada_wildfires_2016,canada_wildfires_2016_test
101,732575097857314818,RT @SHINeeCanada: [PLZ SHARE] SWC 8th ANNI Project - Donation to Wildfire in Alberta under SHINees Name to Red Cross and Edmonton,rescue_volunteering_or_donation_effort,canada_wildfires_2016,canada_wildfires_2016_dev
180,731492470102458369,Our team will be there at 10:30 to accept your donations! Thank you!,rescue_volunteering_or_donation_effort,canada_wildfires_2016,canada_wildfires_2016_dev
107,728672411906805760,"RT @Alberta411: Fort McMurray Wildfire MEGA POST • Most expensive disaster in Canadian history at $9 billion • 1,600 Buildings",infrastructure_and_utility_damage,canada_wildfires_2016,canada_wildfires_2016_test
379,728797678423973888,RT @linmcgowan: Unbelievable so so sad remember to help text REDCROSS to 30333 to donate $5 #everybithelps #FortMacFire #RedCross,rescue_volunteering_or_donation_effort,canada_wildfires_2016,canada_wildfires_2016_test
196,728659696962314241,@TheYoungTurks Syrian refugees helping out fort mac wildfire victims in Canada. Please cover this story. #FortMacFire,sympathy_and_support,canada_wildfires_2016,canada_wildfires_2016_test
91,733004995877081090,RT @mkeadmirals: Fort McMurray native &amp; Ads alum @ScottieUpshall reflects on the damage to his hometown in the @PlayersTribune,infrastructure_and_utility_damage,canada_wildfires_2016,canada_wildfires_2016_dev
398,729325329475579904,"Ontario boys lemonade stand raises more than $2,500 for Alberta wildfire relief, please donate $20 at  Fort McMurray",rescue_volunteering_or_donation_effort,canada_wildfires_2016,canada_wildfires_2016_test
333,734142193653403648,These bears have had their own homes destroyed by the fire. Non-lethal aversion tactics should be considered.,infrastructure_and_utility_damage,canada_wildfires_2016,canada_wildfires_2016_test
188,729362464681250817,"Wildfire hazards across SK are still mostly extreme. 12 active fires, 2 not contained, no threat to any communities @ctvsaskatoon",caution_and_advice,canada_wildfires_2016,canada_wildfires_2016_dev
386,729727859611160576,keep them coming along with prayers. These people are living a nightmare. Many have lost everything,sympathy_and_support,canada_wildfires_2016,canada_wildfires_2016_test
288,729023682916585472,RT @Canoe: .@JamesTaylor_com to donate concert proceeds to help wildfire victims  #ymmfire,rescue_volunteering_or_donation_effort,canada_wildfires_2016,canada_wildfires_2016_test
87,728916428523491328,"RT @renoaddict: Just donated to Edmonton Humane Society to help Fort Mac animals in need. If u r able, please consider it.",rescue_volunteering_or_donation_effort,canada_wildfires_2016,canada_wildfires_2016_dev
166,732272605172924416,Wildfire danger on the rise again in Saskatchewan: After cooler conditions and rain shrank the extreme risk,caution_and_advice,canada_wildfires_2016,canada_wildfires_2016_dev
109,729133257124552704,@BreneBrown There are stories here in Canada where some Syrian newcomers are helping the wildfire evacuees. They understand.,rescue_volunteering_or_donation_effort,canada_wildfires_2016,canada_wildfires_2016_test
37,730488769246171137,Wildfire donations running low in Bonnyville: Small communities have been ill-equipped to handle an onslaught of,rescue_volunteering_or_donation_effort,canada_wildfires_2016,canada_wildfires_2016_dev
224,728897194896535552,"IEA: RT IEABirol: Our thoughts are with the residents and workers of Fort McMurray, Alberta, as #wildfire forces evacuation",sympathy_and_support,canada_wildfires_2016,canada_wildfires_2016_test
47,728610276325601280,Donate to Redcross please,rescue_volunteering_or_donation_effort,canada_wildfires_2016,canada_wildfires_2016_dev
141,730480242729594880,Red Willow helps families in Alberta who lost so much in the wildfire with Toonie Tuesday on May 17th. Please help support this worthy cause,rescue_volunteering_or_donation_effort,canada_wildfires_2016,canada_wildfires_2016_dev
135,728631063791190016,"#Canadian do great things #Classified, #DavidMyles donate proceeds from song to Fort McMurray wildfire relief",rescue_volunteering_or_donation_effort,canada_wildfires_2016,canada_wildfires_2016_test
243,732780159657336832,"We want to help: Attawapiskat donates $5,000 to wildfire relief  #ymmfire",rescue_volunteering_or_donation_effort,canada_wildfires_2016,canada_wildfires_2016_test
238,730131512407035904,#TIME See satellite images of the Fort McMurray wildfires destruction,infrastructure_and_utility_damage,canada_wildfires_2016,canada_wildfires_2016_test
131,733190735424544768,Detailed new images of wildfire-damaged areas available for Wood Buffalo residents  #alberta,infrastructure_and_utility_damage,canada_wildfires_2016,canada_wildfires_2016_dev
54,729135135216549888,"Donated by the women, who are generously fundraising even more--not govt relief",rescue_volunteering_or_donation_effort,canada_wildfires_2016,canada_wildfires_2016_dev
374,732753245769060352,Burning Blues for Wildfire Victims May 22 4PM $10 for #ymmfire  @BarsnBandsYEG #red,rescue_volunteering_or_donation_effort,canada_wildfires_2016,canada_wildfires_2016_test
376,730464599670194178,Canadian Red Cross says it has raised $67-million for wildfire relief effort.,rescue_volunteering_or_donation_effort,canada_wildfires_2016,canada_wildfires_2016_test
218,731118092865130496,Fort #McMurray Damage Revealed as #Wildfire Moves South  via @AIRWorldwide,infrastructure_and_utility_damage,canada_wildfires_2016,canada_wildfires_2016_test
133,730061168975425537,"Our thoughts go out to the families affected in #FortMcMurray Much appreciation to Fire, EMS and Police #FortMacFire",sympathy_and_support,canada_wildfires_2016,canada_wildfires_2016_test
421,732918670570213376,"#Games studio @IGGCanada to #donate $100,000 to @redcrosscanada for #wildfire relief  #PR",rescue_volunteering_or_donation_effort,canada_wildfires_2016,canada_wildfires_2016_test
174,731535681281888256,The Korner Pub wildfire relief fundraiser Tomorrow 1:00pm,rescue_volunteering_or_donation_effort,canada_wildfires_2016,canada_wildfires_2016_dev
60,728596240779325444,.@CapitalOneCA Media Release: Capital One Canada Supports Wildfire Relief Efforts in Alberta,rescue_volunteering_or_donation_effort,canada_wildfires_2016,canada_wildfires_2016_test
230,729741279840473089,Sothe fires in Alberta are under control now..Great to hear!,caution_and_advice,canada_wildfires_2016,canada_wildfires_2016_test
364,729795533506793472,"Officials: 2,400 buildings lost in Fort McMurray, Alberta, wildfire - Global Edmonton",infrastructure_and_utility_damage,canada_wildfires_2016,canada_wildfires_2016_test
159,729396493212258304,Best thing Yukoners can do is donate to the Red Cross. This will be a long journey for so many. #ymmfire #Yukon,rescue_volunteering_or_donation_effort,canada_wildfires_2016,canada_wildfires_2016_test
163,729038387898925056,RT @FarmsOfTheWorld: In 1995 the helicopter wildfire crew used our pond to dip water to fight a local fire we were glad to help,rescue_volunteering_or_donation_effort,canada_wildfires_2016,canada_wildfires_2016_dev
442,730078294259961856,RT @TheGrayGroup: Donations for Fort McMurray relief packages can be made at 127 St Peters Rd Charlottetown.  #pei,rescue_volunteering_or_donation_effort,canada_wildfires_2016,canada_wildfires_2016_test
415,728642676631855104,RT @CdnPress: BREAKING: The Red Cross says people have donated $30 million for Alberta wildfire relief  #ymmfire,rescue_volunteering_or_donation_effort,canada_wildfires_2016,canada_wildfires_2016_test
175,729278884491997184,@RMWoodBuffalo @BradRgrainger unbelievable images of your wildfires. Thoughts are with you from Scottish Wildfire Forum in UK. Stay safe.,sympathy_and_support,canada_wildfires_2016,canada_wildfires_2016_dev
388,731207041511907328,RT @LDComputers: You can help! Donate to @redcrosscanada Alberta Wildfire relief in store or online,rescue_volunteering_or_donation_effort,canada_wildfires_2016,canada_wildfires_2016_test
384,732619220647710720,@RachelNotley says privately owned Black Sands Lodge north of #ymm destroyed by wildfire. 665 units lost. Noralta Lodge (3700 units) at risk,infrastructure_and_utility_damage,canada_wildfires_2016,canada_wildfires_2016_test
55,729107770457329664,RT @MrRayhonda: My heart goes out to those who have lost their lives and homes in the massive wildfire in Fort McMurray This is really h,sympathy_and_support,canada_wildfires_2016,canada_wildfires_2016_test
86,729788301763190785,"RT @VancouverSun: B.C. liquor stores raise $240,000 for Alberta wildfire relief",rescue_volunteering_or_donation_effort,canada_wildfires_2016,canada_wildfires_2016_dev
18,729068938026352640,Auction is live! Go to @ymmauction on IG to help raise money for wildfire victims of #fortmac #FortMacFire,rescue_volunteering_or_donation_effort,canada_wildfires_2016,canada_wildfires_2016_test
208,731198180524580865,Looking to contribute to #families affected by the #FortMcMurray Wildfire? Donate now to @SaveChildrenCan:  #ymmfire,rescue_volunteering_or_donation_effort,canada_wildfires_2016,canada_wildfires_2016_dev
71,732777059697623040,#Attawapiskat donates to #FortMcMurray wildfire relief fund  #redcross #cdnpoli #skpoli #sask #yeg #canpoli #youth,rescue_volunteering_or_donation_effort,canada_wildfires_2016,canada_wildfires_2016_test
246,729723892005244928,"On behalf of 200+ co-ops in the CRS, FCL is donating $100,000 to support the Canadian Red Cross’s wildfire relief",rescue_volunteering_or_donation_effort,canada_wildfires_2016,canada_wildfires_2016_test
365,729742095955546112,"Congratulations and thanks to #IngersolOptimists for donation of $1,500.00 for Alberta wildfire victims.",rescue_volunteering_or_donation_effort,canada_wildfires_2016,canada_wildfires_2016_test
204,728644581038788608,12 buildings destroyed in Anzac.#ymm #ymmfire,infrastructure_and_utility_damage,canada_wildfires_2016,canada_wildfires_2016_dev
325,731943542847770625,The #BC Wildfire Service confirms crews are responding to a fire in the Lac Du Bois area off of OConnor Rd. #Kamloops,caution_and_advice,canada_wildfires_2016,canada_wildfires_2016_test
137,733054069502283776,.@RMWoodBuffalo releases higher-resolution before &amp; after pictures to assess wildfire damage #ymmfire,infrastructure_and_utility_damage,canada_wildfires_2016,canada_wildfires_2016_test
146,731494146565754884,RT @NAMB_SBC: Help @SBDRnet provide aid to those affected by Canada wildfire.  #SendRelief,rescue_volunteering_or_donation_effort,canada_wildfires_2016,canada_wildfires_2016_test
176,729188309629571072,RT @NewsBreaksLive: #Rescue #workers #retrieving pets,rescue_volunteering_or_donation_effort,canada_wildfires_2016,canada_wildfires_2016_test
343,728599911202213888,All proceeds donated to the Red Cross for those affected by the Fort Mac. Wildfire. #AlbertaStrong #yymfire,rescue_volunteering_or_donation_effort,canada_wildfires_2016,canada_wildfires_2016_test
85,728676997686276097,Canadian Rental Association calls for donations to Fort McMurray wildfire relief,rescue_volunteering_or_donation_effort,canada_wildfires_2016,canada_wildfires_2016_test
223,728930249585496065,Canadian brewery sends cases of water to wildfire zone: By Charmaine Noronha Associated Press TORONTO — One o,rescue_volunteering_or_donation_effort,canada_wildfires_2016,canada_wildfires_2016_test
79,729183782796988416,@DaniCim Please pray for Fort McMurray its a few hours from where I live it has a massive wildfire up there that would consume most cities.,sympathy_and_support,canada_wildfires_2016,canada_wildfires_2016_test
191,728563327761186818,Fort Mac Wildfire Animal Relief Fund - Edmonton Humane Soc./Alberta SPCA Donation link,rescue_volunteering_or_donation_effort,canada_wildfires_2016,canada_wildfires_2016_dev
21,728981598159282177,RT @mb_adventurist: Wildfires in Nopiming and Whiteshell are spreading. Be careful out there folks. Check for travel bans. #manitoba #backc,caution_and_advice,canada_wildfires_2016,canada_wildfires_2016_test
184,729823911895048192,Winnipeg men rescued from Manitoba-Ontario forest fires,rescue_volunteering_or_donation_effort,canada_wildfires_2016,canada_wildfires_2016_test
124,728572084566249472,@bostonpizza provides hot meals and assistance in Fort McMurray wildfire relief efforts #BBA #Toronto #Food #News,rescue_volunteering_or_donation_effort,canada_wildfires_2016,canada_wildfires_2016_dev
211,735865944627642369,RT @samantha_ef: Giving with style: our favourite! ὄ7  : Join us in supporting @FMSPCA wildfire relief efforts.,rescue_volunteering_or_donation_effort,canada_wildfires_2016,canada_wildfires_2016_dev
83,730487795173576704,"Red Cross dispersal of donations for Fort McMurray includes $600 for each adult, $300 per child",rescue_volunteering_or_donation_effort,canada_wildfires_2016,canada_wildfires_2016_dev
72,728544705865129985,"RT @TheStarPhoenix: From Red Cross donations to radiothons, Saskatchewan steps up to help Fort McMurray evacuees  ht",rescue_volunteering_or_donation_effort,canada_wildfires_2016,canada_wildfires_2016_test
135,728770579273232384,Sending out thoughts and prayers to all those in need who are affected by the wildfire in Fort McMurray.,sympathy_and_support,canada_wildfires_2016,canada_wildfires_2016_dev
378,729141605521723392,"My thoughts are with everyone suffering from wildfire evacuations, from Fort McMurray across Canada",sympathy_and_support,canada_wildfires_2016,canada_wildfires_2016_test
361,728591116686249985,RT @TCDSB: Support relief efforts for victims of Alberta wildfire &amp; earthquake in Ecuador @archtoronto  #TCDSBisFami,rescue_volunteering_or_donation_effort,canada_wildfires_2016,canada_wildfires_2016_test
79,729828329189199876,"Over $240K donated by #BCers at #BCLiquor Stores for #FortMcMurray wildfire relief efforts,  #FortMacFire #Alberta",rescue_volunteering_or_donation_effort,canada_wildfires_2016,canada_wildfires_2016_dev
156,728813857322336257,"RT @albertateachers: Albertas teachers pledge $200,000 for Wildfire Relief.  #abed #ymmfire",rescue_volunteering_or_donation_effort,canada_wildfires_2016,canada_wildfires_2016_dev
15,735635845458350080,Giveaway at 300 followers+Wildfire Fundraiser  Continuing Overwatch #PS4 #Overwatch #Twitch,rescue_volunteering_or_donation_effort,canada_wildfires_2016,canada_wildfires_2016_dev
14,732879117654298625,Help save @WildFireFestUK &amp; donate now! Even a small donation is a big help #LetsDoThis,rescue_volunteering_or_donation_effort,canada_wildfires_2016,canada_wildfires_2016_test
355,732321804228919296,"In support of Fort McMurray wildfire relief, were collecting Red Cross donations for the month of May. Every",rescue_volunteering_or_donation_effort,canada_wildfires_2016,canada_wildfires_2016_test
437,728782837856378880,RT @Reggie_Dunlop7: @ItsRodStebbings Following Rod &amp; his support for all affected by Fort Mac wildfire. Thoughts with all. #ymmfire,sympathy_and_support,canada_wildfires_2016,canada_wildfires_2016_test
109,730592073620062212,on a serious note if you guys want to help the victims of the wildfire in fort Mcmurray theres a link in,rescue_volunteering_or_donation_effort,canada_wildfires_2016,canada_wildfires_2016_dev
139,733704009794637825,Fort McMurray wildfire expands into Saskatchewan :( Our thoughts are with the citizens affected #fortmcmurraystrong,sympathy_and_support,canada_wildfires_2016,canada_wildfires_2016_test
440,729062171993374720,I feel sad Mom &amp; I r donating money to the refugees of Fort Mac &amp; surrounding areas. Wishing we could do more!!,rescue_volunteering_or_donation_effort,canada_wildfires_2016,canada_wildfires_2016_test
206,729445190411255808,Thoughts are with all the Mums &amp; their families today!,sympathy_and_support,canada_wildfires_2016,canada_wildfires_2016_test
36,729074038337851392,"80,000+ Canadians have lost their homes due to a wildfire, so lets try and help them! Please donate! #FortMacFire",rescue_volunteering_or_donation_effort,canada_wildfires_2016,canada_wildfires_2016_dev
83,730544984659759104,RT @CBCToronto: Ontario contributes $500K to Fort McMurray wildfire relief,rescue_volunteering_or_donation_effort,canada_wildfires_2016,canada_wildfires_2016_test
142,730155477519106048,Alberta wildfire: Emergency declared in Fort McMurray - BBC News -,caution_and_advice,canada_wildfires_2016,canada_wildfires_2016_test
380,728599560554053632,Nice to see the folks at #representstreetdance competition taking donations for #wildfire.,rescue_volunteering_or_donation_effort,canada_wildfires_2016,canada_wildfires_2016_test
78,730781434265247746,Lets not forget that in addition to the damage they cause wildfires endanger the lives of wildland firefighters.,caution_and_advice,canada_wildfires_2016,canada_wildfires_2016_dev
56,729050755852861440,Check out this GoFundMe to help the Canadian wildfire victims.,rescue_volunteering_or_donation_effort,canada_wildfires_2016,canada_wildfires_2016_dev
122,732004834648281088,RT @MDGreenview16: Wildfire information alert issued for Little Smoky area residents. An evacuation notice has not been issued.,caution_and_advice,canada_wildfires_2016,canada_wildfires_2016_test
6,728915238121132032,"Foothills family, coming to the PDL game today? Were collecting cash donations for the Red Cross for #FortMcMurray",rescue_volunteering_or_donation_effort,canada_wildfires_2016,canada_wildfires_2016_dev
110,728563498758901760,Amazing piece on the #FortMacFire by Rex Murphy. Please donate to the Red Cross to help those in need.,rescue_volunteering_or_donation_effort,canada_wildfires_2016,canada_wildfires_2016_dev
73,728647062103822337,Im amazed at the provinces response to the #FortMacFire so far. Keep it up #Alberta these people need our help!,sympathy_and_support,canada_wildfires_2016,canada_wildfires_2016_dev
72,730426507491999745,"RT @JAZZFM91: Tonight, artists from #TO’s Latin jazz community are raising funds for victims of the Fort Mac wildfire. Reporter Shirley Cam",rescue_volunteering_or_donation_effort,canada_wildfires_2016,canada_wildfires_2016_dev
104,730081812463104000,#NewBrunswick sending a team of firefighters to #Alberta to help with wildfire relief,rescue_volunteering_or_donation_effort,canada_wildfires_2016,canada_wildfires_2016_dev
441,728733841230311425,This is the best way to help. The Red Cross will ensure the right help will get to people in need. #FortMacFire,rescue_volunteering_or_donation_effort,canada_wildfires_2016,canada_wildfires_2016_test
120,730446135098277892,Damage in wildfire is pegged in the billions of dollars. Will take years to rebuild #ymmfire,infrastructure_and_utility_damage,canada_wildfires_2016,canada_wildfires_2016_dev
43,733172646825746436,"Attawapiskat donates $5,000 to Fort McMurray fire victims  via @huffpostalberta",rescue_volunteering_or_donation_effort,canada_wildfires_2016,canada_wildfires_2016_dev
172,728809947732058112,"RT @thechrisws: Even fire scientists are stunned by the scale of disruption and damage wrought by the fire, @IvanSemeniuk writes:",infrastructure_and_utility_damage,canada_wildfires_2016,canada_wildfires_2016_test
252,729704696273883138,Wildfire Update: Ottawa Promises Income Support | Help to Rebuild Fort McMurray #YMM #ymmfire,rescue_volunteering_or_donation_effort,canada_wildfires_2016,canada_wildfires_2016_test
80,730156745901772800,RT @UrtheCast: Another look at the #FortMcMurray wildfire. All images:  Donations:,rescue_volunteering_or_donation_effort,canada_wildfires_2016,canada_wildfires_2016_test
179,730526660764811264,WTP Assist information for Zurich Canada customers affected by the #FortMcMurray wildfire #YMMfire,rescue_volunteering_or_donation_effort,canada_wildfires_2016,canada_wildfires_2016_dev
38,728646712613605376,"#FortMcMurray wildfire: state of #emergency #declared as #1,600 #buildings #engulfed in flames | via @telegraphnews",infrastructure_and_utility_damage,canada_wildfires_2016,canada_wildfires_2016_dev
99,728854188499705860,Samaritans help rescue horses left by owners who fled #FortMcMurray Video:  @MolotovGirl,rescue_volunteering_or_donation_effort,canada_wildfires_2016,canada_wildfires_2016_dev
117,732280408566534144,"#TheNewsClub Canadian National Railway bridge from Fort McMurray, Alberta. to Edmonton damaged in wildfire - CBC:",infrastructure_and_utility_damage,canada_wildfires_2016,canada_wildfires_2016_test
317,729017990797242370,@AlexYuki70 on . Appreciate your concern here and our thoughts are with all those affected by the wildfire ^MO3/3,sympathy_and_support,canada_wildfires_2016,canada_wildfires_2016_test
39,730725285079879680,Long lineups expected for wildfire relief cards: Hundreds of people will be waiting outside Calgary’s McMahon,rescue_volunteering_or_donation_effort,canada_wildfires_2016,canada_wildfires_2016_test
318,728806631849512960,"RT @WillowKitty_: If youre looking for a cause to donate to, the 80,000 evacuated residents of Fort McMurray could use your help ὉC",rescue_volunteering_or_donation_effort,canada_wildfires_2016,canada_wildfires_2016_test
425,730534255034400769,How the Red Cross will spend funds collected:  #ymm #FortMacFire #ymmfire Fort McMurray via @CBC,rescue_volunteering_or_donation_effort,canada_wildfires_2016,canada_wildfires_2016_test
102,732032405431689216,"Residents hit by Canada wildfire offered app to view damaged homes: Authorities in Alberta, Canada, have laun",infrastructure_and_utility_damage,canada_wildfires_2016,canada_wildfires_2016_dev
291,735879768839589890,RT @JenCrosby: LIVE right now - details of #ymmfire aid concert:,rescue_volunteering_or_donation_effort,canada_wildfires_2016,canada_wildfires_2016_test
114,729158685306408960,"RT @rconspiracy: Fort McMurray wildfire: Airport in danger, state of emergency declared",caution_and_advice,canada_wildfires_2016,canada_wildfires_2016_dev
279,728633905411141632,Pincher Creek Co-op has a donation bin for wildfire relief  #ad #coop #community,rescue_volunteering_or_donation_effort,canada_wildfires_2016,canada_wildfires_2016_test
281,730400470200659970,Volunteers provide pet care for #FortMcMurray wildfire evacuees:,rescue_volunteering_or_donation_effort,canada_wildfires_2016,canada_wildfires_2016_test
356,733354992816394241,RT @DreamstormPoet: Dancers raise funds for families affected by #FortMcMurray #wildfire @PortTheatre #Nanaimo  htt,rescue_volunteering_or_donation_effort,canada_wildfires_2016,canada_wildfires_2016_test
89,728654281038020608,"#FortMcMurray wildfire: First #clearsatelliteimagesshow deserted streets, burned homes",infrastructure_and_utility_damage,canada_wildfires_2016,canada_wildfires_2016_dev
189,732000848755089410,RT @cganders: Ill just be casually ignoring the entire city that was literally destroyed by wildfire prior to forest fire season,infrastructure_and_utility_damage,canada_wildfires_2016,canada_wildfires_2016_dev
62,729354771916709888,Edmonton Food Bank on #Yelp: Current urgent needs for Wildfire response 2016,rescue_volunteering_or_donation_effort,canada_wildfires_2016,canada_wildfires_2016_dev
5,729038418823372800,"RT @reporterchris: The @NHL is donating $100,000 to the Canadian Red Cross in support of the wildfire relief efforts in Fort McMurray. Brav",rescue_volunteering_or_donation_effort,canada_wildfires_2016,canada_wildfires_2016_dev
185,728996323345620992,Alberta-bound truck filling up w/ donations to help wildfire evacuees. Parked @ Inkster &amp; Brookside till 9pm#ctvwpg,rescue_volunteering_or_donation_effort,canada_wildfires_2016,canada_wildfires_2016_dev
237,732980377636241408,So thankful to have Mayor Mitchell out supporting our fundraiser for Ft McMurray wildfire victims@DurhamDSB #carwash,rescue_volunteering_or_donation_effort,canada_wildfires_2016,canada_wildfires_2016_test
100,732864799302881280,#Attawapiskat makes $5K donation to Alta. wildfire relief: Red Cross  #fortmcmurray #firstnation,rescue_volunteering_or_donation_effort,canada_wildfires_2016,canada_wildfires_2016_test
128,730144153107988480,"Thanks, @planetlabs for releasing more images to help emergency crews.  #FortMacFire #FortMcMurray",sympathy_and_support,canada_wildfires_2016,canada_wildfires_2016_test
86,729099553547243521,RT @SuzanneTWN: Some good news on another tough day for #YMMfire crews. $44 million raised for Fort McMurray Wildfire Relief. /,rescue_volunteering_or_donation_effort,canada_wildfires_2016,canada_wildfires_2016_test
213,730481527713189888,"Provincial government, Red Cross start distributing emergency funds to wildfire evacuees: The Alberta Governm",rescue_volunteering_or_donation_effort,canada_wildfires_2016,canada_wildfires_2016_test
171,732971093137317889,Donations in support of the Fort McMurray wildfire evacuees being prepared for complimentary shipment #ymm #vankam,rescue_volunteering_or_donation_effort,canada_wildfires_2016,canada_wildfires_2016_dev
182,728753641490911232,RT @sluuby: Our partners at Labatt stopped beer production to ship out drinking water. #Nice  #Nice,rescue_volunteering_or_donation_effort,canada_wildfires_2016,canada_wildfires_2016_dev
195,729411491992993792,Russia wildfire aid offer still in limbo: Russian offer to send heavy water bombers to fight Fort Mac fire in limbo,rescue_volunteering_or_donation_effort,canada_wildfires_2016,canada_wildfires_2016_test
390,733086762646413313,Great post. #FortMcMurray @ScottieUpshall reflects on the damage to his hometown in the @PlayersTribune. #ymmfire,infrastructure_and_utility_damage,canada_wildfires_2016,canada_wildfires_2016_test
7,735178846849404928,U.S. #wildfires have already burned 5 times as much acreage as last year at this time:,infrastructure_and_utility_damage,canada_wildfires_2016,canada_wildfires_2016_dev
305,731663409805176832,Canadian Airlines Are Bending The Rules For Wildfire Victims And Their Pets,rescue_volunteering_or_donation_effort,canada_wildfires_2016,canada_wildfires_2016_test
165,730559540220039168,Ontario provides $500K for wildfire relief.,rescue_volunteering_or_donation_effort,canada_wildfires_2016,canada_wildfires_2016_test
87,732259384395452416,REVISED: Satellite maps provide survey of wildfire damage Albertans can use an online mapping application to,infrastructure_and_utility_damage,canada_wildfires_2016,canada_wildfires_2016_test
134,729813856248193025,Max and Ballard are raising $ for Fort McMurray Wildfire Relief:,rescue_volunteering_or_donation_effort,canada_wildfires_2016,canada_wildfires_2016_test
186,733520151077773313,@BrianJeanWRP shows grace and resolve under pressure.,rescue_volunteering_or_donation_effort,canada_wildfires_2016,canada_wildfires_2016_test
81,729334461762961409,RT @twittem: Inspired by #FortMac 100% of proceeds from this Alberta Wildfire Relief tee will benefit Canadian Red Cross #ymmfire,rescue_volunteering_or_donation_effort,canada_wildfires_2016,canada_wildfires_2016_test
419,730216623588548608,Fort McMurray wildfire cuts Canadas oil output by a third: Blaze that partly destroyed city has temporarily,infrastructure_and_utility_damage,canada_wildfires_2016,canada_wildfires_2016_test
156,728650323879964672,RT @cfax1070: Island woman drives truck load of donations for Fort McMurray wildfire evacuees #yyj,rescue_volunteering_or_donation_effort,canada_wildfires_2016,canada_wildfires_2016_test
366,733294158475976704,Textron Systems Donates to Canadian Wildfire Relief,rescue_volunteering_or_donation_effort,canada_wildfires_2016,canada_wildfires_2016_test
3,733688875529293824,Beatton Airport Road wildfire in northern B.C. leaves a patchwork of damage -  #VernonNews,infrastructure_and_utility_damage,canada_wildfires_2016,canada_wildfires_2016_dev
98,729699540656259073,RT @sierraclub: Alberta officials to inspect town ravaged by Canadian wildfire: Power grid is damaged &amp; the water is undrinkable /,infrastructure_and_utility_damage,canada_wildfires_2016,canada_wildfires_2016_test
186,728990152710819841,James Taylor to donate concert proceeds to help wildfire victims | Ottawa &amp; Regi,rescue_volunteering_or_donation_effort,canada_wildfires_2016,canada_wildfires_2016_dev
118,729732224459776001,The best thing you can do for victims of the Fort McMurray wildfire is to listen,sympathy_and_support,canada_wildfires_2016,canada_wildfires_2016_dev
312,730499766661066752,#FortMcMurray update: Red Cross gives $50M &amp; Alberta gives $100M in emergency funding.,rescue_volunteering_or_donation_effort,canada_wildfires_2016,canada_wildfires_2016_test
216,728579161753845760,"A big thank you to all @LondonDrugs customers! You have donated $15,000 to @redcrosscanada for wildfire relief! #MuchLove",rescue_volunteering_or_donation_effort,canada_wildfires_2016,canada_wildfires_2016_test
97,732752772253265921,"RT @CharlieAngusNDP: Attawapiskat residents raised $5,000 to help Fort McMurray. James Bay communities have big big hearts ready to help ht",rescue_volunteering_or_donation_effort,canada_wildfires_2016,canada_wildfires_2016_dev
29,730907859207086080,Focus turns to recovery as damage inspectors move in to Fort McMurray  #ymmfire,infrastructure_and_utility_damage,canada_wildfires_2016,canada_wildfires_2016_dev
294,733903030660173825,"Alberta: Wildfire alert earlier in the week, winter storm warning later in the week.",caution_and_advice,canada_wildfires_2016,canada_wildfires_2016_test
5,729510573235417088,Labatt brewing water for Fort McMurray relief. #labatts,rescue_volunteering_or_donation_effort,canada_wildfires_2016,canada_wildfires_2016_test
429,732607730075176965,Extended VIDEO: Media tour of #FortMcMurray damage from #wildfire  #ymmfire,infrastructure_and_utility_damage,canada_wildfires_2016,canada_wildfires_2016_test
65,730834506320515072,Alberta law firms offer generous support to wildfire victims: As wildfires in and around Fort McMurray begin,rescue_volunteering_or_donation_effort,canada_wildfires_2016,canada_wildfires_2016_dev
61,728723712418123776,RT @ImpactBrassSA: UPDATE: tomorrows concert will be a fundraiser for wildfire relief efforts out in Alberta. Please come out and support,rescue_volunteering_or_donation_effort,canada_wildfires_2016,canada_wildfires_2016_test
251,728641629641281536,RT @ETCanada: Celebs react to #FortMacFire — @TorrensJonathan offers travel assistance for East Coasters  .,rescue_volunteering_or_donation_effort,canada_wildfires_2016,canada_wildfires_2016_test
31,729459551078993922,"Russia says it will send water bombers to fight the flames, but Canada hasnt said whether were goi  via @cbcnews",rescue_volunteering_or_donation_effort,canada_wildfires_2016,canada_wildfires_2016_test
444,729526488366616576,These heroes brought students to their families even when it meant being separated from their own #albertastrong,rescue_volunteering_or_donation_effort,canada_wildfires_2016,canada_wildfires_2016_test
214,729200167161716736,State of emergency declared after wildfire in Fort McMurray – video report,caution_and_advice,canada_wildfires_2016,canada_wildfires_2016_dev
320,730880615222902784,Dont forget that for the entire month of May @MCRCI will donate $5 of every membership to Fort McMurray wildfire,rescue_volunteering_or_donation_effort,canada_wildfires_2016,canada_wildfires_2016_test
409,730485317673746434,"CUPE BC donates $20,000 to Fort McMurray wildfire relief fund #FortMcMurray",rescue_volunteering_or_donation_effort,canada_wildfires_2016,canada_wildfires_2016_test
438,729854302898913281,Make sure you fill up and keep a full tank cause- evacuation time,caution_and_advice,canada_wildfires_2016,canada_wildfires_2016_test
314,728568126393176064,"Fed. gov. will match Red Cross donations for #FortMacFire. I donated today, see how you can help 80,000 evacuees.",rescue_volunteering_or_donation_effort,canada_wildfires_2016,canada_wildfires_2016_test
420,728685371706331136,"Very proud to announce that @WoodAutomotive is donating $20,000 to the #FortMcMurray wildfire relief effort.",rescue_volunteering_or_donation_effort,canada_wildfires_2016,canada_wildfires_2016_test
211,735592857428451329,In The Press – Donations to the Red Cross for wildfire relief exceed $100M: As much of Alberta experienced a wet,rescue_volunteering_or_donation_effort,canada_wildfires_2016,canada_wildfires_2016_test
43,728624787191402496,Coronation has donated to the Red Cross to support Alberta Wildfire relief. PLEASE follow this link and donate.,rescue_volunteering_or_donation_effort,canada_wildfires_2016,canada_wildfires_2016_test
330,733108386229686272,RT @DianeUnitedWay: Great story by YMM native @ScottieUpshall as he reflects on the damage to his hometown in the @PlayersTribune,infrastructure_and_utility_damage,canada_wildfires_2016,canada_wildfires_2016_test
69,729488477855748097,Just donated to help animals affected by the Fort McMurray fire.The money goes to help&amp;rescue these poor fur babies.,rescue_volunteering_or_donation_effort,canada_wildfires_2016,canada_wildfires_2016_dev
346,728792468632702976,"Already devastated by oil prices with houses up for sale, could this be a way out for many residents of Ft Mac?",infrastructure_and_utility_damage,canada_wildfires_2016,canada_wildfires_2016_test
220,731228745944563712,Want to help Covenant Bay Camp house a number of families relocated from AB wildfires? Give thru Commons Church:,rescue_volunteering_or_donation_effort,canada_wildfires_2016,canada_wildfires_2016_dev
173,730454156364894209,Premier says she hopes to give more information to Fort McMurray residents on re-entry to evacuated areas within 2,caution_and_advice,canada_wildfires_2016,canada_wildfires_2016_test
149,729452348762808321,"Buildings destroyed by a wildfire in Fort McMurray, Alberta are shown in this May 6, 2016, handout still from video.",infrastructure_and_utility_damage,canada_wildfires_2016,canada_wildfires_2016_test
61,732627306632515584,Overwhelmed with the donations that keep coming in :) Thx guys youre the best!,rescue_volunteering_or_donation_effort,canada_wildfires_2016,canada_wildfires_2016_dev
152,733710390723416064,RT @DrGurdeepParhar: Try to avoid human-caused forest fires,caution_and_advice,canada_wildfires_2016,canada_wildfires_2016_test
32,733316116844445696,RT @madelinemerlo: Doing a pop up show for The Red Cross Alberta Wildfire Relief!!!,rescue_volunteering_or_donation_effort,canada_wildfires_2016,canada_wildfires_2016_dev
220,729306616890187776,"RT @sam_theplumber: Here is a comparison of the size of this out of control fire. Please donate, the people need our help #yymfire /",rescue_volunteering_or_donation_effort,canada_wildfires_2016,canada_wildfires_2016_test
170,728642042230870016,"RT @ThisBoyTV: cheers! #Saskatchewan donating $250,000 to help Fort McMurray #ymmhelp victims",rescue_volunteering_or_donation_effort,canada_wildfires_2016,canada_wildfires_2016_dev
58,729686157110456320,Victoria Playhouse #Petrolia #Lambton donated opening night proceeds to wildfire relief in Fort McMurray,rescue_volunteering_or_donation_effort,canada_wildfires_2016,canada_wildfires_2016_test
88,728686172453511168,RT @KidsArt4aCause: Hoping #ymm can combat #wildfire and support all affected. (Art by @gslakie last fall to support @redcrosscanada),sympathy_and_support,canada_wildfires_2016,canada_wildfires_2016_dev
286,729100076560297985,RT @neckthai: Very cool of #indycar star @Hinchtown to donate his #GPofIndy winnings to Alberta fire relief. Hoping for #big bucks /,rescue_volunteering_or_donation_effort,canada_wildfires_2016,canada_wildfires_2016_test
97,730994089395511297,Well deserved. The effort from emergency services is awe-inspiring. Self care important to continue fight #ymmfire,rescue_volunteering_or_donation_effort,canada_wildfires_2016,canada_wildfires_2016_test
247,732942753500266496,Trevor Robb: U of Alberta students create bursary for post-secondary students affected by Fort McMurray wildfire,rescue_volunteering_or_donation_effort,canada_wildfires_2016,canada_wildfires_2016_test
313,732688427381051392,Oilsands workcamp destroyed as Alberta wildfire shifts north #ymmfire,infrastructure_and_utility_damage,canada_wildfires_2016,canada_wildfires_2016_test
203,731337457908637696,I love that the kitty survived.,sympathy_and_support,canada_wildfires_2016,canada_wildfires_2016_test
399,728961497179815936,"Celebs, PM Trudeau Offer Support For Those Affected By Fort McMurray Wildfire Crisis",rescue_volunteering_or_donation_effort,canada_wildfires_2016,canada_wildfires_2016_test
45,731940349506002944,Alberta government releases #FortMcMurray wildfire damage surveillance app,infrastructure_and_utility_damage,canada_wildfires_2016,canada_wildfires_2016_test
42,728747480893018112,NHL donating $100K to Fort McMurray wildfire relief #Canada #Toronto #Alberta #hamont  (via  ),rescue_volunteering_or_donation_effort,canada_wildfires_2016,canada_wildfires_2016_dev
29,728601875444944897,@atbfinancial 2/2 the wildfire situation if I were to win please donate it to the Red Cross #FriendshipPays,rescue_volunteering_or_donation_effort,canada_wildfires_2016,canada_wildfires_2016_test
2,730510385544085505,RT @globeandmail: Red Cross to transfer $50-million to evacuees from Fort McMurray wildfire,rescue_volunteering_or_donation_effort,canada_wildfires_2016,canada_wildfires_2016_test
287,730823840276840448,"RT @DJW129: CUPE divisions and locals are supporting Fort McMurray Relief, with proceeds going directly to communities impacted. .",rescue_volunteering_or_donation_effort,canada_wildfires_2016,canada_wildfires_2016_test
406,729870630749757440,Media tour Fort McMurray to survey wildfire damage: Journalists on an escorted tour of Fort McMurray on Monday saw,infrastructure_and_utility_damage,canada_wildfires_2016,canada_wildfires_2016_test
91,731653769021231105,"RT @SaveChildrenCan: Were readying our 3 Child Friendly Spaces today, welcoming #kids &amp; #families affected by the wildfire. #ymmfire",rescue_volunteering_or_donation_effort,canada_wildfires_2016,canada_wildfires_2016_test
296,728563923029495808,"Please help our fellow Canadians, donate today to the Canadian Red Cross and Feds will match all donations",rescue_volunteering_or_donation_effort,canada_wildfires_2016,canada_wildfires_2016_test
150,733344517261295616,The Executives Quartet from Alberta is raising funds for the victims of the wildfire in their province. Half of,rescue_volunteering_or_donation_effort,canada_wildfires_2016,canada_wildfires_2016_dev
191,729621224184119297,Single tweet confirms woman’s Fort McMurray home was destroyed in wildfire: Meranda Bos is among few Fort McM,infrastructure_and_utility_damage,canada_wildfires_2016,canada_wildfires_2016_test
375,729509969247260672,#JamesTaylor feels compelled to help #Alberta wildfire relief efforts #Calgary,rescue_volunteering_or_donation_effort,canada_wildfires_2016,canada_wildfires_2016_test
125,729692623636561920,CFAX 1070 - Saanich Councillor thinks large scale concert a good idea to fundraise for wildfire victims,rescue_volunteering_or_donation_effort,canada_wildfires_2016,canada_wildfires_2016_test
136,732692543243223041,"Pizza pays out $12,700 for wildfire relief | The Sherbrooke Record",rescue_volunteering_or_donation_effort,canada_wildfires_2016,canada_wildfires_2016_dev
200,733395749971492865,#ymmfire officially exceeds total damage of 2015 AB wildfire season  #rmwb @Mix1037radio,infrastructure_and_utility_damage,canada_wildfires_2016,canada_wildfires_2016_dev
73,728636346005217281,"RT @CBCEdmonton: A cold one, on us: Labatt Breweries producing canned water for Fort McMurray evacuees  #yeg",rescue_volunteering_or_donation_effort,canada_wildfires_2016,canada_wildfires_2016_test
277,729887212439900161,"RT @Synergycu: We are proud to launch our Wildfire Relief Program, for those affected by #ymmfires",rescue_volunteering_or_donation_effort,canada_wildfires_2016,canada_wildfires_2016_test
167,731950837514133505,REVISED: Satellite maps provide survey of wildfire damage | Alberta.ca,infrastructure_and_utility_damage,canada_wildfires_2016,canada_wildfires_2016_test
142,728785002343870464,@CPSA_CA extends solidarity w/ Members affected by #ymmfires. CPSA updates available at  Donate at redcross.ca,rescue_volunteering_or_donation_effort,canada_wildfires_2016,canada_wildfires_2016_dev
16,730004711835840512,"The @WaterlooMasjid is raising money for people affected by the Fort McMurray wildfire. At 810, @CBCKW891 hears why they decided to help.",rescue_volunteering_or_donation_effort,canada_wildfires_2016,canada_wildfires_2016_dev
51,729091460335689728,"@realDonaldTrump can you donate $ towards the out of control wildfire in Fort Mac, Alberta? #ymmfire #ymm",rescue_volunteering_or_donation_effort,canada_wildfires_2016,canada_wildfires_2016_dev
121,729380845606207488,Rachel Notley says Fort McMurray wildfire not spreading as fast as feared this weekend. Suncor facility not damaged. $SU,caution_and_advice,canada_wildfires_2016,canada_wildfires_2016_test
106,728754024892252160,"RT @d_iamondemoji: the transit in the KW is allowing donations through their texting service as well, so probably other cities will! :",rescue_volunteering_or_donation_effort,canada_wildfires_2016,canada_wildfires_2016_dev
382,728683337812955136,Boston Pizza (@bostonpizza) provides hot meals &amp; assistance in #FortMcMurray wildfire relief efforts #ymmfire,rescue_volunteering_or_donation_effort,canada_wildfires_2016,canada_wildfires_2016_test
124,729440732965113858,"Fort McMurray Update: Russia offers water bombers, specialists to help fight wildfire in Fort McMurray, Alberta -",rescue_volunteering_or_donation_effort,canada_wildfires_2016,canada_wildfires_2016_test
187,733186364615729152,#Senators Wire: NHL teams assist in Fort McMurray relief efforts,rescue_volunteering_or_donation_effort,canada_wildfires_2016,canada_wildfires_2016_test
283,728659547448090624,Wildfire Relief  Fund set up by @FellowshipNatl to assist those devastated by wildfires. #AlbertaStrong,rescue_volunteering_or_donation_effort,canada_wildfires_2016,canada_wildfires_2016_test
407,729187763505897472,Fort McMurray Wildfire: East Coast musicians raising money for Fort McMurray relief,rescue_volunteering_or_donation_effort,canada_wildfires_2016,canada_wildfires_2016_test
18,728795830505734144,and people are asking why should i donate .,rescue_volunteering_or_donation_effort,canada_wildfires_2016,canada_wildfires_2016_dev
89,732624421538697218,#BC #Sikhs drive $1 million in aid to #FortMac #wildfire evacuees:  #bcpoli #SikhFederation,rescue_volunteering_or_donation_effort,canada_wildfires_2016,canada_wildfires_2016_test
115,729010323894632448,⚡️ Fort McMurray wildfire could double in size this weekend help by donating to the red cross Please,rescue_volunteering_or_donation_effort,canada_wildfires_2016,canada_wildfires_2016_test
381,730357802581925889,RT @ClimateCentral: This video shows apocalyptic wildfire damage in Fort McMurray  #FortMacFire,infrastructure_and_utility_damage,canada_wildfires_2016,canada_wildfires_2016_test
143,730868410763116545,So overwhelming when you donate $5 to Canadian Red Cross for the people of Alberta Wildfire ὠ7 May Godbless you ὠ7ὠA❤️ #AlbertaStrong,rescue_volunteering_or_donation_effort,canada_wildfires_2016,canada_wildfires_2016_test
348,728680645887549440,Syrians chased out of country helping #ymmfire residents chased out of homes. #yeg,sympathy_and_support,canada_wildfires_2016,canada_wildfires_2016_test
239,730867849657495554,"My family donated $150 to the red cross, I wish luck for those who are helping to stop the Wildfire that started in Fort Mcmurrary",rescue_volunteering_or_donation_effort,canada_wildfires_2016,canada_wildfires_2016_test
306,728672387982499840,"Fort McMurray Wildfire 2016 (Ad Revenue Donated, PLEASE SHARE) Help The Province Of Alberta!!!",rescue_volunteering_or_donation_effort,canada_wildfires_2016,canada_wildfires_2016_test
154,729012870931988481,RT @CharityMcGrath1: We are still keeping #FortMcMurray residents &amp; fire fighters in our thoughts &amp; prayers @mukundpurohit #Ontario,sympathy_and_support,canada_wildfires_2016,canada_wildfires_2016_dev
205,729153892911583234,@WWETheBigShow have you donated to help aid people affected by the wildfire?,rescue_volunteering_or_donation_effort,canada_wildfires_2016,canada_wildfires_2016_test
96,732744012969484289,Fort McMurray wildfire: Oilsands work camp destroyed as flames threaten other sites – Globalnews.ca,infrastructure_and_utility_damage,canada_wildfires_2016,canada_wildfires_2016_dev
126,730140369401208832,"Charities on-site collecting donations, live br",rescue_volunteering_or_donation_effort,canada_wildfires_2016,canada_wildfires_2016_test
152,728731227667103744,RT @dbpromotionsca: Thank you to our American friends the @StLouisBlues for their kindness and compassion. #ymmfire #ymm #FortMacFire http,sympathy_and_support,canada_wildfires_2016,canada_wildfires_2016_dev
21,733004560239841280,655-unit oilsands work camp near Fort McMurray destroyed by wildfire,infrastructure_and_utility_damage,canada_wildfires_2016,canada_wildfires_2016_dev
28,733367125058936832,Albertas beast of a wildfire carves a new path of destruction,infrastructure_and_utility_damage,canada_wildfires_2016,canada_wildfires_2016_dev
316,732958972802662400,RT @i_newsnow: #Attawapiskat Donates To #FortMcMurray Fire Victims #news #FortMacFire #ymmfire,rescue_volunteering_or_donation_effort,canada_wildfires_2016,canada_wildfires_2016_test
163,730276279887400963,Canadian authorities to airlift thousands trapped by wildfires #worldnews #actu,rescue_volunteering_or_donation_effort,canada_wildfires_2016,canada_wildfires_2016_test
422,729334265025052673,Fundraising efforts are taking place across the country. They included a lemonade stand in Etobicoke  via @cbcnews,rescue_volunteering_or_donation_effort,canada_wildfires_2016,canada_wildfires_2016_test
103,728993596217696257,@dan_aykroyd Please encourage Canadian celebrities to help with the Fort McMurray Wildfire disaster. #ymmfire #ymm #ymmstrong #ymmhelps,rescue_volunteering_or_donation_effort,canada_wildfires_2016,canada_wildfires_2016_test
143,729733145793331201,RT @211Ontario: How can Ontario residents help the victims of the Fort McMurray Wildfire?,rescue_volunteering_or_donation_effort,canada_wildfires_2016,canada_wildfires_2016_dev
257,734120563782733824,"RT @Mix1037FMNews: Fire west of Janvier burning out of control, says province  #ymmfire #rmwb @Mix1037radio /",caution_and_advice,canada_wildfires_2016,canada_wildfires_2016_test
57,732990269197451264,Wildfire now 4x size of New York City: The mammoth inferno devastating northern Alberta has now destroyed mor,infrastructure_and_utility_damage,canada_wildfires_2016,canada_wildfires_2016_dev
137,730448638418132992,RT @CBCPolitics: Details released on dispersal of $60M collected by Red Cross for Fort McMurray  #cdnpoli #hw,rescue_volunteering_or_donation_effort,canada_wildfires_2016,canada_wildfires_2016_dev
63,729870945125441536,RT @sconaserves: Finished a 30-level Diploma course? Msg us for a contact email to donate your notes to Gr. 12 wildfire evacuees. #AlbertaS,rescue_volunteering_or_donation_effort,canada_wildfires_2016,canada_wildfires_2016_test
233,731249767108497408,"RT @preemptivelove: Syrian #refugees raise money for Canadian wildfire survivors, and more. Its #PeacemakerFriday.",rescue_volunteering_or_donation_effort,canada_wildfires_2016,canada_wildfires_2016_test
225,730492201122177024,Whiteshell wildfire has reached the tunnel between North Cross and South Cross lakes (Nick Martin) @WinnipegNews,caution_and_advice,canada_wildfires_2016,canada_wildfires_2016_dev
19,728585958132727808,Just to give you an idea of the size of the path of destruction the Fort Mac wildfire has caused. Scary stuff. :( dh,infrastructure_and_utility_damage,canada_wildfires_2016,canada_wildfires_2016_test
324,729408737589473281,EXTENDED: Aerial footage shows devastation of #FortMcMurray wildfire damage:,infrastructure_and_utility_damage,canada_wildfires_2016,canada_wildfires_2016_test
418,729934254025547778,RT @AngelaKorras: Damage less than feared as Canada wildfire slows down,infrastructure_and_utility_damage,canada_wildfires_2016,canada_wildfires_2016_test
272,728574867843452928,RT @CBCPolitics: BREAKING | Ottawa will match Red Cross donations for Fort McMurray wildfire efforts  #cdnpoli,rescue_volunteering_or_donation_effort,canada_wildfires_2016,canada_wildfires_2016_test
241,735212289930891265,Samaritans Purses Disaster Response Unit arrives in Fort McMurray today to help wildfire victims. Donate here:,rescue_volunteering_or_donation_effort,canada_wildfires_2016,canada_wildfires_2016_test
93,729284197441933312,"RT @Digitalnun: Praying for all tweeps, esp those celebrating Ascension today, and for the well-being of all affected by the wildfire in Ca",sympathy_and_support,canada_wildfires_2016,canada_wildfires_2016_test
105,728913403717115905,The beast is getting harder to tame. Please donate. PM Trudeau will match donations to @redcrosscanada,rescue_volunteering_or_donation_effort,canada_wildfires_2016,canada_wildfires_2016_dev
349,731301080437415936,RT @RMEHQ: Glacier pledges support for wildfire disaster relief #FortMcMurray #RME,rescue_volunteering_or_donation_effort,canada_wildfires_2016,canada_wildfires_2016_test
342,728738932909875204,Northwestern Ontario Wildfire Update – May 6 2016: THUNDER BAY – Fire UPDATE – The fire,caution_and_advice,canada_wildfires_2016,canada_wildfires_2016_test
266,728753080741834752,RT @BlueJaysfanTO: Blue Jays create auction for wildfire victims: The Blue Jays have created a special auction of memo,rescue_volunteering_or_donation_effort,canada_wildfires_2016,canada_wildfires_2016_test
360,730524748682166273,CUPE divisions donate to Fort McMurray wildfire relief fund,rescue_volunteering_or_donation_effort,canada_wildfires_2016,canada_wildfires_2016_test
403,728629367996321792,RT @commacontrol: #Durham folks wanting to aid #FortMcMurray folks can do so through @RedCrossDurham #wildfire  http,rescue_volunteering_or_donation_effort,canada_wildfires_2016,canada_wildfires_2016_test
352,728740355311583233,"RT @seawayband: If you can, please donate to help with Alberta wildfire relief. All donations are matched by the CDN government. .",rescue_volunteering_or_donation_effort,canada_wildfires_2016,canada_wildfires_2016_test
201,728548864186327040,RT @BreakingNSNews: Rapper Classified donating song proceeds to wildfire relief efforts in Fort McMurray: Nova Scotia rapper Classified ht,rescue_volunteering_or_donation_effort,canada_wildfires_2016,canada_wildfires_2016_dev
93,729109162223927297,"RT @amea2014: Wildfire destroys Fort McMurray homes, mo",infrastructure_and_utility_damage,canada_wildfires_2016,canada_wildfires_2016_dev
